cell_id,date,lead_days,province,lat,lon,temp,rh,ws,precip,fwi,risk,large_risk,clim_month_rate,risk_vs_normal,rank_in_day,in_top_decile
43_-65,2026-09-15,0,New Brunswick,43.5,-64.5,19.176033784419264,60.8380817453491,10.137795156320994,0.0,0.5062789108120467,0.0034599912,0.00010140445,0.00196078431372549,1.764595506247133,387,0
43_-65,2026-09-16,1,New Brunswick,43.5,-64.5,16.9,87.0,3.6,0.0,0.38727280691605703,0.0022243848,0.0,0.00196078431372549,1.1344362515956163,480,0
43_-65,2026-09-17,2,New Brunswick,43.5,-64.5,15.8,88.0,8.9,0.0,0.5941531495546256,0.003292181,0.0,0.00196078431372549,1.6790123423561454,455,0
43_-65,2026-09-18,3,New Brunswick,43.5,-64.5,16.3,96.0,27.7,5.71,0.015525278729209458,0.0015167142,0.0,0.00196078431372549,0.7735242554917932,535,0
43_-65,2026-09-19,4,New Brunswick,43.5,-64.5,12.3,58.0,26.7,0.0,0.9660762539277233,0.0015167142,0.0,0.00196078431372549,0.7735242554917932,531,0
43_-65,2026-09-20,5,New Brunswick,43.5,-64.5,13.7,62.0,18.8,0.0,1.8378069454936588,0.0020446682,0.0,0.00196078431372549,1.0427807760424912,482,0
43_-65,2026-09-21,6,New Brunswick,43.5,-64.5,14.1,82.0,21.0,10.5,0.07265064129399143,0.0015167142,0.0,0.00196078431372549,0.7735242554917932,554,0
43_-65,2026-09-22,7,New Brunswick,43.5,-64.5,12.0,57.0,24.7,0.0,0.9666717775457806,0.0020446682,0.0,0.00196078431372549,1.0427807760424912,509,0
43_-66,2026-09-15,0,New Brunswick,43.5,-65.5,18.186211471209734,71.9989520164756,10.238452152605733,0.0,0.10515643126980155,0.017114606,0.00016979082,0.029411764705882353,0.5818965956568718,107,0
43_-66,2026-09-16,1,New Brunswick,43.5,-65.5,20.3,54.0,4.0,0.0,0.3368065007820284,0.020055054,0.00019753922,0.029411764705882353,0.6818718276917934,85,0
43_-66,2026-09-17,2,New Brunswick,43.5,-65.5,16.6,87.0,8.9,0.0,0.5295238750327289,0.021778585,0.00019753922,0.029411764705882353,0.7404719032347202,95,0
43_-66,2026-09-18,3,New Brunswick,43.5,-65.5,16.2,97.0,13.0,6.029999999999999,0.0020217570465990136,0.01158889,0.00016979082,0.029411764705882353,0.39402226358652115,159,0
43_-66,2026-09-19,4,New Brunswick,43.5,-65.5,13.7,48.0,18.5,0.0,0.5716842335350222,0.016953317,0.00016979082,0.029411764705882353,0.5764127932488918,143,0
43_-66,2026-09-20,5,New Brunswick,43.5,-65.5,14.2,53.0,12.0,0.0,0.8887305994213774,0.019046638,0.00016979082,0.029411764705882353,0.6475856974720955,131,0
43_-66,2026-09-21,6,New Brunswick,43.5,-65.5,16.5,68.0,12.1,7.300000000000001,0.18856776981985984,0.01158889,0.00016979082,0.029411764705882353,0.39402226358652115,178,0
43_-66,2026-09-22,7,New Brunswick,43.5,-65.5,14.2,41.0,15.1,0.0,0.9093759658950363,0.024334805,0.00016979082,0.029411764705882353,0.8273833729326725,111,0
43_-67,2026-09-15,0,New Brunswick,43.5,-66.5,18.978340392123766,63.59827269663332,8.68113000031667,0.0,0.12466155984058089,0.005107495,0.00010140445,0.00980392156862745,0.520964490249753,303,0
43_-67,2026-09-16,1,New Brunswick,43.5,-66.5,12.8,93.0,14.0,0.0,0.2740726883519111,0.00510037,0.00010140445,0.00980392156862745,0.5202377317473292,314,0
43_-67,2026-09-17,2,New Brunswick,43.5,-66.5,12.9,94.0,13.4,0.0,0.3819733109618425,0.005107495,0.00010140445,0.00980392156862745,0.520964490249753,281,0
43_-67,2026-09-18,3,New Brunswick,43.5,-66.5,13.8,99.0,22.9,7.03,0.00011582912773435615,0.0034599912,0.0,0.00980392156862745,0.3529191012494266,340,0
43_-67,2026-09-19,4,New Brunswick,43.5,-66.5,9.6,73.0,32.3,0.0,0.32740680976786785,0.0034599912,0.0,0.00980392156862745,0.3529191012494266,345,0
43_-67,2026-09-20,5,New Brunswick,43.5,-66.5,12.3,74.0,16.2,0.0,0.5246056587326122,0.0034599912,0.0,0.00980392156862745,0.3529191012494266,353,0
43_-67,2026-09-21,6,New Brunswick,43.5,-66.5,11.1,89.0,33.9,6.7,0.05465868860884143,0.0034599912,0.0,0.00980392156862745,0.3529191012494266,370,0
43_-67,2026-09-22,7,New Brunswick,43.5,-66.5,10.3,63.0,36.1,0.0,1.85129385019494,0.0039100684,0.0,0.00980392156862745,0.3988269791007042,378,0
44_-63,2026-09-15,0,New Brunswick,44.5,-62.5,19.977929960177747,60.83395526258354,8.78714927124695,0.008693816464314765,0.36924757253889423,0.0034599912,0.0,0.0,,388,0
44_-63,2026-09-16,1,New Brunswick,44.5,-62.5,16.5,73.0,10.7,0.0,0.6321823535630079,0.002782071,0.0,0.0,,468,0
44_-63,2026-09-17,2,New Brunswick,44.5,-62.5,16.9,83.0,10.1,0.0,0.777636973395357,0.0020446682,0.0,0.0,,498,0
44_-63,2026-09-18,3,New Brunswick,44.5,-62.5,16.6,77.0,31.0,14.1,0.3090142281032888,0.0015167142,0.0,0.0,,536,0
44_-63,2026-09-19,4,New Brunswick,44.5,-62.5,15.2,54.0,29.2,1.1000000000000005,1.803687222453755,0.0015167142,0.0,0.0,,532,0
44_-63,2026-09-20,5,New Brunswick,44.5,-62.5,14.1,68.0,16.0,0.0,1.4200100257582111,0.0015167142,0.0,0.0,,538,0
44_-63,2026-09-21,6,New Brunswick,44.5,-62.5,15.8,64.0,3.4,0.0,0.8637851618247235,0.0022243848,0.0,0.0,,481,0
44_-63,2026-09-22,7,New Brunswick,44.5,-62.5,14.3,75.0,19.8,0.0,3.7765145503020725,0.0015167142,0.0,0.0,,557,0
44_-64,2026-09-15,0,New Brunswick,44.5,-63.5,18.951367555398864,60.398676666258105,13.170174319687357,0.14905648587139378,0.628572393061827,0.01158889,0.00016979082,0.027450980392156862,0.42216671098555836,145,0
44_-64,2026-09-16,1,New Brunswick,44.5,-63.5,15.6,78.0,6.8,0.0,0.6147823488375422,0.01158889,0.00016979082,0.027450980392156862,0.42216671098555836,146,0
44_-64,2026-09-17,2,New Brunswick,44.5,-63.5,15.9,84.0,0.5,0.0,0.5022562119934353,0.01158889,0.00017149812,0.027450980392156862,0.42216671098555836,152,0
44_-64,2026-09-18,3,New Brunswick,44.5,-63.5,14.7,96.0,18.6,6.76,0.004353029850169031,0.006459243,0.00013172916,0.027450980392156862,0.23530099973348634,251,0
44_-64,2026-09-19,4,New Brunswick,44.5,-63.5,13.4,52.0,22.5,0.0,0.7458025654358276,0.0085633695,0.00013172916,0.027450980392156862,0.3119513179574694,227,0
44_-64,2026-09-20,5,New Brunswick,44.5,-63.5,12.8,47.0,9.8,0.0,0.8575432530261278,0.008910148,0.00016979082,0.027450980392156862,0.3245839775939073,213,0
44_-64,2026-09-21,6,New Brunswick,44.5,-63.5,17.0,63.0,14.2,6.9,0.32108464754902843,0.01158889,0.00016979082,0.027450980392156862,0.42216671098555836,179,0
44_-64,2026-09-22,7,New Brunswick,44.5,-63.5,13.6,48.0,17.9,0.0,1.4606613679407552,0.01158889,0.00016979082,0.027450980392156862,0.42216671098555836,180,0
44_-65,2026-09-15,0,Nova Scotia,44.5,-64.5,19.304558432043596,54.7770459949345,7.418269334278179,0.014409922520868215,0.5497230544491046,0.027218936,0.00019753922,0.056862745098039215,0.4786778401968808,60,1
44_-65,2026-09-16,1,Nova Scotia,44.5,-64.5,19.8,66.0,8.4,0.0,1.4494150118978006,0.029426603,0.00019753922,0.056862745098039215,0.517502322407632,47,1
44_-65,2026-09-17,2,Nova Scotia,44.5,-64.5,16.8,85.0,5.9,0.0,1.1587494450805664,0.027721774,0.00019753922,0.056862745098039215,0.48752085016719227,58,1
44_-65,2026-09-18,3,Nova Scotia,44.5,-64.5,14.5,98.0,10.4,6.5600000000000005,0.0013441707705976003,0.01158889,0.00019753922,0.056862745098039215,0.20380461909647646,160,0
44_-65,2026-09-19,4,Nova Scotia,44.5,-64.5,13.6,47.0,17.7,0.0,0.6712360701542294,0.016953317,0.00019753922,0.056862745098039215,0.29814454823218545,144,0
44_-65,2026-09-20,5,Nova Scotia,44.5,-64.5,14.1,48.0,9.4,0.0,0.9819997807439017,0.023706896,0.00019753922,0.056862745098039215,0.4169143819860343,118,0
44_-65,2026-09-21,6,Nova Scotia,44.5,-64.5,16.1,64.0,14.8,5.4,0.437425846088818,0.019046638,0.00019753922,0.056862745098039215,0.33495811938211834,132,0
44_-65,2026-09-22,7,Nova Scotia,44.5,-64.5,13.6,40.0,14.1,0.0,1.8462541480465544,0.029426603,0.00019753922,0.056862745098039215,0.517502322407632,82,0
44_-66,2026-09-15,0,Nova Scotia,44.5,-65.5,19.316304489458236,52.79733039447134,5.123388317886288,0.0,0.2945070348564105,0.008910148,0.00016979082,0.01764705882352941,0.5049084095905224,199,0
44_-66,2026-09-16,1,Nova Scotia,44.5,-65.5,19.4,66.0,9.7,0.0,0.8552455894513015,0.0085633695,0.00013172916,0.01764705882352941,0.4852576057116191,208,0
44_-66,2026-09-17,2,Nova Scotia,44.5,-65.5,17.1,86.0,6.8,0.0,0.8637550011607872,0.01158889,0.00016979082,0.01764705882352941,0.6567037726442019,153,0
44_-66,2026-09-18,3,Nova Scotia,44.5,-65.5,16.0,97.0,10.9,14.61,8.24531954116419e-05,0.005107495,0.00013172916,0.01764705882352941,0.2894247168054183,287,0
44_-66,2026-09-19,4,Nova Scotia,44.5,-65.5,11.4,53.0,17.1,0.0,0.35209181394060335,0.006459243,0.00013172916,0.01764705882352941,0.36602377736320096,260,0
44_-66,2026-09-20,5,Nova Scotia,44.5,-65.5,14.0,39.0,10.8,0.0,0.9475121675492383,0.0085633695,0.00013172916,0.01764705882352941,0.4852576057116191,227,0
44_-66,2026-09-21,6,Nova Scotia,44.5,-65.5,13.0,72.0,13.1,2.3,0.597312380262452,0.006459243,0.00010369672,0.01764705882352941,0.36602377736320096,267,0
44_-66,2026-09-22,7,Nova Scotia,44.5,-65.5,11.9,42.0,16.3,0.0,2.995564064140577,0.0085633695,0.00013172916,0.01764705882352941,0.4852576057116191,247,0
44_-67,2026-09-15,0,New Brunswick,44.5,-66.5,15.49687875681104,69.75600074379936,12.82638288802054,0.0,0.711735364691864,0.0085633695,0.00010140445,0.0196078431372549,0.43673184514045715,216,0
44_-67,2026-09-16,1,New Brunswick,44.5,-66.5,12.1,92.0,18.8,0.0,0.6277876105112118,0.008237548,0.00010140445,0.0196078431372549,0.4201149567961693,224,0
44_-67,2026-09-17,2,New Brunswick,44.5,-66.5,11.8,98.0,13.0,0.0,0.49703584925652144,0.009431681,0.00013172916,0.0196078431372549,0.4810157138854265,201,0
44_-67,2026-09-18,3,New Brunswick,44.5,-66.5,13.2,100.0,16.9,28.71,2.339795684357828e-07,0.00510037,0.00010140445,0.0196078431372549,0.2601188658736646,305,0
44_-67,2026-09-19,4,New Brunswick,44.5,-66.5,9.7,67.0,27.0,0.0,0.08729503339053019,0.005107495,0.00010140445,0.0196078431372549,0.2604822451248765,292,0
44_-67,2026-09-20,5,New Brunswick,44.5,-66.5,10.8,73.0,24.5,0.0,0.7511707613040598,0.005107495,0.00010140445,0.0196078431372549,0.2604822451248765,285,0
44_-67,2026-09-21,6,New Brunswick,44.5,-66.5,11.1,84.0,21.7,2.6,0.2929110545661672,0.00510037,0.0,0.0196078431372549,0.2601188658736646,323,0
44_-67,2026-09-22,7,New Brunswick,44.5,-66.5,9.6,59.0,26.7,0.0,1.5014804182858228,0.008910148,0.00010140445,0.0196078431372549,0.4544175686314702,235,0
44_-77,2026-09-15,0,Ontario,44.5,-76.5,17.655088279090933,66.97393092128281,19.262699677135366,0.2006681005312896,8.057147124210248,0.020055054,0.00036769436,0.0392156862745098,0.5114038707688451,86,0
44_-77,2026-09-16,1,Ontario,44.5,-76.5,23.9,76.0,8.9,0.0,5.190765033014292,0.024334805,0.00036769436,0.0392156862745098,0.6205375296995044,67,1
44_-77,2026-09-17,2,Ontario,44.5,-76.5,21.1,75.0,9.7,0.0,5.621668692506189,0.020055054,0.00036769436,0.0392156862745098,0.5114038707688451,97,0
44_-77,2026-09-18,3,Ontario,44.5,-76.5,20.2,50.0,14.4,0.0,9.779432719518011,0.031681307,0.0007264472,0.0392156862745098,0.8078733198344707,44,1
44_-77,2026-09-19,4,Ontario,44.5,-76.5,13.6,40.0,12.1,0.0,10.35975261319229,0.031681307,0.00046264168,0.0392156862745098,0.8078733198344707,55,1
44_-77,2026-09-20,5,Ontario,44.5,-76.5,8.8,90.0,10.2,1.7,0.9784413443135499,0.020055054,0.00036769436,0.0392156862745098,0.5114038707688451,126,0
44_-77,2026-09-21,6,Ontario,44.5,-76.5,13.8,50.0,15.0,0.0,4.78184630615794,0.020055054,0.00036769436,0.0392156862745098,0.5114038707688451,128,0
44_-77,2026-09-22,7,Ontario,44.5,-76.5,16.0,34.0,17.2,0.0,13.136332105673718,0.027721774,0.0007264472,0.0392156862745098,0.7069052327424288,89,0
44_-78,2026-09-15,0,Ontario,44.5,-77.5,16.652710525505793,77.42401438136048,9.711488109068522,0.09308684684427083,6.685594605383836,0.039974753,0.00086677365,0.08235294117647059,0.48540771273630007,7,1
44_-78,2026-09-16,1,Ontario,44.5,-77.5,23.9,74.0,5.2,0.0,5.447227921215177,0.03429977,0.00086677365,0.08235294117647059,0.4164971890194076,17,1
44_-78,2026-09-17,2,Ontario,44.5,-77.5,21.7,68.0,7.2,0.0,6.559152418022932,0.03429977,0.00083361124,0.08235294117647059,0.4164971890194076,30,1
44_-78,2026-09-18,3,Ontario,44.5,-77.5,19.5,50.0,13.0,0.0,11.549882123719815,0.039974753,0.00086677365,0.08235294117647059,0.48540771273630007,28,1
44_-78,2026-09-19,4,Ontario,44.5,-77.5,14.0,38.0,10.0,0.0,12.349143064071173,0.05585831,0.00086677365,0.08235294117647059,0.678279482360397,18,1
44_-78,2026-09-20,5,Ontario,44.5,-77.5,14.8,49.0,12.7,0.30000000000000004,14.162881820594848,0.054577813,0.00086677365,0.08235294117647059,0.6627305809940611,30,1
44_-78,2026-09-21,6,Ontario,44.5,-77.5,13.7,44.0,14.8,0.0,15.803896069866406,0.04981479,0.00086677365,0.08235294117647059,0.6048938844885146,32,1
44_-78,2026-09-22,7,Ontario,44.5,-77.5,16.3,34.0,20.3,0.0,22.795737104363514,0.06739664,0.0020660395,0.08235294117647059,0.8183877808707101,16,1
44_-79,2026-09-15,0,Ontario,44.5,-78.5,16.154757370507582,81.76613911564237,12.60889842139961,0.2499621017677045,6.744955821701333,0.029426603,0.0007264472,0.052941176470588235,0.5558358277711604,47,1
44_-79,2026-09-16,1,Ontario,44.5,-78.5,22.6,73.0,8.8,0.0,6.24574043652403,0.031681307,0.0007264472,0.052941176470588235,0.5984246813588673,30,1
44_-79,2026-09-17,2,Ontario,44.5,-78.5,18.6,75.0,5.8,0.0,5.545410724759286,0.026660934,0.0007264472,0.052941176470588235,0.5035954217116038,70,1
44_-79,2026-09-18,3,Ontario,44.5,-78.5,17.3,54.0,14.3,0.0,11.1502939059886,0.031681307,0.0007264472,0.052941176470588235,0.5984246813588673,45,1
44_-79,2026-09-19,4,Ontario,44.5,-78.5,14.4,36.0,12.0,0.0,14.075779822909047,0.039974753,0.00086677365,0.052941176470588235,0.7550786642564667,34,1
44_-79,2026-09-20,5,Ontario,44.5,-78.5,15.8,45.0,13.3,0.1,15.247973369286733,0.039974753,0.00086677365,0.052941176470588235,0.7550786642564667,36,1
44_-79,2026-09-21,6,Ontario,44.5,-78.5,13.6,48.0,14.7,0.0,16.4817639971766,0.03429977,0.00086677365,0.052941176470588235,0.6478845162524117,44,1
44_-79,2026-09-22,7,Ontario,44.5,-78.5,16.6,33.0,23.4,0.0,26.987338874941532,0.04981479,0.0020660395,0.052941176470588235,0.9409460425376892,31,1
44_-80,2026-09-15,0,Ontario,44.5,-79.5,16.30935508840631,86.77579817075808,16.26208346646987,3.1787118408314448,0.6554926497414708,0.01158889,0.00036769436,0.03333333333333333,0.3476667031645775,146,0
44_-80,2026-09-16,1,Ontario,44.5,-79.5,20.5,72.0,12.0,4.4,0.3677806842207064,0.01158889,0.00036769436,0.03333333333333333,0.3476667031645775,147,0
44_-80,2026-09-17,2,Ontario,44.5,-79.5,18.7,79.0,6.9,0.0,0.5619749170296935,0.01158889,0.00036769436,0.03333333333333333,0.3476667031645775,154,0
44_-80,2026-09-18,3,Ontario,44.5,-79.5,16.9,49.0,15.7,0.0,4.239534873294785,0.01158889,0.00036769436,0.03333333333333333,0.3476667031645775,161,0
44_-80,2026-09-19,4,Ontario,44.5,-79.5,12.5,49.0,17.1,0.0,7.081942755940279,0.013233952,0.00036769436,0.03333333333333333,0.39701856672763824,160,0
44_-80,2026-09-20,5,Ontario,44.5,-79.5,15.7,47.0,14.4,0.9000000000000004,5.905821482147008,0.019046638,0.00046264168,0.03333333333333333,0.5713991448283195,132,0
44_-80,2026-09-21,6,Ontario,44.5,-79.5,12.8,55.0,15.2,0.0,7.189543656080522,0.017114606,0.00046264168,0.03333333333333333,0.5134381726384163,141,0
44_-80,2026-09-22,7,Ontario,44.5,-79.5,15.7,42.0,30.5,0.0,18.95683133925871,0.026660934,0.00086677365,0.03333333333333333,0.7998280227184296,103,0
44_-82,2026-09-15,0,Ontario,44.5,-81.5,18.111556226194303,78.46900506133431,23.919736163680625,4.675100790880784,2.701252652308728,0.01158889,0.00019753922,0.027450980392156862,0.42216671098555836,147,0
44_-82,2026-09-16,1,Ontario,44.5,-81.5,16.5,75.0,9.7,0.0,1.2226967048933468,0.008910148,0.00019753922,0.027450980392156862,0.3245839775939073,191,0
44_-82,2026-09-17,2,Ontario,44.5,-81.5,16.6,81.0,14.1,0.0,2.915004231489381,0.008910148,0.00019753922,0.027450980392156862,0.3245839775939073,208,0
44_-82,2026-09-18,3,Ontario,44.5,-81.5,17.2,56.0,23.2,0.0,9.88814718691302,0.013233952,0.00019753922,0.027450980392156862,0.48209397388356073,148,0
44_-82,2026-09-19,4,Ontario,44.5,-81.5,16.6,49.0,15.9,0.0,10.003727741961297,0.017114606,0.00036769436,0.027450980392156862,0.6234606382037913,134,0
44_-82,2026-09-20,5,Ontario,44.5,-81.5,15.4,71.0,18.8,3.3,1.9105037838978893,0.01158889,0.00019753922,0.027450980392156862,0.42216671098555836,180,0
44_-82,2026-09-21,6,Ontario,44.5,-81.5,14.5,57.0,21.0,0.0,5.40906959516402,0.01158889,0.00036769436,0.027450980392156862,0.42216671098555836,180,0
44_-82,2026-09-22,7,Ontario,44.5,-81.5,18.3,43.0,24.9,0.0,15.037599736741926,0.023706896,0.00046264168,0.027450980392156862,0.8636083626853568,124,0
45_-61,2026-09-15,0,New Brunswick,45.5,-60.5,19.903103139422036,53.58739195821201,12.35850581034493,1.480314774101356,0.44837520935141223,0.01158889,0.00016979082,0.01764705882352941,0.6567037726442019,148,0
45_-61,2026-09-16,1,New Brunswick,45.5,-60.5,14.9,81.0,6.8,0.0,0.4480223783924532,0.01158889,0.00016979082,0.01764705882352941,0.6567037726442019,148,0
45_-61,2026-09-17,2,New Brunswick,45.5,-60.5,16.7,89.0,14.9,0.0,0.7934399315664188,0.009431681,0.00016979082,0.01764705882352941,0.5344619043171406,202,0
45_-61,2026-09-18,3,New Brunswick,45.5,-60.5,16.1,93.0,23.2,13.1,0.0032728199835946646,0.006459243,0.00016979082,0.01764705882352941,0.36602377736320096,252,0
45_-61,2026-09-19,4,New Brunswick,45.5,-60.5,14.2,65.0,39.6,10.4,0.42890060533037594,0.008237548,0.00016979082,0.01764705882352941,0.4667943964401881,239,0
45_-61,2026-09-20,5,New Brunswick,45.5,-60.5,12.6,53.0,13.2,0.1,0.4564570043567791,0.006459243,0.00016979082,0.01764705882352941,0.36602377736320096,263,0
45_-61,2026-09-21,6,New Brunswick,45.5,-60.5,14.3,82.0,12.8,1.8,0.3419647078125409,0.006459243,0.00016979082,0.01764705882352941,0.36602377736320096,268,0
45_-61,2026-09-22,7,New Brunswick,45.5,-60.5,13.8,72.0,19.7,0.0,0.8311659526800426,0.0085633695,0.00013172916,0.01764705882352941,0.4852576057116191,248,0
45_-62,2026-09-15,0,New Brunswick,45.5,-61.5,20.015952618381792,54.457921208711696,10.491024453810391,0.0012395123496162757,0.5992432808199417,0.0085633695,0.00013172916,0.0058823529411764705,1.4557728171348572,217,0
45_-62,2026-09-16,1,New Brunswick,45.5,-61.5,20.3,48.0,3.5,0.0,1.609905907414202,0.008910148,0.00016979082,0.0058823529411764705,1.5147252287715673,192,0
45_-62,2026-09-17,2,New Brunswick,45.5,-61.5,20.7,65.0,9.9,0.0,3.239230513474205,0.0085633695,0.00016979082,0.0058823529411764705,1.4557728171348572,218,0
45_-62,2026-09-18,3,New Brunswick,45.5,-61.5,15.6,98.0,10.2,9.3,0.0003376142345130274,0.00510037,0.00013172916,0.0058823529411764705,0.8670628862455487,306,0
45_-62,2026-09-19,4,New Brunswick,45.5,-61.5,13.5,65.0,27.3,3.9000000000000004,0.27296384174587923,0.00510037,0.00013172916,0.0058823529411764705,0.8670628862455487,315,0
45_-62,2026-09-20,5,New Brunswick,45.5,-61.5,14.5,42.0,8.1,1.4000000000000001,0.4105306716859687,0.005107495,0.00013172916,0.0058823529411764705,0.868274150416255,286,0
45_-62,2026-09-21,6,New Brunswick,45.5,-61.5,17.3,54.0,6.3,0.30000000000000004,0.8208439746714145,0.008237548,0.00013172916,0.0058823529411764705,1.4003831893205643,249,0
45_-62,2026-09-22,7,New Brunswick,45.5,-61.5,15.3,59.0,12.2,0.0,3.0475747259910904,0.006459243,0.00013172916,0.0058823529411764705,1.098071332089603,288,0
45_-63,2026-09-15,0,New Brunswick,45.5,-62.5,19.806188642952083,53.61402305492996,9.559734207276398,0.03250141052232756,0.6395374708534576,0.013233952,0.00016979082,0.025490196078431372,0.5191781257207577,134,0
45_-63,2026-09-16,1,New Brunswick,45.5,-62.5,19.6,68.0,6.0,0.0,0.9614437919799035,0.01158889,0.00016979082,0.025490196078431372,0.45464107336906284,149,0
45_-63,2026-09-17,2,New Brunswick,45.5,-62.5,16.3,78.0,8.3,0.0,1.7960950989569677,0.01158889,0.00019753922,0.025490196078431372,0.45464107336906284,155,0
45_-63,2026-09-18,3,New Brunswick,45.5,-62.5,14.2,98.0,16.4,15.43,6.481348718693088e-05,0.008237548,0.00016979082,0.025490196078431372,0.3231653513816687,230,0
45_-63,2026-09-19,4,New Brunswick,45.5,-62.5,9.9,68.0,24.0,3.3,0.07738344214493709,0.006459243,0.00016979082,0.025490196078431372,0.2534010766360622,261,0
45_-63,2026-09-20,5,New Brunswick,45.5,-62.5,11.5,45.0,7.6,0.7,0.36636267328312044,0.0085633695,0.00016979082,0.025490196078431372,0.33594757318496704,228,0
45_-63,2026-09-21,6,New Brunswick,45.5,-62.5,11.9,90.0,9.9,6.4,0.00429206391207913,0.008237548,0.00016979082,0.025490196078431372,0.3231653513816687,250,0
45_-63,2026-09-22,7,New Brunswick,45.5,-62.5,10.4,61.0,20.5,0.6,0.4695558203282449,0.008237548,0.00013172916,0.025490196078431372,0.3231653513816687,265,0
45_-64,2026-09-15,0,New Brunswick,45.5,-63.5,19.377589829214827,54.48953513888444,13.471314422458903,0.0,0.6048537820705245,0.0085633695,0.00016979082,0.01568627450980392,0.5459148064255714,218,0
45_-64,2026-09-16,1,New Brunswick,45.5,-63.5,16.9,74.0,10.5,0.0,0.8458155186370456,0.008237548,0.00016979082,0.01568627450980392,0.5251436959952116,225,0
45_-64,2026-09-17,2,New Brunswick,45.5,-63.5,15.1,88.0,8.5,0.0,0.8174643377087772,0.008237548,0.00016979082,0.01568627450980392,0.5251436959952116,232,0
45_-64,2026-09-18,3,New Brunswick,45.5,-63.5,14.1,99.0,12.5,18.650000000000002,7.670162443476787e-06,0.005107495,0.00016979082,0.01568627450980392,0.3256028064060956,288,0
45_-64,2026-09-19,4,New Brunswick,45.5,-63.5,9.5,66.0,22.1,1.2000000000000002,0.10581937679346937,0.005107495,0.00013172916,0.01568627450980392,0.3256028064060956,293,0
45_-64,2026-09-20,5,New Brunswick,45.5,-63.5,10.7,46.0,11.1,0.0,0.5141239110096206,0.006459243,0.00016979082,0.01568627450980392,0.4117767495336011,264,0
45_-64,2026-09-21,6,New Brunswick,45.5,-63.5,12.2,74.0,13.4,0.30000000000000004,0.8309402557135153,0.006459243,0.00013172916,0.01568627450980392,0.4117767495336011,269,0
45_-64,2026-09-22,7,New Brunswick,45.5,-63.5,10.9,53.0,20.0,0.0,4.151981558500966,0.008237548,0.00013172916,0.01568627450980392,0.5251436959952116,266,0
45_-65,2026-09-15,0,New Brunswick,45.5,-64.5,18.778877380922257,56.90984867074932,8.126278237709844,0.10719707415780047,0.45461057156560813,0.013666987,0.00019753922,0.047058823529411764,0.2904234826564789,129,0
45_-65,2026-09-16,1,New Brunswick,45.5,-64.5,16.8,71.0,14.9,0.0,1.2496236981951208,0.015813954,0.00019753922,0.047058823529411764,0.33604652620851994,126,0
45_-65,2026-09-17,2,New Brunswick,45.5,-64.5,15.8,75.0,10.0,0.0,1.4842820417515223,0.017114606,0.00019753922,0.047058823529411764,0.3636853722855449,119,0
45_-65,2026-09-18,3,New Brunswick,45.5,-64.5,14.9,98.0,12.9,17.03,3.129787836165022e-05,0.0085633695,0.00016979082,0.047058823529411764,0.18197160214185715,224,0
45_-65,2026-09-19,4,New Brunswick,45.5,-64.5,12.2,49.0,20.1,0.4,0.4094182585072621,0.01158889,0.00016979082,0.047058823529411764,0.24626391474157572,168,0
45_-65,2026-09-20,5,New Brunswick,45.5,-64.5,12.3,46.0,12.5,0.0,0.7818356232767265,0.013666987,0.00016979082,0.047058823529411764,0.2904234826564789,160,0
45_-65,2026-09-21,6,New Brunswick,45.5,-64.5,14.5,60.0,13.2,0.2,2.4782189287104854,0.024334805,0.00016979082,0.047058823529411764,0.5171146080829203,106,0
45_-65,2026-09-22,7,New Brunswick,45.5,-64.5,11.2,53.0,16.2,0.0,4.683345328726847,0.026660934,0.00019753922,0.047058823529411764,0.5665448494255543,104,0
45_-66,2026-09-15,0,New Brunswick,45.5,-65.5,17.75555987670637,54.96936804134641,5.009359404156767,0.0,0.6837960993681353,0.01158889,0.00016979082,0.03529411764705882,0.32835188632210094,149,0
45_-66,2026-09-16,1,New Brunswick,45.5,-65.5,16.1,65.0,14.5,0.0,3.33409441512633,0.01158889,0.00016979082,0.03529411764705882,0.32835188632210094,150,0
45_-66,2026-09-17,2,New Brunswick,45.5,-65.5,15.7,73.0,4.4,0.0,1.9127934523836665,0.01158889,0.00019753922,0.03529411764705882,0.32835188632210094,156,0
45_-66,2026-09-18,3,New Brunswick,45.5,-65.5,15.7,90.0,13.7,16.85,0.0038536061740625832,0.006459243,0.00016979082,0.03529411764705882,0.18301188868160048,253,0
45_-66,2026-09-19,4,New Brunswick,45.5,-65.5,11.2,46.0,20.4,0.0,0.7853409361173597,0.008910148,0.00016979082,0.03529411764705882,0.2524542047952612,219,0
45_-66,2026-09-20,5,New Brunswick,45.5,-65.5,11.5,49.0,15.5,0.0,1.9695089617736838,0.01158889,0.00016979082,0.03529411764705882,0.32835188632210094,181,0
45_-66,2026-09-21,6,New Brunswick,45.5,-65.5,13.6,55.0,15.6,1.0000000000000009,2.6756752686948904,0.013233952,0.00016979082,0.03529411764705882,0.3749619796872139,168,0
45_-66,2026-09-22,7,New Brunswick,45.5,-65.5,10.1,46.0,16.0,0.0,5.42696887162463,0.013666987,0.00016979082,0.03529411764705882,0.3872313102086385,171,0
45_-67,2026-09-15,0,New Brunswick,45.5,-66.5,17.589332694936576,59.65313117511315,6.943264192464948,0.0,1.3200296348340423,0.03429977,0.00019753922,0.11372549019607843,0.3016014127381917,16,1
45_-67,2026-09-16,1,New Brunswick,45.5,-66.5,19.1,50.0,14.7,0.0,6.030731693033234,0.039974753,0.00036769436,0.11372549019607843,0.35150213680904485,6,1
45_-67,2026-09-17,2,New Brunswick,45.5,-66.5,17.0,59.0,6.7,0.0,4.767114353388126,0.04981479,0.00036769436,0.11372549019607843,0.4380266060089243,13,1
45_-67,2026-09-18,3,New Brunswick,45.5,-66.5,20.2,52.0,19.9,16.18,0.9281462466713722,0.039974753,0.00019753922,0.11372549019607843,0.35150213680904485,29,1
45_-67,2026-09-19,4,New Brunswick,45.5,-66.5,12.5,44.0,19.0,0.0,3.9651381371452223,0.04981479,0.00019753922,0.11372549019607843,0.4380266060089243,30,1
45_-67,2026-09-20,5,New Brunswick,45.5,-66.5,14.4,52.0,16.7,0.0,6.519077361796766,0.06137425,0.00019753922,0.11372549019607843,0.5396701363397056,20,1
45_-67,2026-09-21,6,New Brunswick,45.5,-66.5,14.9,50.0,15.7,0.7,6.880782548244826,0.055568106,0.00036769436,0.11372549019607843,0.4886161086374316,22,1
45_-67,2026-09-22,7,New Brunswick,45.5,-66.5,12.1,38.0,14.2,0.0,9.402548164115954,0.06966412,0.00036769436,0.11372549019607843,0.6125638197208273,14,1
45_-68,2026-09-15,0,New Brunswick,45.5,-67.5,17.948365899646056,54.4036095829422,3.80113798159555,0.0014919191471507633,1.1875941970537007,0.031681307,0.00016979082,0.0392156862745098,0.8078733198344707,28,1
45_-68,2026-09-16,1,New Brunswick,45.5,-67.5,19.3,73.0,9.1,0.0,3.1798603059158452,0.031681307,0.00016979082,0.0392156862745098,0.8078733198344707,31,1
45_-68,2026-09-17,2,New Brunswick,45.5,-67.5,18.3,62.0,5.8,0.0,4.101377698174333,0.031681307,0.00019753922,0.0392156862745098,0.8078733198344707,39,1
45_-68,2026-09-18,3,New Brunswick,45.5,-67.5,21.1,36.0,25.8,14.100000000000001,3.3558685490970226,0.027721774,0.00019753922,0.0392156862745098,0.7069052327424288,71,1
45_-68,2026-09-19,4,New Brunswick,45.5,-67.5,13.6,39.0,19.5,0.0,7.536488968824832,0.031681307,0.00019753922,0.0392156862745098,0.8078733198344707,56,1
45_-68,2026-09-20,5,New Brunswick,45.5,-67.5,15.3,45.0,17.4,0.0,9.98245677221935,0.03429977,0.00019753922,0.0392156862745098,0.8746440969407558,48,1
45_-68,2026-09-21,6,New Brunswick,45.5,-67.5,15.3,43.0,18.8,1.7,5.478029927523585,0.031681307,0.00019753922,0.0392156862745098,0.8078733198344707,61,1
45_-68,2026-09-22,7,New Brunswick,45.5,-67.5,13.3,35.0,16.3,0.0,10.638155251148529,0.04981479,0.00036769436,0.0392156862745098,1.2702771574258804,32,1
45_-71,2026-09-15,0,Quebec,45.5,-70.5,15.679779168731502,54.23977676076067,6.913350027361418,0.023248487252131404,1.6596079824996328,0.0034599912,8.751149e-05,0.00392156862745098,0.8822977531235665,389,0
45_-71,2026-09-16,1,Quebec,45.5,-70.5,21.1,68.0,10.9,0.0,3.83412107709513,0.0034599912,0.00010140445,0.00392156862745098,0.8822977531235665,367,0
45_-71,2026-09-17,2,Quebec,45.5,-70.5,17.8,69.0,11.9,0.4,4.95327844527326,0.0034599912,0.00010140445,0.00392156862745098,0.8822977531235665,356,0
45_-71,2026-09-18,3,Quebec,45.5,-70.5,15.8,48.0,26.3,2.5,5.014937290554516,0.00510037,0.00013172916,0.00392156862745098,1.300594329368323,307,0
45_-71,2026-09-19,4,Quebec,45.5,-70.5,11.3,43.0,11.4,0.0,5.178277876583316,0.0034599912,0.0,0.00392156862745098,0.8822977531235665,346,0
45_-71,2026-09-20,5,Quebec,45.5,-70.5,14.0,58.0,10.5,0.0,5.886507130140206,0.0034599912,0.00010140445,0.00392156862745098,0.8822977531235665,354,0
45_-71,2026-09-21,6,Quebec,45.5,-70.5,9.9,69.0,10.2,1.7,1.2293397605010246,0.0034599912,0.0,0.00392156862745098,0.8822977531235665,371,0
45_-71,2026-09-22,7,Quebec,45.5,-70.5,12.8,41.0,7.3,0.0,3.6584832209967404,0.0034599912,0.0,0.00392156862745098,0.8822977531235665,383,0
45_-72,2026-09-15,0,Quebec,45.5,-71.5,16.777453448824403,57.93950616929703,5.86674576504455,0.03556392691550805,0.7098627348323384,0.005107495,0.00013172916,0.00392156862745098,1.3024112256243825,304,0
45_-72,2026-09-16,1,Quebec,45.5,-71.5,17.4,80.0,5.5,0.0,0.7996289539278916,0.00510037,0.00013172916,0.00392156862745098,1.300594329368323,315,0
45_-72,2026-09-17,2,Quebec,45.5,-71.5,20.5,69.0,5.4,0.0,2.036172738831423,0.005107495,0.00016979082,0.00392156862745098,1.3024112256243825,282,0
45_-72,2026-09-18,3,Quebec,45.5,-71.5,16.5,51.0,20.7,0.7,8.058965745109802,0.006459243,0.00019753922,0.00392156862745098,1.6471069981344044,254,0
45_-72,2026-09-19,4,Quebec,45.5,-71.5,12.3,43.0,7.8,0.0,6.133971998914181,0.005107495,0.00010140445,0.00392156862745098,1.3024112256243825,294,0
45_-72,2026-09-20,5,Quebec,45.5,-71.5,14.0,64.0,14.5,0.0,8.119910954125105,0.005107495,0.00010140445,0.00392156862745098,1.3024112256243825,287,0
45_-72,2026-09-21,6,Quebec,45.5,-71.5,12.3,52.0,8.2,1.9,1.2250042094165312,0.00510037,0.00010140445,0.00392156862745098,1.300594329368323,324,0
45_-72,2026-09-22,7,Quebec,45.5,-71.5,14.2,37.0,8.1,0.0,5.151847971083303,0.005107495,0.00013172916,0.00392156862745098,1.3024112256243825,316,0
45_-73,2026-09-15,0,Quebec,45.5,-72.5,16.82202813249043,54.05838839197314,5.6229340881355485,0.0,1.4052986766744395,0.008910148,0.00019753922,0.00980392156862745,0.9088351372629404,200,0
45_-73,2026-09-16,1,Quebec,45.5,-72.5,19.5,70.0,10.8,0.0,3.2857242170263965,0.008910148,0.00019753922,0.00980392156862745,0.9088351372629404,193,0
45_-73,2026-09-17,2,Quebec,45.5,-72.5,21.6,66.0,3.8,0.0,3.321646355340405,0.01158889,0.00019753922,0.00980392156862745,1.1820667907595634,157,0
45_-73,2026-09-18,3,Quebec,45.5,-72.5,17.4,54.0,18.0,0.0,9.499986524063488,0.016953317,0.00036769436,0.00980392156862745,1.7292383797466755,137,0
45_-73,2026-09-19,4,Quebec,45.5,-72.5,11.7,53.0,8.0,0.0,6.356053756544382,0.01158889,0.00019753922,0.00980392156862745,1.1820667907595634,169,0
45_-73,2026-09-20,5,Quebec,45.5,-72.5,14.8,68.0,14.2,0.0,8.18395032632074,0.008910148,0.00016979082,0.00980392156862745,0.9088351372629404,214,0
45_-73,2026-09-21,6,Quebec,45.5,-72.5,12.1,50.0,12.7,0.30000000000000004,8.620223719304269,0.01158889,0.00019753922,0.00980392156862745,1.1820667907595634,181,0
45_-73,2026-09-22,7,Quebec,45.5,-72.5,13.9,44.0,9.2,0.0,8.896685396623086,0.01158889,0.00019753922,0.00980392156862745,1.1820667907595634,181,0
45_-74,2026-09-15,0,Quebec,45.5,-73.5,17.40490851558782,55.004299133845,8.900035000836434,0.009453007551670386,2.87327696621431,0.01158889,0.00036769436,0.01764705882352941,0.6567037726442019,150,0
45_-74,2026-09-16,1,Quebec,45.5,-73.5,21.3,69.0,10.7,0.0,4.374696686360699,0.01158889,0.00036769436,0.01764705882352941,0.6567037726442019,151,0
45_-74,2026-09-17,2,Quebec,45.5,-73.5,18.8,69.0,7.8,0.0,4.138507795823725,0.01158889,0.00036769436,0.01764705882352941,0.6567037726442019,158,0
45_-74,2026-09-18,3,Quebec,45.5,-73.5,20.2,40.0,14.8,0.0,11.070087756582234,0.024334805,0.0007264472,0.01764705882352941,1.3789722882211208,91,0
45_-74,2026-09-19,4,Quebec,45.5,-73.5,13.3,47.0,8.9,0.0,9.04497706251632,0.017114606,0.00036769436,0.01764705882352941,0.9698276594281197,135,0
45_-74,2026-09-20,5,Quebec,45.5,-73.5,15.4,52.0,6.5,0.0,8.222845543089473,0.016953317,0.00036769436,0.01764705882352941,0.9606879887481531,152,0
45_-74,2026-09-21,6,Quebec,45.5,-73.5,13.6,41.0,14.2,0.0,11.912958505116404,0.019046638,0.0007264472,0.01764705882352941,1.079309495786826,133,0
45_-74,2026-09-22,7,Quebec,45.5,-73.5,14.5,38.0,13.1,0.0,12.504474141910533,0.024334805,0.0007264472,0.01764705882352941,1.3789722882211208,112,0
45_-75,2026-09-15,0,Quebec,45.5,-74.5,18.57370226838589,56.64495010902665,9.381384673236644,0.033498971169756045,5.306709072636251,0.020055054,0.00036769436,0.03529411764705882,0.5682265230764946,87,0
45_-75,2026-09-16,1,Quebec,45.5,-74.5,22.1,75.0,11.1,0.4,5.969369731397453,0.024334805,0.00036769436,0.03529411764705882,0.6894861441105604,68,1
45_-75,2026-09-17,2,Quebec,45.5,-74.5,18.1,70.0,8.7,0.0,5.554798284222577,0.023706896,0.00036769436,0.03529411764705882,0.6716953931997219,89,0
45_-75,2026-09-18,3,Quebec,45.5,-74.5,18.1,52.0,18.9,0.0,11.275219394243258,0.031681307,0.0007264472,0.03529411764705882,0.8976370220383009,46,1
45_-75,2026-09-19,4,Quebec,45.5,-74.5,12.3,53.0,13.0,0.0,9.122882526747748,0.027721774,0.00036769436,0.03529411764705882,0.7854502586026987,83,0
45_-75,2026-09-20,5,Quebec,45.5,-74.5,14.4,57.0,7.0,0.0,7.264185319263027,0.029426603,0.00036769436,0.03529411764705882,0.8337537416567405,83,0
45_-75,2026-09-21,6,Quebec,45.5,-74.5,13.1,43.0,14.5,0.0,11.46789260705447,0.03278111,0.00046264168,0.03529411764705882,0.9287980943918228,50,1
45_-75,2026-09-22,7,Quebec,45.5,-74.5,14.1,45.0,19.4,0.0,14.531332291358822,0.03429977,0.0007264472,0.03529411764705882,0.9718267743786176,43,1
45_-76,2026-09-15,0,Quebec,45.5,-75.5,17.41717505917107,68.75401495966845,8.668953090935638,0.0,5.568974797292453,0.026660934,0.00046264168,0.03725490196078431,0.7156355992743844,64,1
45_-76,2026-09-16,1,Quebec,45.5,-75.5,21.3,71.0,12.1,0.4,6.850217201154007,0.029426603,0.00046264168,0.03725490196078431,0.78987196578007,48,1
45_-76,2026-09-17,2,Quebec,45.5,-75.5,17.7,67.0,8.3,0.0,5.992881703708465,0.027721774,0.00046264168,0.03725490196078431,0.7441107713078198,59,1
45_-76,2026-09-18,3,Quebec,45.5,-75.5,18.0,48.0,20.4,0.0,12.95693634301694,0.039974753,0.0007264472,0.03725490196078431,1.0730065228907686,30,1
45_-76,2026-09-19,4,Quebec,45.5,-75.5,12.7,49.0,12.3,0.0,9.64689545692663,0.03278111,0.00036769436,0.03725490196078431,0.8799139841606742,48,1
45_-76,2026-09-20,5,Quebec,45.5,-75.5,15.7,50.0,7.1,0.0,8.039158738325352,0.03429977,0.00036769436,0.03725490196078431,0.920677996779743,49,1
45_-76,2026-09-21,6,Quebec,45.5,-75.5,13.3,45.0,12.1,0.0,10.381017444287995,0.039974753,0.00046264168,0.03725490196078431,1.0730065228907686,36,1
45_-76,2026-09-22,7,Quebec,45.5,-75.5,14.6,43.0,17.3,0.0,13.921305212168837,0.039974753,0.0007264472,0.03725490196078431,1.0730065228907686,38,1
45_-77,2026-09-15,0,Ontario,45.5,-76.5,16.517927697490425,75.84042886248393,6.611136224911881,0.0,4.0520630899931875,0.031681307,0.00046264168,0.060784313725490195,0.5212085934415941,29,1
45_-77,2026-09-16,1,Ontario,45.5,-76.5,21.3,78.0,12.8,1.4,2.157439498831942,0.03278111,0.00046264168,0.060784313725490195,0.5393021193242842,21,1
45_-77,2026-09-17,2,Ontario,45.5,-76.5,17.8,70.0,5.3,0.0,2.2921723610429057,0.031681307,0.00046264168,0.060784313725490195,0.5212085934415941,40,1
45_-77,2026-09-18,3,Ontario,45.5,-76.5,16.9,45.0,21.1,0.0,11.759192648079189,0.03429977,0.00083361124,0.060784313725490195,0.5642865141553264,39,1
45_-77,2026-09-19,4,Ontario,45.5,-76.5,13.4,43.0,11.2,0.0,9.11716699460761,0.03429977,0.00046264168,0.060784313725490195,0.5642865141553264,41,1
45_-77,2026-09-20,5,Ontario,45.5,-76.5,16.1,45.0,7.4,0.0,8.4650442191975,0.039974753,0.0007264472,0.060784313725490195,0.6576491591911162,37,1
45_-77,2026-09-21,6,Ontario,45.5,-76.5,12.6,44.0,13.0,0.0,11.179811575125225,0.039974753,0.0007264472,0.060784313725490195,0.6576491591911162,37,1
45_-77,2026-09-22,7,Ontario,45.5,-76.5,15.4,37.0,16.4,0.0,15.109404900362902,0.054577813,0.00086677365,0.060784313725490195,0.8978930452177601,29,1
45_-78,2026-09-15,0,Ontario,45.5,-77.5,14.420963842379402,85.58895031632039,8.006479927660815,0.2499756363809735,3.3919160171797973,0.039974753,0.0007264472,0.08431372549019608,0.4741191612773163,8,1
45_-78,2026-09-16,1,Ontario,45.5,-77.5,19.0,72.0,8.8,0.8,2.845265372408774,0.039974753,0.0007264472,0.08431372549019608,0.4741191612773163,7,1
45_-78,2026-09-17,2,Ontario,45.5,-77.5,16.1,78.0,1.6,0.0,1.9150497195035376,0.039974753,0.0007264472,0.08431372549019608,0.4741191612773163,21,1
45_-78,2026-09-18,3,Ontario,45.5,-77.5,14.5,38.0,15.9,0.0,10.042005877548302,0.04981479,0.00086677365,0.08431372549019608,0.5908265848492467,24,1
45_-78,2026-09-19,4,Ontario,45.5,-77.5,11.4,42.0,8.7,0.0,8.09858937332936,0.04981479,0.00086677365,0.08431372549019608,0.5908265848492467,31,1
45_-78,2026-09-20,5,Ontario,45.5,-77.5,14.3,43.0,7.5,0.0,8.392822230044233,0.054577813,0.0007264472,0.08431372549019608,0.6473182419011759,31,1
45_-78,2026-09-21,6,Ontario,45.5,-77.5,10.6,42.0,12.7,0.0,10.856622540144876,0.054577813,0.00083361124,0.08431372549019608,0.6473182419011759,30,1
45_-78,2026-09-22,7,Ontario,45.5,-77.5,13.3,40.0,16.6,0.0,13.699573152376708,0.06739664,0.00086677365,0.08431372549019608,0.7993555068969727,17,1
45_-79,2026-09-15,0,Ontario,45.5,-78.5,13.678939948198943,86.39614731294897,5.139653356058385,0.7374073260322663,2.3431590688097406,0.03429977,0.0007264472,0.06862745098039216,0.499796626823289,17,1
45_-79,2026-09-16,1,Ontario,45.5,-78.5,18.1,70.0,7.6,0.4,3.002711857437218,0.031681307,0.0007264472,0.06862745098039216,0.46164189704826897,32,1
45_-79,2026-09-17,2,Ontario,45.5,-78.5,16.3,78.0,7.7,0.0,3.1705452785638353,0.031681307,0.0007264472,0.06862745098039216,0.46164189704826897,41,1
45_-79,2026-09-18,3,Ontario,45.5,-78.5,13.9,34.0,14.8,0.0,9.902572884487578,0.039974753,0.00083361124,0.06862745098039216,0.58248925528356,31,1
45_-79,2026-09-19,4,Ontario,45.5,-78.5,12.3,38.0,9.4,0.0,8.826735097234234,0.04981479,0.00086677365,0.06862745098039216,0.7258726613862173,32,1
45_-79,2026-09-20,5,Ontario,45.5,-78.5,15.6,36.0,9.0,0.0,10.134708054461834,0.06137425,0.00086677365,0.06862745098039216,0.8943105116486548,21,1
45_-79,2026-09-21,6,Ontario,45.5,-78.5,10.3,42.0,14.1,0.0,12.684079176626827,0.055568106,0.00086677365,0.06862745098039216,0.809706694313458,23,1
45_-79,2026-09-22,7,Ontario,45.5,-78.5,13.9,38.0,18.5,0.0,15.675800675720854,0.06739664,0.001759457,0.06862745098039216,0.982065337044852,18,1
45_-80,2026-09-15,0,Ontario,45.5,-79.5,14.816524068114852,92.89736690892806,17.087818437483815,5.397360870837834,0.19689532843486574,0.027218936,0.00036769436,0.058823529411764705,0.4627219121903181,61,1
45_-80,2026-09-16,1,Ontario,45.5,-79.5,17.7,71.0,6.6,0.4,0.44476557610114087,0.024334805,0.00046264168,0.058823529411764705,0.41369168646633625,69,1
45_-80,2026-09-17,2,Ontario,45.5,-79.5,18.0,66.0,4.8,0.0,0.71062416795126,0.024334805,0.0007264472,0.058823529411764705,0.41369168646633625,77,1
45_-80,2026-09-18,3,Ontario,45.5,-79.5,14.2,33.0,14.4,0.0,6.917703756277884,0.031681307,0.00046264168,0.058823529411764705,0.5385822132229805,47,1
45_-80,2026-09-19,4,Ontario,45.5,-79.5,13.6,37.0,8.4,0.0,7.440509512595222,0.03278111,0.0007264472,0.058823529411764705,0.5572788566350937,49,1
45_-80,2026-09-20,5,Ontario,45.5,-79.5,16.6,36.0,8.8,0.0,9.496326217584716,0.039974753,0.00086677365,0.058823529411764705,0.6795707978308201,38,1
45_-80,2026-09-21,6,Ontario,45.5,-79.5,11.5,39.0,13.0,0.0,11.886329443509645,0.039974753,0.00086677365,0.058823529411764705,0.6795707978308201,38,1
45_-80,2026-09-22,7,Ontario,45.5,-79.5,15.9,35.0,18.1,0.0,15.92836497158651,0.04981479,0.001759457,0.058823529411764705,0.8468514382839203,33,1
45_-81,2026-09-15,0,Ontario,45.5,-80.5,15.729551721790159,89.31228076714736,25.327733653736363,6.42736471987426,0.5500747560470686,0.024334805,0.00036769436,0.07058823529411765,0.3447430720552802,68,1
45_-81,2026-09-16,1,Ontario,45.5,-80.5,18.9,69.0,4.8,0.0,0.41933911716468747,0.027218936,0.00046264168,0.07058823529411765,0.38560159349193174,60,1
45_-81,2026-09-17,2,Ontario,45.5,-80.5,19.2,61.0,8.6,0.0,1.2987680059856714,0.024334805,0.00036769436,0.07058823529411765,0.3447430720552802,78,1
45_-81,2026-09-18,3,Ontario,45.5,-80.5,15.1,35.0,13.8,0.0,7.376542605476297,0.031681307,0.00046264168,0.07058823529411765,0.44881851101915043,48,1
45_-81,2026-09-19,4,Ontario,45.5,-80.5,14.7,39.0,9.4,0.0,7.883995033498414,0.03429977,0.0007264472,0.07058823529411765,0.4859133871893088,42,1
45_-81,2026-09-20,5,Ontario,45.5,-80.5,17.8,38.0,12.4,0.0,10.98969624322205,0.039974753,0.00086677365,0.07058823529411765,0.56630899819235,39,1
45_-81,2026-09-21,6,Ontario,45.5,-80.5,12.0,40.0,17.2,0.0,14.038661254353633,0.039974753,0.00086677365,0.07058823529411765,0.56630899819235,39,1
45_-81,2026-09-22,7,Ontario,45.5,-80.5,17.3,31.0,16.8,0.0,16.842463507321504,0.055568106,0.001759457,0.07058823529411765,0.7872148416936398,25,1
45_-82,2026-09-15,0,Ontario,45.5,-81.5,17.657722951181643,86.58688059365947,20.5263913208936,8.688438982721028,0.3119137510258098,0.01158889,0.00019753922,0.025490196078431372,0.45464107336906284,151,0
45_-82,2026-09-16,1,Ontario,45.5,-81.5,14.0,81.0,6.2,1.1,0.24746807419489517,0.01158889,0.00016979082,0.025490196078431372,0.45464107336906284,152,0
45_-82,2026-09-17,2,Ontario,45.5,-81.5,14.0,92.0,7.4,0.0,0.4191275954933901,0.01158889,0.00019753922,0.025490196078431372,0.45464107336906284,159,0
45_-82,2026-09-18,3,Ontario,45.5,-81.5,11.3,63.0,25.4,0.0,3.7734052579303645,0.01158889,0.00016979082,0.025490196078431372,0.45464107336906284,162,0
45_-82,2026-09-19,4,Ontario,45.5,-81.5,11.1,69.0,25.3,0.0,5.887668970102284,0.01158889,0.00019753922,0.025490196078431372,0.45464107336906284,170,0
45_-82,2026-09-20,5,Ontario,45.5,-81.5,12.6,63.0,24.0,0.0,7.847021470879752,0.016953317,0.00019753922,0.025490196078431372,0.6650916845179521,153,0
45_-82,2026-09-21,6,Ontario,45.5,-81.5,9.6,63.0,32.7,0.0,12.42103574751915,0.015813954,0.00036769436,0.025490196078431372,0.6203935868464984,161,0
45_-82,2026-09-22,7,Ontario,45.5,-81.5,12.1,61.0,35.3,0.0,15.379147370441824,0.019046638,0.00036769436,0.025490196078431372,0.7472142663139564,142,0
46_-60,2026-09-15,0,New Brunswick,46.5,-59.5,18.61718507825115,62.120718139852706,17.63967223240644,4.589792209261235,0.198958719548381,0.0034599912,0.00010140445,0.0058823529411764705,0.5881985020823777,390,0
46_-60,2026-09-16,1,New Brunswick,46.5,-59.5,15.1,90.0,12.4,0.0,0.29591644438494186,0.0034599912,0.0,0.0058823529411764705,0.5881985020823777,368,0
46_-60,2026-09-17,2,New Brunswick,46.5,-59.5,15.6,80.0,22.4,0.0,0.8285501015826511,0.0034599912,0.0,0.0058823529411764705,0.5881985020823777,357,0
46_-60,2026-09-18,3,New Brunswick,46.5,-59.5,15.0,91.0,26.3,3.1,0.24951247350201486,0.003292181,0.0,0.0058823529411764705,0.5596707807853818,439,0
46_-60,2026-09-19,4,New Brunswick,46.5,-59.5,12.3,78.0,45.3,12.299999999999999,0.251645408689532,0.002782071,0.0,0.0058823529411764705,0.47295207157731056,454,0
46_-60,2026-09-20,5,New Brunswick,46.5,-59.5,11.5,61.0,16.4,0.8999999999999991,0.38582625843245205,0.0034599912,0.0,0.0058823529411764705,0.5881985020823777,355,0
46_-60,2026-09-21,6,New Brunswick,46.5,-59.5,14.0,79.0,21.6,0.9999999999999991,0.6582952877351572,0.0034599912,0.0,0.0058823529411764705,0.5881985020823777,372,0
46_-60,2026-09-22,7,New Brunswick,46.5,-59.5,12.9,73.0,24.3,1.399999999999999,0.8608764783433493,0.0034599912,0.0,0.0058823529411764705,0.5881985020823777,384,0
46_-61,2026-09-15,0,New Brunswick,46.5,-60.5,18.823646357940184,57.426217471055274,10.474340762271632,3.4295319899557013,0.20243878224902362,0.016953317,0.00019753922,0.041176470588235294,0.41172342374920845,117,0
46_-61,2026-09-16,1,New Brunswick,46.5,-60.5,17.5,64.0,6.6,0.0,0.3695956334756828,0.017114606,0.00019753922,0.041176470588235294,0.41564042546919416,107,0
46_-61,2026-09-17,2,New Brunswick,46.5,-60.5,18.1,54.0,7.2,0.0,0.9226867674400562,0.024334805,0.00019753922,0.041176470588235294,0.5909881235233375,79,0
46_-61,2026-09-18,3,New Brunswick,46.5,-60.5,12.0,91.0,8.0,0.6000000000000001,0.7160419210329799,0.013666987,0.00019753922,0.041176470588235294,0.33191255160740446,146,0
46_-61,2026-09-19,4,New Brunswick,46.5,-60.5,10.1,73.0,26.1,7.4,0.25790681016457906,0.01158889,0.00016979082,0.041176470588235294,0.28144447399037226,171,0
46_-61,2026-09-20,5,New Brunswick,46.5,-60.5,11.0,46.0,6.5,0.6,0.37481593034158156,0.013666987,0.00016979082,0.041176470588235294,0.33191255160740446,161,0
46_-61,2026-09-21,6,New Brunswick,46.5,-60.5,13.2,71.0,11.3,0.9,0.5943880523070207,0.013233952,0.00016979082,0.041176470588235294,0.3213959825890405,169,0
46_-61,2026-09-22,7,New Brunswick,46.5,-60.5,11.6,66.0,16.7,0.30000000000000004,1.9046609318666994,0.020055054,0.00016979082,0.041176470588235294,0.48705130549413816,136,0
46_-62,2026-09-15,0,New Brunswick,46.5,-61.5,18.117791443758538,65.86873719843211,15.783048880813798,1.3511178196209206,0.3776199490697722,0.0034599912,0.00010140445,0.00392156862745098,0.8822977531235665,391,0
46_-62,2026-09-16,1,New Brunswick,46.5,-61.5,13.8,92.0,18.1,0.0,0.5483112281622057,0.0034599912,0.0,0.00392156862745098,0.8822977531235665,369,0
46_-62,2026-09-17,2,New Brunswick,46.5,-61.5,15.8,74.0,13.0,0.0,0.6804179806998718,0.0034599912,0.0,0.00392156862745098,0.8822977531235665,358,0
46_-62,2026-09-18,3,New Brunswick,46.5,-61.5,14.9,89.0,17.2,2.1,0.3983869976582577,0.0020446682,0.0,0.00392156862745098,0.5213903880212456,483,0
46_-62,2026-09-19,4,New Brunswick,46.5,-61.5,12.5,73.0,41.8,6.000000000000001,0.8205887454460199,0.0022243848,0.0,0.00392156862745098,0.5672181257978082,461,0
46_-62,2026-09-20,5,New Brunswick,46.5,-61.5,11.1,58.0,10.2,0.10000000000000006,0.4402770979797363,0.0034599912,0.0,0.00392156862745098,0.8822977531235665,356,0
46_-62,2026-09-21,6,New Brunswick,46.5,-61.5,14.4,76.0,19.2,2.1,0.5418790934247063,0.0022243848,0.0,0.00392156862745098,0.5672181257978082,482,0
46_-62,2026-09-22,7,New Brunswick,46.5,-61.5,13.4,72.0,26.8,0.30000000000000004,2.1472799582125655,0.002782071,0.0,0.00392156862745098,0.7094281073659658,478,0
46_-65,2026-09-15,0,Newfoundland and Labrador,46.5,-64.5,17.02473719210727,61.32834341306484,9.455006369563302,0.0,1.743194792434568,0.01158889,0.00016979082,0.025490196078431372,0.45464107336906284,152,0
46_-65,2026-09-16,1,Newfoundland and Labrador,46.5,-64.5,15.9,71.0,23.1,0.0,5.133826397434135,0.01158889,0.00016979082,0.025490196078431372,0.45464107336906284,153,0
46_-65,2026-09-17,2,Newfoundland and Labrador,46.5,-64.5,13.8,71.0,14.6,0.0,3.753696226951213,0.01158889,0.00016979082,0.025490196078431372,0.45464107336906284,160,0
46_-65,2026-09-18,3,Newfoundland and Labrador,46.5,-64.5,15.7,90.0,19.6,18.009999999999998,0.007943390180099994,0.006459243,0.00013172916,0.025490196078431372,0.2534010766360622,255,0
46_-65,2026-09-19,4,Newfoundland and Labrador,46.5,-64.5,11.2,63.0,37.9,1.7,2.0945505019811117,0.0085633695,0.00013172916,0.025490196078431372,0.33594757318496704,228,0
46_-65,2026-09-20,5,Newfoundland and Labrador,46.5,-64.5,11.1,49.0,17.3,0.0,1.4618877202912843,0.008237548,0.00013172916,0.025490196078431372,0.3231653513816687,241,0
46_-65,2026-09-21,6,Newfoundland and Labrador,46.5,-64.5,12.7,65.0,29.0,0.39999999999999997,6.081853031460273,0.0085633695,0.00013172916,0.025490196078431372,0.33594757318496704,237,0
46_-65,2026-09-22,7,Newfoundland and Labrador,46.5,-64.5,10.3,65.0,33.2,0.0,8.76253188618211,0.01158889,0.00016979082,0.025490196078431372,0.45464107336906284,182,0
46_-66,2026-09-15,0,Newfoundland and Labrador,46.5,-65.5,18.354611836106592,50.27235537944607,3.9414769664809035,0.0,2.6374296915643707,0.015813954,0.00016979082,0.03529411764705882,0.44806203494469327,127,0
46_-66,2026-09-16,1,Newfoundland and Labrador,46.5,-65.5,17.7,67.0,16.1,0.0,6.1671839416807686,0.015813954,0.00019753922,0.03529411764705882,0.44806203494469327,127,0
46_-66,2026-09-17,2,Newfoundland and Labrador,46.5,-65.5,16.0,54.0,3.5,0.0,4.2387395308941915,0.017114606,0.00019753922,0.03529411764705882,0.48491382971405983,120,0
46_-66,2026-09-18,3,Newfoundland and Labrador,46.5,-65.5,18.9,56.0,15.4,14.030000000000001,0.5875377151782092,0.01158889,0.00016979082,0.03529411764705882,0.32835188632210094,163,0
46_-66,2026-09-19,4,Newfoundland and Labrador,46.5,-65.5,12.0,45.0,19.4,0.1,3.2755110176251514,0.013233952,0.00016979082,0.03529411764705882,0.3749619796872139,161,0
46_-66,2026-09-20,5,Newfoundland and Labrador,46.5,-65.5,13.0,40.0,12.3,0.0,5.766012748226857,0.019046638,0.00019753922,0.03529411764705882,0.539654747893413,133,0
46_-66,2026-09-21,6,Newfoundland and Labrador,46.5,-65.5,14.6,47.0,14.7,0.4,8.327888400836821,0.023706896,0.00016979082,0.03529411764705882,0.6716953931997219,115,0
46_-66,2026-09-22,7,Newfoundland and Labrador,46.5,-65.5,11.3,45.0,14.8,0.0,9.058494661846668,0.023706896,0.00019753922,0.03529411764705882,0.6716953931997219,125,0
46_-67,2026-09-15,0,Newfoundland and Labrador,46.5,-66.5,18.057556956444024,52.689877013596195,4.430721004864504,0.0,2.269557641009229,0.016953317,0.00016979082,0.029411764705882353,0.5764127932488918,118,0
46_-67,2026-09-16,1,Newfoundland and Labrador,46.5,-66.5,18.7,67.0,11.0,0.0,4.789808836181762,0.017114606,0.00016979082,0.029411764705882353,0.5818965956568718,108,0
46_-67,2026-09-17,2,Newfoundland and Labrador,46.5,-66.5,16.5,55.0,0.8,0.0,3.657699845645506,0.019046638,0.00016979082,0.029411764705882353,0.6475856974720955,105,0
46_-67,2026-09-18,3,Newfoundland and Labrador,46.5,-66.5,19.8,46.0,22.1,10.5,2.0980040965900546,0.013233952,0.00013172916,0.029411764705882353,0.4499543756246567,149,0
46_-67,2026-09-19,4,Newfoundland and Labrador,46.5,-66.5,12.2,45.0,18.5,0.0,4.9004750287074685,0.013666987,0.00016979082,0.029411764705882353,0.4646775722503662,152,0
46_-67,2026-09-20,5,Newfoundland and Labrador,46.5,-66.5,13.7,42.0,15.4,0.0,8.175259788677756,0.020055054,0.00016979082,0.029411764705882353,0.6818718276917934,127,0
46_-67,2026-09-21,6,Newfoundland and Labrador,46.5,-66.5,14.2,46.0,16.9,0.0,10.28387948301709,0.024334805,0.00016979082,0.029411764705882353,0.8273833729326725,107,0
46_-67,2026-09-22,7,Newfoundland and Labrador,46.5,-66.5,12.5,38.0,11.9,0.0,9.975319241059339,0.027721774,0.00019753922,0.029411764705882353,0.9425403103232384,90,0
46_-68,2026-09-15,0,Newfoundland and Labrador,46.5,-67.5,16.126190233029266,52.47364068554776,2.4873278718080485,0.22178022215503798,1.2168744198791897,0.023048475,0.00013172916,0.029411764705882353,0.7836481630802155,83,0
46_-68,2026-09-16,1,Newfoundland and Labrador,46.5,-67.5,14.2,87.0,10.4,0.0,1.9193026028240505,0.017114606,0.00013172916,0.029411764705882353,0.5818965956568718,109,0
46_-68,2026-09-17,2,Newfoundland and Labrador,46.5,-67.5,15.2,58.0,0.4,0.0,1.7471189755253562,0.020055054,0.00016979082,0.029411764705882353,0.6818718276917934,98,0
46_-68,2026-09-18,3,Newfoundland and Labrador,46.5,-67.5,16.1,61.0,27.7,16.6,0.9639730269929399,0.01158889,0.00013172916,0.029411764705882353,0.39402226358652115,164,0
46_-68,2026-09-19,4,Newfoundland and Labrador,46.5,-67.5,10.3,49.0,22.1,0.0,3.1896499090137436,0.016953317,0.00013172916,0.029411764705882353,0.5764127932488918,145,0
46_-68,2026-09-20,5,Newfoundland and Labrador,46.5,-67.5,12.5,48.0,18.4,0.0,6.223940079072013,0.024334805,0.00013172916,0.029411764705882353,0.8273833729326725,109,0
46_-68,2026-09-21,6,Newfoundland and Labrador,46.5,-67.5,11.6,51.0,21.1,0.1,9.157850668835808,0.026660934,0.00016979082,0.029411764705882353,0.9064717590808868,103,0
46_-68,2026-09-22,7,Newfoundland and Labrador,46.5,-67.5,10.0,42.0,19.0,0.0,10.424547496705278,0.031681307,0.00019753922,0.029411764705882353,1.077164426445961,62,1
46_-71,2026-09-15,0,Quebec,46.5,-70.5,15.535973705310468,54.32095239545501,8.887352570117534,0.03642415742765186,4.406306417536417,0.006459243,0.00016979082,0.00980392156862745,0.6588427992537618,262,0
46_-71,2026-09-16,1,Quebec,46.5,-70.5,15.3,89.0,9.4,0.0,2.971678608478707,0.006459243,0.00016979082,0.00980392156862745,0.6588427992537618,252,0
46_-71,2026-09-17,2,Quebec,46.5,-70.5,15.5,68.0,5.7,0.7,2.588648835900608,0.006459243,0.00016979082,0.00980392156862745,0.6588427992537618,251,0
46_-71,2026-09-18,3,Quebec,46.5,-70.5,13.5,45.0,27.0,0.0,14.896262585698091,0.008237548,0.00019753922,0.00980392156862745,0.8402299135923386,231,0
46_-71,2026-09-19,4,Quebec,46.5,-70.5,10.7,43.0,9.4,0.0,8.472280060883026,0.0085633695,0.00016979082,0.00980392156862745,0.8734636902809143,229,0
46_-71,2026-09-20,5,Quebec,46.5,-70.5,13.8,49.0,12.2,0.0,9.990706291748653,0.008910148,0.00019753922,0.00980392156862745,0.9088351372629404,215,0
46_-71,2026-09-21,6,Quebec,46.5,-70.5,11.1,50.0,9.4,0.4,9.180964421706289,0.0085633695,0.00016979082,0.00980392156862745,0.8734636902809143,238,0
46_-71,2026-09-22,7,Quebec,46.5,-70.5,12.2,40.0,7.5,0.0,9.710072354083431,0.008910148,0.00019753922,0.00980392156862745,0.9088351372629404,236,0
46_-72,2026-09-15,0,Quebec,46.5,-71.5,15.272391499822623,57.8982999479544,5.764755558336928,0.0,1.7646367202140114,0.013233952,0.00019753922,0.0392156862745098,0.3374657817184925,135,0
46_-72,2026-09-16,1,Quebec,46.5,-71.5,19.8,75.0,11.7,0.0,2.950551621173366,0.013666987,0.00036769436,0.0392156862745098,0.34850817918777466,130,0
46_-72,2026-09-17,2,Quebec,46.5,-71.5,17.1,65.0,13.7,0.0,4.935375613246574,0.017114606,0.00036769436,0.0392156862745098,0.43642244674265385,121,0
46_-72,2026-09-18,3,Quebec,46.5,-71.5,15.4,42.0,24.7,0.0,13.564042033365851,0.027721774,0.00036769436,0.0392156862745098,0.7069052327424288,72,1
46_-72,2026-09-19,4,Quebec,46.5,-71.5,13.1,44.0,7.6,0.0,7.037136451072521,0.024334805,0.00036769436,0.0392156862745098,0.6205375296995044,103,0
46_-72,2026-09-20,5,Quebec,46.5,-71.5,15.2,47.0,10.2,0.0,8.351206848486898,0.029426603,0.00036769436,0.0392156862745098,0.7503783674910665,84,0
46_-72,2026-09-21,6,Quebec,46.5,-71.5,13.0,43.0,12.1,0.0,9.605088379471221,0.031681307,0.00036769436,0.0392156862745098,0.8078733198344707,62,1
46_-72,2026-09-22,7,Quebec,46.5,-71.5,13.3,42.0,9.9,0.0,9.304903871730472,0.031681307,0.00036769436,0.0392156862745098,0.8078733198344707,63,1
46_-73,2026-09-15,0,Quebec,46.5,-72.5,14.20331053920437,61.261580615944965,6.834500398501521,0.09838924024894524,0.5419728571732461,0.0085633695,0.00016979082,0.021568627450980392,0.39702895012768835,219,0
46_-73,2026-09-16,1,Quebec,46.5,-72.5,20.0,79.0,11.7,0.0,1.769430120322462,0.008910148,0.00019753922,0.021568627450980392,0.4131068805740638,194,0
46_-73,2026-09-17,2,Quebec,46.5,-72.5,17.2,68.0,14.3,1.1,2.3671513921587435,0.0085633695,0.00016979082,0.021568627450980392,0.39702895012768835,219,0
46_-73,2026-09-18,3,Quebec,46.5,-72.5,16.1,37.0,26.3,0.0,13.969161755414785,0.019046638,0.00036769436,0.021568627450980392,0.8830714056437666,120,0
46_-73,2026-09-19,4,Quebec,46.5,-72.5,12.9,46.0,11.2,0.0,7.923077389750162,0.015813954,0.00019753922,0.021568627450980392,0.7331924208185889,150,0
46_-73,2026-09-20,5,Quebec,46.5,-72.5,15.0,53.0,5.6,0.0,6.495150099259235,0.013666987,0.00036769436,0.021568627450980392,0.633651234886863,162,0
46_-73,2026-09-21,6,Quebec,46.5,-72.5,13.2,43.0,18.8,0.3,12.68249247781717,0.017114606,0.00036769436,0.021568627450980392,0.7934953577139161,142,0
46_-73,2026-09-22,7,Quebec,46.5,-72.5,14.2,40.0,11.9,0.0,10.775620700031904,0.019046638,0.00036769436,0.021568627450980392,0.8830714056437666,143,0
46_-74,2026-09-15,0,Quebec,46.5,-73.5,13.42833441207659,62.54727836571623,8.910633384775597,0.020872763129269927,2.847600554534727,0.01158889,0.00016979082,0.03333333333333333,0.3476667031645775,153,0
46_-74,2026-09-16,1,Quebec,46.5,-73.5,17.5,85.0,6.1,0.0,1.9814465259802045,0.01158889,0.00019753922,0.03333333333333333,0.3476667031645775,154,0
46_-74,2026-09-17,2,Quebec,46.5,-73.5,15.1,77.0,7.2,0.0,2.6621861427880504,0.013233952,0.00019753922,0.03333333333333333,0.39701856672763824,144,0
46_-74,2026-09-18,3,Quebec,46.5,-73.5,13.6,38.0,19.4,0.0,11.200382760848669,0.027721774,0.00036769436,0.03333333333333333,0.8316532149910927,73,1
46_-74,2026-09-19,4,Quebec,46.5,-73.5,11.0,46.0,7.3,0.0,6.946571967393064,0.024334805,0.00036769436,0.03333333333333333,0.7300441525876522,104,0
46_-74,2026-09-20,5,Quebec,46.5,-73.5,14.9,42.0,2.6,0.0,6.632331653482295,0.03278111,0.00036769436,0.03333333333333333,0.9834332764148712,51,1
46_-74,2026-09-21,6,Quebec,46.5,-73.5,10.7,44.0,13.2,0.0,11.005220522292856,0.031681307,0.00036769436,0.03333333333333333,0.9504391998052597,63,1
46_-74,2026-09-22,7,Quebec,46.5,-73.5,12.5,41.0,11.8,0.0,10.999983693918448,0.03429977,0.00036769436,0.03333333333333333,1.0289930552244186,44,1
46_-75,2026-09-15,0,Quebec,46.5,-74.5,15.34244627803481,56.66812080353622,9.311964740868852,0.0,5.212138397783875,0.024334805,0.00019753922,0.0392156862745098,0.6205375296995044,69,1
46_-75,2026-09-16,1,Quebec,46.5,-74.5,17.8,84.0,8.5,0.0,4.063839591767828,0.020055054,0.00036769436,0.0392156862745098,0.5114038707688451,86,0
46_-75,2026-09-17,2,Quebec,46.5,-74.5,16.9,67.0,4.9,0.0,3.9920806110929554,0.024334805,0.00036769436,0.0392156862745098,0.6205375296995044,80,0
46_-75,2026-09-18,3,Quebec,46.5,-74.5,13.3,42.0,17.6,0.0,11.47769031616019,0.031681307,0.00036769436,0.0392156862745098,0.8078733198344707,49,1
46_-75,2026-09-19,4,Quebec,46.5,-74.5,12.4,45.0,4.7,0.0,7.103969780364705,0.031681307,0.00036769436,0.0392156862745098,0.8078733198344707,57,1
46_-75,2026-09-20,5,Quebec,46.5,-74.5,14.4,40.0,7.4,0.0,9.480729828427757,0.03278111,0.00036769436,0.0392156862745098,0.8359182849526405,52,1
46_-75,2026-09-21,6,Quebec,46.5,-74.5,10.8,46.0,11.0,0.0,11.404765692476595,0.03278111,0.00036769436,0.0392156862745098,0.8359182849526405,51,1
46_-75,2026-09-22,7,Quebec,46.5,-74.5,13.4,40.0,10.9,0.0,11.978018937929114,0.03429977,0.0007264472,0.0392156862745098,0.8746440969407558,45,1
46_-76,2026-09-15,0,Quebec,46.5,-75.5,15.938923161025523,61.75453223811619,14.447928017710005,0.0,8.078200707804845,0.031681307,0.00036769436,0.050980392156862744,0.6214410152572852,30,1
46_-76,2026-09-16,1,Quebec,46.5,-75.5,21.1,63.0,9.2,0.4,6.890837899883301,0.03278111,0.00036769436,0.050980392156862744,0.6430140653481851,22,1
46_-76,2026-09-17,2,Quebec,46.5,-75.5,17.9,68.0,5.4,0.0,6.006125400753566,0.029426603,0.0007264472,0.050980392156862744,0.5772141288392819,51,1
46_-76,2026-09-18,3,Quebec,46.5,-75.5,14.1,40.0,16.4,0.0,13.108075086869768,0.039974753,0.0007264472,0.050980392156862744,0.784120151343254,32,1
46_-76,2026-09-19,4,Quebec,46.5,-75.5,13.1,46.0,4.9,0.0,8.446814951216355,0.03429977,0.00046264168,0.050980392156862744,0.6728031514928892,43,1
46_-76,2026-09-20,5,Quebec,46.5,-75.5,15.7,44.0,5.2,0.0,9.077387398430867,0.039974753,0.00046264168,0.050980392156862744,0.784120151343254,40,1
46_-76,2026-09-21,6,Quebec,46.5,-75.5,11.4,48.0,11.2,0.0,12.02861403623901,0.03429977,0.00046264168,0.050980392156862744,0.6728031514928892,45,1
46_-76,2026-09-22,7,Quebec,46.5,-75.5,14.9,37.0,9.5,0.0,12.822236980803618,0.04981479,0.00086677365,0.050980392156862744,0.9771362749429849,34,1
46_-77,2026-09-15,0,Quebec,46.5,-76.5,15.617037348517304,68.89488951170436,11.679724760097947,0.0,6.700485089179102,0.020055054,0.00036769436,0.03529411764705882,0.5682265230764946,88,0
46_-77,2026-09-16,1,Quebec,46.5,-76.5,19.7,60.0,7.8,0.8,4.7527666637548425,0.027218936,0.00036769436,0.03529411764705882,0.7712031869838635,61,1
46_-77,2026-09-17,2,Quebec,46.5,-76.5,16.4,69.0,4.3,0.0,4.228505577370963,0.017114606,0.00036769436,0.03529411764705882,0.48491382971405983,122,0
46_-77,2026-09-18,3,Quebec,46.5,-76.5,13.2,40.0,15.5,0.0,11.450927428327152,0.027721774,0.00036769436,0.03529411764705882,0.7854502586026987,74,1
46_-77,2026-09-19,4,Quebec,46.5,-76.5,11.6,46.0,7.3,0.0,8.396541395972095,0.029426603,0.00036769436,0.03529411764705882,0.8337537416567405,70,1
46_-77,2026-09-20,5,Quebec,46.5,-76.5,15.8,44.0,3.6,0.0,8.036269253597967,0.027721774,0.00036769436,0.03529411764705882,0.7854502586026987,92,0
46_-77,2026-09-21,6,Quebec,46.5,-76.5,10.6,47.0,11.0,0.0,11.362761436970048,0.027721774,0.00036769436,0.03529411764705882,0.7854502586026987,89,0
46_-77,2026-09-22,7,Quebec,46.5,-76.5,13.4,38.0,12.3,0.0,13.392474622943713,0.031681307,0.0007264472,0.03529411764705882,0.8976370220383009,64,1
46_-78,2026-09-15,0,Quebec,46.5,-77.5,14.021323262696603,80.21754785832753,11.661839902914931,0.03826428993150907,3.2127884747901323,0.019046638,0.00019753922,0.045098039215686274,0.4223384983513666,94,0
46_-78,2026-09-16,1,Quebec,46.5,-77.5,18.9,59.0,9.4,1.1,2.6833140594316562,0.020055054,0.00036769436,0.045098039215686274,0.4446990180598653,87,0
46_-78,2026-09-17,2,Quebec,46.5,-77.5,16.6,69.0,5.2,0.0,3.0547285726060713,0.019046638,0.00036769436,0.045098039215686274,0.4223384983513666,106,0
46_-78,2026-09-18,3,Quebec,46.5,-77.5,12.6,42.0,15.1,0.0,9.257978715683787,0.027721774,0.00036769436,0.045098039215686274,0.6147002023847207,75,1
46_-78,2026-09-19,4,Quebec,46.5,-77.5,11.6,42.0,8.1,0.0,8.065597780371236,0.027721774,0.00036769436,0.045098039215686274,0.6147002023847207,84,0
46_-78,2026-09-20,5,Quebec,46.5,-77.5,14.1,44.0,5.4,0.0,7.862295276797786,0.029426603,0.00036769436,0.045098039215686274,0.6525029282531013,85,0
46_-78,2026-09-21,6,Quebec,46.5,-77.5,10.1,46.0,10.7,0.0,10.248952234930556,0.027721774,0.00036769436,0.045098039215686274,0.6147002023847207,90,0
46_-78,2026-09-22,7,Quebec,46.5,-77.5,13.8,35.0,14.1,0.0,14.235953124338952,0.03278111,0.0007264472,0.045098039215686274,0.7268854651762092,51,1
46_-79,2026-09-15,0,Quebec,46.5,-78.5,13.742158654518722,90.53469334237313,14.428982440500299,0.5190100096964977,1.4042643413561386,0.017114606,0.00019753922,0.047058823529411764,0.3636853722855449,108,0
46_-79,2026-09-16,1,Quebec,46.5,-78.5,18.2,64.0,7.5,1.2000000000000002,0.9070915956216951,0.019046638,0.00036769436,0.047058823529411764,0.4047410609200597,96,0
46_-79,2026-09-17,2,Quebec,46.5,-78.5,16.4,70.0,6.6,0.0,2.003572303285977,0.020055054,0.00036769436,0.047058823529411764,0.4261698923073709,99,0
46_-79,2026-09-18,3,Quebec,46.5,-78.5,12.2,43.0,14.7,0.0,7.589922091171661,0.024334805,0.00036769436,0.047058823529411764,0.5171146080829203,92,0
46_-79,2026-09-19,4,Quebec,46.5,-78.5,12.0,42.0,8.4,0.0,7.5881037833776945,0.027218936,0.00036769436,0.047058823529411764,0.5784023902378976,93,0
46_-79,2026-09-20,5,Quebec,46.5,-78.5,16.1,39.0,7.6,0.0,9.440837756386195,0.031681307,0.00046264168,0.047058823529411764,0.6732277665287256,65,1
46_-79,2026-09-21,6,Quebec,46.5,-78.5,10.2,46.0,12.0,0.0,11.596050280032184,0.031681307,0.0007264472,0.047058823529411764,0.6732277665287256,64,1
46_-79,2026-09-22,7,Quebec,46.5,-78.5,13.6,37.0,14.8,0.0,14.243500495803318,0.03429977,0.00086677365,0.047058823529411764,0.7288700807839632,46,1
46_-80,2026-09-15,0,Ontario,46.5,-79.5,12.480528817151521,95.72585795109583,16.182686215836444,1.2024569690539477,0.46718316577669416,0.020055054,0.00036769436,0.058823529411764705,0.3409359138458967,89,0
46_-80,2026-09-16,1,Ontario,46.5,-79.5,18.0,65.0,5.4,1.2000000000000002,0.42011682537995215,0.020055054,0.00036769436,0.058823529411764705,0.3409359138458967,88,0
46_-80,2026-09-17,2,Ontario,46.5,-79.5,17.8,58.0,9.4,0.0,1.436550499563113,0.019046638,0.00036769436,0.058823529411764705,0.32379284873604774,107,0
46_-80,2026-09-18,3,Ontario,46.5,-79.5,12.1,44.0,13.7,0.0,5.437405129118824,0.023706896,0.00036769436,0.058823529411764705,0.4030172359198332,102,0
46_-80,2026-09-19,4,Ontario,46.5,-79.5,11.9,43.0,9.4,0.0,6.200264991595756,0.029426603,0.00036769436,0.058823529411764705,0.5002522449940443,71,1
46_-80,2026-09-20,5,Ontario,46.5,-79.5,16.4,39.0,7.6,0.0,7.842385045386823,0.03278111,0.0007264472,0.058823529411764705,0.5572788566350937,53,1
46_-80,2026-09-21,6,Ontario,46.5,-79.5,10.0,47.0,13.8,0.0,10.422157365895313,0.031681307,0.00086677365,0.058823529411764705,0.5385822132229805,65,1
46_-80,2026-09-22,7,Ontario,46.5,-79.5,13.7,37.0,15.7,0.0,12.728431976653766,0.039974753,0.00086677365,0.058823529411764705,0.6795707978308201,39,1
46_-81,2026-09-15,0,Ontario,46.5,-80.5,13.232120127715175,96.95284805108606,34.34221321279117,2.799113763475425,0.29056961021721406,0.039974753,0.00036769436,0.11176470588235295,0.3576688409635895,9,1
46_-81,2026-09-16,1,Ontario,46.5,-80.5,18.1,65.0,4.3,0.0,0.5743264907064516,0.054577813,0.00046264168,0.11176470588235295,0.4883277965219397,3,1
46_-81,2026-09-17,2,Ontario,46.5,-80.5,19.1,56.0,12.6,0.0,3.598499374774671,0.04981479,0.00046264168,0.11176470588235295,0.44571128330732646,14,1
46_-81,2026-09-18,3,Ontario,46.5,-80.5,13.4,40.0,11.2,0.0,7.246472983004896,0.06739664,0.0007264472,0.11176470588235295,0.603022575378418,9,1
46_-81,2026-09-19,4,Ontario,46.5,-80.5,12.9,47.0,9.5,0.0,7.67500027561676,0.076548226,0.0007264472,0.11176470588235295,0.6849051815898795,8,1
46_-81,2026-09-20,5,Ontario,46.5,-80.5,17.2,41.0,8.5,0.0,9.393847285824453,0.076548226,0.00086677365,0.11176470588235295,0.6849051815898795,8,1
46_-81,2026-09-21,6,Ontario,46.5,-80.5,10.2,47.0,14.6,0.0,12.28452096535743,0.08461878,0.00086677365,0.11176470588235295,0.7571153734859667,5,1
46_-81,2026-09-22,7,Ontario,46.5,-80.5,14.5,37.0,15.6,0.0,14.381836773951854,0.11399712,0.0010142957,0.11176470588235295,1.0199742019176483,1,1
46_-82,2026-09-15,0,Ontario,46.5,-81.5,14.07564306180088,95.42251508304157,34.0125542484843,4.2750873302450865,0.2894834338869438,0.031681307,0.00036769436,0.07254901960784314,0.4366882809916058,31,1
46_-82,2026-09-16,1,Ontario,46.5,-81.5,17.6,62.0,6.3,1.1,0.6589693112034161,0.031681307,0.00046264168,0.07254901960784314,0.4366882809916058,33,1
46_-82,2026-09-17,2,Ontario,46.5,-81.5,18.2,56.0,12.1,0.0,3.5012560571339444,0.03278111,0.00046264168,0.07254901960784314,0.4518477215960219,34,1
46_-82,2026-09-18,3,Ontario,46.5,-81.5,12.9,38.0,11.4,0.0,7.847042888926764,0.03429977,0.00036769436,0.07254901960784314,0.47278059294094904,40,1
46_-82,2026-09-19,4,Ontario,46.5,-81.5,12.3,47.0,9.7,0.0,8.270730035955284,0.039974753,0.00036769436,0.07254901960784314,0.5510033495925568,35,1
46_-82,2026-09-20,5,Ontario,46.5,-81.5,16.7,45.0,11.5,0.0,10.622136767743424,0.039974753,0.0007264472,0.07254901960784314,0.5510033495925568,41,1
46_-82,2026-09-21,6,Ontario,46.5,-81.5,9.3,48.0,16.4,0.0,13.323930711343136,0.03429977,0.0007264472,0.07254901960784314,0.47278059294094904,46,1
46_-82,2026-09-22,7,Ontario,46.5,-81.5,13.4,40.0,15.8,0.0,14.222014637602133,0.04981479,0.00086677365,0.07254901960784314,0.6866363013112866,35,1
46_-83,2026-09-15,0,Ontario,46.5,-82.5,16.046038236333185,91.13904731231915,28.072812273082572,7.873200257651902,0.2609269820821278,0.023706896,0.00036769436,0.03137254901960784,0.7556573173496872,77,1
46_-83,2026-09-16,1,Ontario,46.5,-82.5,16.6,61.0,5.4,5.4,0.11937243128839936,0.017114606,0.00036769436,0.03137254901960784,0.5455280584283173,110,0
46_-83,2026-09-17,2,Ontario,46.5,-82.5,17.0,59.0,12.3,0.0,1.3473747146692605,0.017114606,0.00036769436,0.03137254901960784,0.5455280584283173,123,0
46_-83,2026-09-18,3,Ontario,46.5,-82.5,12.7,35.0,11.0,0.0,5.129767985175388,0.024334805,0.00036769436,0.03137254901960784,0.7756719121243805,93,0
46_-83,2026-09-19,4,Ontario,46.5,-82.5,12.3,48.0,11.5,0.0,7.254317857390026,0.026660934,0.00036769436,0.03137254901960784,0.8498172741383314,96,0
46_-83,2026-09-20,5,Ontario,46.5,-82.5,16.4,47.0,13.2,0.0,9.836364051053371,0.031681307,0.00036769436,0.03137254901960784,1.0098416497930884,66,1
46_-83,2026-09-21,6,Ontario,46.5,-82.5,9.2,44.0,15.5,0.0,11.259595584961007,0.031681307,0.00036769436,0.03137254901960784,1.0098416497930884,66,1
46_-83,2026-09-22,7,Ontario,46.5,-82.5,13.4,38.0,16.8,0.0,14.17657216515023,0.03278111,0.0007264472,0.03137254901960784,1.0448978561908007,52,1
46_-84,2026-09-15,0,Ontario,46.5,-83.5,17.2291801148591,96.64569262090872,16.18302643118326,8.765381185269735,0.0,0.020055054,0.00036769436,0.029411764705882353,0.6818718276917934,90,0
46_-84,2026-09-16,1,Ontario,46.5,-83.5,18.1,50.0,3.7,0.0,0.37296194581251013,0.027721774,0.00046264168,0.029411764705882353,0.9425403103232384,55,1
46_-84,2026-09-17,2,Ontario,46.5,-83.5,17.8,60.0,10.2,0.0,1.9592736437731015,0.023706896,0.00036769436,0.029411764705882353,0.8060344718396664,90,0
46_-84,2026-09-18,3,Ontario,46.5,-83.5,12.6,36.0,7.0,0.0,5.1306181652473315,0.020055054,0.00036769436,0.029411764705882353,0.6818718276917934,115,0
46_-84,2026-09-19,4,Ontario,46.5,-83.5,13.1,53.0,12.5,0.0,8.04397987618332,0.026660934,0.00036769436,0.029411764705882353,0.9064717590808868,97,0
46_-84,2026-09-20,5,Ontario,46.5,-83.5,16.7,49.0,13.4,0.0,10.340943306323627,0.029426603,0.00036769436,0.029411764705882353,1.0005044899880886,86,0
46_-84,2026-09-21,6,Ontario,46.5,-83.5,9.7,43.0,13.7,0.0,11.144651803369845,0.027721774,0.00036769436,0.029411764705882353,0.9425403103232384,91,0
46_-84,2026-09-22,7,Ontario,46.5,-83.5,14.1,35.0,15.8,0.0,15.446982598773085,0.03278111,0.0007264472,0.029411764705882353,1.1145577132701874,53,1
46_-85,2026-09-15,0,Ontario,46.5,-84.5,17.628893214565927,96.93354469941475,17.31344902576476,8.057657510469307,0.0,0.01158889,0.00036769436,0.00980392156862745,1.1820667907595634,154,0
46_-85,2026-09-16,1,Ontario,46.5,-84.5,18.4,62.0,6.9,0.7,0.31193466648257834,0.01158889,0.00036769436,0.00980392156862745,1.1820667907595634,155,0
46_-85,2026-09-17,2,Ontario,46.5,-84.5,17.7,60.0,12.4,0.0,1.833090536743355,0.009431681,0.00036769436,0.00980392156862745,0.962031427770853,203,0
46_-85,2026-09-18,3,Ontario,46.5,-84.5,14.3,44.0,2.9,0.0,2.842657820946937,0.0085633695,0.00019753922,0.00980392156862745,0.8734636902809143,225,0
46_-85,2026-09-19,4,Ontario,46.5,-84.5,14.9,54.0,20.9,0.0,10.336953220722178,0.008910148,0.00019753922,0.00980392156862745,0.9088351372629404,220,0
46_-85,2026-09-20,5,Ontario,46.5,-84.5,17.6,54.0,12.5,0.0,8.551226707929278,0.01158889,0.00019753922,0.00980392156862745,1.1820667907595634,182,0
46_-85,2026-09-21,6,Ontario,46.5,-84.5,10.3,45.0,15.3,0.0,10.61412764010605,0.009431681,0.00019753922,0.00980392156862745,0.962031427770853,221,0
46_-85,2026-09-22,7,Ontario,46.5,-84.5,14.8,37.0,18.8,0.0,15.852651535639843,0.017114606,0.00036769436,0.00980392156862745,1.7456897869706154,154,0
47_-53,2026-09-15,0,Quebec,47.5,-52.5,16.79956348460028,83.33179355635603,15.279734927949786,8.450072545209858,0.08998886026930092,0.0034599912,0.0,0.00392156862745098,0.8822977531235665,392,0
47_-53,2026-09-16,1,Quebec,47.5,-52.5,13.3,98.0,11.4,2.4,0.0028471901518701526,0.0034599912,0.0,0.00392156862745098,0.8822977531235665,370,0
47_-53,2026-09-17,2,Quebec,47.5,-52.5,19.7,69.0,17.0,21.3,0.07192180556093618,0.005107495,0.0,0.00392156862745098,1.3024112256243825,283,0
47_-53,2026-09-18,3,Quebec,47.5,-52.5,13.4,94.0,11.8,0.4,0.129076951298909,0.0034599912,0.0,0.00392156862745098,0.8822977531235665,341,0
47_-53,2026-09-19,4,Quebec,47.5,-52.5,11.8,65.0,44.3,8.2,0.7922938400582563,0.0034599912,0.0,0.00392156862745098,0.8822977531235665,347,0
47_-53,2026-09-20,5,Quebec,47.5,-52.5,10.0,60.0,16.8,0.30000000000000004,0.5635644809058105,0.0034599912,0.0,0.00392156862745098,0.8822977531235665,357,0
47_-53,2026-09-21,6,Quebec,47.5,-52.5,12.6,62.0,12.6,1.2000000000000002,0.5875865272346412,0.0034599912,0.0,0.00392156862745098,0.8822977531235665,373,0
47_-53,2026-09-22,7,Quebec,47.5,-52.5,10.7,88.0,13.8,3.8000000000000003,0.06729682028168261,0.0034599912,0.0,0.00392156862745098,0.8822977531235665,385,0
47_-54,2026-09-15,0,Quebec,47.5,-53.5,16.61782901804205,88.14999362220723,8.984455861639194,10.979075545254714,0.005438915368565587,0.01158889,0.00013172916,0.023529411764705882,0.49252782948315144,155,0
47_-54,2026-09-16,1,Quebec,47.5,-53.5,13.8,98.0,15.8,9.5,1.4759516919123897e-06,0.01158889,0.00010140445,0.023529411764705882,0.49252782948315144,156,0
47_-54,2026-09-17,2,Quebec,47.5,-53.5,18.4,75.0,15.3,12.6,0.01481963365163787,0.01158889,0.00011976607,0.023529411764705882,0.49252782948315144,161,0
47_-54,2026-09-18,3,Quebec,47.5,-53.5,15.2,79.0,1.2,0.2,0.06697442670713484,0.008910148,0.00010140445,0.023529411764705882,0.37868130719289184,207,0
47_-54,2026-09-19,4,Quebec,47.5,-53.5,10.8,68.0,35.5,10.5,0.23912481424936963,0.009431681,0.00010140445,0.023529411764705882,0.40084642823785543,211,0
47_-54,2026-09-20,5,Quebec,47.5,-53.5,10.3,56.0,12.7,0.0,0.4138522646907856,0.009803922,0.00010140445,0.023529411764705882,0.41666668141260743,209,0
47_-54,2026-09-21,6,Quebec,47.5,-53.5,12.3,63.0,14.3,0.30000000000000004,0.8360886486486293,0.009431681,0.00010140445,0.023529411764705882,0.40084642823785543,222,0
47_-54,2026-09-22,7,Quebec,47.5,-53.5,11.2,85.0,11.7,2.8000000000000003,0.18193324626977186,0.008237548,0.00010140445,0.023529411764705882,0.35009579733014107,267,0
47_-56,2026-09-15,0,Quebec,47.5,-55.5,17.068866879678136,72.16967496770904,21.440990760525654,17.47497001509871,0.14758322968015464,0.0034599912,0.0,0.00392156862745098,0.8822977531235665,393,0
47_-56,2026-09-16,1,Quebec,47.5,-55.5,13.1,95.0,12.2,1.0,0.0914335246145506,0.0020446682,0.0,0.00392156862745098,0.5213903880212456,497,0
47_-56,2026-09-17,2,Quebec,47.5,-55.5,18.3,78.0,16.3,0.0,0.5465324540209917,0.0034599912,0.0,0.00392156862745098,0.8822977531235665,359,0
47_-56,2026-09-18,3,Quebec,47.5,-55.5,14.6,64.0,5.9,0.0,0.5533958546302405,0.0022243848,0.0,0.00392156862745098,0.5672181257978082,466,0
47_-56,2026-09-19,4,Quebec,47.5,-55.5,10.5,61.0,34.5,19.7,0.4272533121138715,0.0022243848,0.0,0.00392156862745098,0.5672181257978082,462,0
47_-56,2026-09-20,5,Quebec,47.5,-55.5,10.9,58.0,2.2,0.0,0.26417746136811165,0.0022243848,0.0,0.00392156862745098,0.5672181257978082,463,0
47_-56,2026-09-21,6,Quebec,47.5,-55.5,10.1,73.0,5.3,0.2,0.417607686264891,0.0020446682,0.0,0.00392156862745098,0.5213903880212456,496,0
47_-56,2026-09-22,7,Quebec,47.5,-55.5,12.4,73.0,13.9,13.3,0.03767023300786379,0.0020446682,0.0,0.00392156862745098,0.5213903880212456,510,0
47_-65,2026-09-15,0,New Brunswick,47.5,-64.5,16.293662768694098,65.6839087736836,7.382937422935549,0.8263900131571478,2.4114162098084986,0.005107495,0.00013172916,0.00784313725490196,0.6512056128121912,305,0
47_-65,2026-09-16,1,New Brunswick,47.5,-64.5,15.1,82.0,28.8,0.0,5.940870545366168,0.006459243,0.00010140445,0.00784313725490196,0.8235534990672022,253,0
47_-65,2026-09-17,2,New Brunswick,47.5,-64.5,12.8,66.0,8.7,0.0,2.6424321639876154,0.005107495,0.00010140445,0.00784313725490196,0.6512056128121912,284,0
47_-65,2026-09-18,3,New Brunswick,47.5,-64.5,14.0,82.0,23.0,2.83,0.9273178090793683,0.0034599912,0.0,0.00784313725490196,0.44114887656178325,342,0
47_-65,2026-09-19,4,New Brunswick,47.5,-64.5,10.6,64.0,46.1,1.0999999999999999,8.551321258335848,0.00510037,0.0,0.00784313725490196,0.6502971646841615,316,0
47_-65,2026-09-20,5,New Brunswick,47.5,-64.5,10.1,57.0,25.0,0.0,5.755282351263373,0.00510037,0.0,0.00784313725490196,0.6502971646841615,314,0
47_-65,2026-09-21,6,New Brunswick,47.5,-64.5,12.2,64.0,31.0,2.6,3.3454067845765407,0.00510037,0.0,0.00784313725490196,0.6502971646841615,325,0
47_-65,2026-09-22,7,New Brunswick,47.5,-64.5,10.2,61.0,32.0,0.0,6.654484181034824,0.00510037,0.00010140445,0.00784313725490196,0.6502971646841615,344,0
47_-66,2026-09-15,0,Newfoundland and Labrador,47.5,-65.5,17.358450701178032,48.54041982244841,4.7610298107410935,0.5880458597909507,5.05467719602998,0.031681307,0.00019753922,0.054901960784313725,0.5770523713103363,32,1
47_-66,2026-09-16,1,Newfoundland and Labrador,47.5,-65.5,15.4,84.0,11.5,0.0,4.403967286585766,0.029426603,0.00019753922,0.054901960784313725,0.5359845482079046,49,1
47_-66,2026-09-17,2,Newfoundland and Labrador,47.5,-65.5,12.7,68.0,5.9,0.0,3.5650588939935943,0.026660934,0.00019753922,0.054901960784313725,0.4856098709361894,71,1
47_-66,2026-09-18,3,Newfoundland and Labrador,47.5,-65.5,16.4,62.0,22.6,2.65,3.257697274025341,0.016953317,0.00016979082,0.054901960784313725,0.30879256781190634,138,0
47_-66,2026-09-19,4,Newfoundland and Labrador,47.5,-65.5,9.0,56.0,23.2,1.5,3.686183453966652,0.020055054,0.00016979082,0.054901960784313725,0.36528847912060364,119,0
47_-66,2026-09-20,5,Newfoundland and Labrador,47.5,-65.5,11.5,38.0,14.1,0.0,6.139252314206321,0.031681307,0.00019753922,0.054901960784313725,0.5770523713103363,67,1
47_-66,2026-09-21,6,Newfoundland and Labrador,47.5,-65.5,11.1,61.0,20.0,3.3,1.8436734631313236,0.021778585,0.00016979082,0.054901960784313725,0.39668137673288584,125,0
47_-66,2026-09-22,7,Newfoundland and Labrador,47.5,-65.5,9.9,52.0,16.5,0.0,3.374233920169325,0.024334805,0.00016979082,0.054901960784313725,0.4432410926425031,113,0
47_-67,2026-09-15,0,New Brunswick,47.5,-66.5,16.618538238009968,52.50767855091845,6.451868804093491,1.770032245368044,2.4650678288874466,0.009431681,0.00015071884,0.011764705882352941,0.8016928564757109,194,0
47_-67,2026-09-16,1,New Brunswick,47.5,-66.5,18.3,73.0,10.4,0.0,2.8055171542173096,0.008910148,0.00016979082,0.011764705882352941,0.7573626143857837,195,0
47_-67,2026-09-17,2,New Brunswick,47.5,-66.5,11.7,66.0,3.8,0.0,2.451459054637156,0.008237548,0.00013172916,0.011764705882352941,0.7001915946602821,233,0
47_-67,2026-09-18,3,New Brunswick,47.5,-66.5,12.3,89.0,20.1,1.5499999999999998,2.260073490127654,0.00510037,0.00010140445,0.011764705882352941,0.43353144312277436,308,0
47_-67,2026-09-19,4,New Brunswick,47.5,-66.5,5.9,65.0,22.9,1.5,2.9072310072787797,0.00510037,0.00010140445,0.011764705882352941,0.43353144312277436,317,0
47_-67,2026-09-20,5,New Brunswick,47.5,-66.5,12.2,41.0,14.0,0.0,4.751483989651934,0.008237548,0.00013172916,0.011764705882352941,0.7001915946602821,242,0
47_-67,2026-09-21,6,New Brunswick,47.5,-66.5,8.8,70.0,19.9,4.0,0.7722843369183392,0.006459243,0.00010140445,0.011764705882352941,0.5490356660448015,270,0
47_-67,2026-09-22,7,New Brunswick,47.5,-66.5,8.7,54.0,16.9,0.0,2.2318574931155193,0.006459243,0.00010140445,0.011764705882352941,0.5490356660448015,289,0
47_-68,2026-09-15,0,Newfoundland and Labrador,47.5,-67.5,16.01963865944156,50.674412795206436,6.393901848971068,5.976174626852512,0.2554674035497665,0.0085633695,0.00013172916,0.011764705882352941,0.7278864085674286,220,0
47_-68,2026-09-16,1,Newfoundland and Labrador,47.5,-67.5,17.4,68.0,14.2,0.0,0.979100732143105,0.0085633695,0.00013172916,0.011764705882352941,0.7278864085674286,209,0
47_-68,2026-09-17,2,Newfoundland and Labrador,47.5,-67.5,12.8,58.0,2.9,2.9,0.2935577432270856,0.008237548,0.00010140445,0.011764705882352941,0.7001915946602821,234,0
47_-68,2026-09-18,3,Newfoundland and Labrador,47.5,-67.5,13.4,72.0,23.8,1.73,1.54052099994202,0.006459243,0.00010140445,0.011764705882352941,0.5490356660448015,256,0
47_-68,2026-09-19,4,Newfoundland and Labrador,47.5,-67.5,7.2,56.0,17.3,0.1,2.089240120574661,0.006459243,0.00010140445,0.011764705882352941,0.5490356660448015,262,0
47_-68,2026-09-20,5,Newfoundland and Labrador,47.5,-67.5,11.8,45.0,17.0,0.0,5.563055850930921,0.008237548,0.00010140445,0.011764705882352941,0.7001915946602821,243,0
47_-68,2026-09-21,6,Newfoundland and Labrador,47.5,-67.5,9.6,52.0,16.9,1.6,2.2836704856478858,0.006459243,0.00010140445,0.011764705882352941,0.5490356660448015,271,0
47_-68,2026-09-22,7,Newfoundland and Labrador,47.5,-67.5,9.8,45.0,14.8,0.0,4.905033296696894,0.008237548,0.00013172916,0.011764705882352941,0.7001915946602821,268,0
47_-69,2026-09-15,0,Newfoundland and Labrador,47.5,-68.5,15.580316267443946,52.03243114682017,6.716893249527893,9.06127884606437,0.04273685156013585,0.006459243,0.00010140445,0.00784313725490196,0.8235534990672022,263,0
47_-69,2026-09-16,1,Newfoundland and Labrador,47.5,-68.5,19.2,77.0,8.9,0.0,0.4571616840140642,0.006459243,0.00013172916,0.00784313725490196,0.8235534990672022,254,0
47_-69,2026-09-17,2,Newfoundland and Labrador,47.5,-68.5,13.7,59.0,2.6,0.0,0.546758289248375,0.005107495,0.00010140445,0.00784313725490196,0.6512056128121912,285,0
47_-69,2026-09-18,3,Newfoundland and Labrador,47.5,-68.5,12.9,53.0,31.1,0.68,8.23223642482805,0.006459243,0.00013172916,0.00784313725490196,0.8235534990672022,257,0
47_-69,2026-09-19,4,Newfoundland and Labrador,47.5,-68.5,9.9,46.0,15.3,0.0,6.0914701317753615,0.005107495,0.00010140445,0.00784313725490196,0.6512056128121912,295,0
47_-69,2026-09-20,5,Newfoundland and Labrador,47.5,-68.5,14.4,45.0,11.7,0.0,7.033426430599521,0.008237548,0.00013172916,0.00784313725490196,1.0502873919904232,244,0
47_-69,2026-09-21,6,Newfoundland and Labrador,47.5,-68.5,9.8,48.0,14.1,0.0,8.299754650487495,0.008237548,0.00013172916,0.00784313725490196,1.0502873919904232,251,0
47_-69,2026-09-22,7,Newfoundland and Labrador,47.5,-68.5,10.9,43.0,16.8,0.0,10.204578629057812,0.008237548,0.00016979082,0.00784313725490196,1.0502873919904232,269,0
47_-70,2026-09-15,0,Quebec,47.5,-69.5,14.431151990019412,58.47390049787128,6.17798214267303,1.4519486789495413,0.025426020381861595,0.005107495,0.00010140445,0.00980392156862745,0.520964490249753,306,0
47_-70,2026-09-16,1,Quebec,47.5,-69.5,17.9,83.0,13.5,0.0,0.8122313056154866,0.006459243,0.00010140445,0.00980392156862745,0.6588427992537618,255,0
47_-70,2026-09-17,2,Quebec,47.5,-69.5,12.6,72.0,4.1,0.0,0.6795969023113548,0.005107495,0.00010140445,0.00980392156862745,0.520964490249753,286,0
47_-70,2026-09-18,3,Quebec,47.5,-69.5,10.7,52.0,28.8,1.35,5.350576089494403,0.006459243,0.00010140445,0.00980392156862745,0.6588427992537618,258,0
47_-70,2026-09-19,4,Quebec,47.5,-69.5,9.2,47.0,14.5,0.0,5.021848497313537,0.006459243,0.00013172916,0.00980392156862745,0.6588427992537618,263,0
47_-70,2026-09-20,5,Quebec,47.5,-69.5,12.7,47.0,12.6,0.0,6.865766128713257,0.008237548,0.00013172916,0.00980392156862745,0.8402299135923386,245,0
47_-70,2026-09-21,6,Quebec,47.5,-69.5,8.2,50.0,17.2,0.2,8.817349058802705,0.006459243,0.00016979082,0.00980392156862745,0.6588427992537618,272,0
47_-70,2026-09-22,7,Quebec,47.5,-69.5,9.3,45.0,15.2,0.0,9.089101803148477,0.006459243,0.00016979082,0.00980392156862745,0.6588427992537618,290,0
47_-71,2026-09-15,0,Quebec,47.5,-70.5,12.681804189234686,61.39664672165963,7.144921477777628,0.055629743656537445,0.3857321511616878,0.0034599912,0.0,0.00196078431372549,1.764595506247133,394,0
47_-71,2026-09-16,1,Quebec,47.5,-70.5,20.8,66.0,13.2,0.0,2.0324990788941193,0.0034599912,0.0,0.00196078431372549,1.764595506247133,371,0
47_-71,2026-09-17,2,Quebec,47.5,-70.5,14.7,66.0,8.5,0.0,2.491626400997267,0.0034599912,0.0,0.00196078431372549,1.764595506247133,360,0
47_-71,2026-09-18,3,Quebec,47.5,-70.5,13.2,43.0,27.5,0.0,12.33441417037914,0.0034599912,0.00010140445,0.00196078431372549,1.764595506247133,343,0
47_-71,2026-09-19,4,Quebec,47.5,-70.5,13.8,36.0,10.8,0.0,8.268140309550219,0.0034599912,0.00010140445,0.00196078431372549,1.764595506247133,348,0
47_-71,2026-09-20,5,Quebec,47.5,-70.5,17.5,36.0,8.6,0.0,9.243943952095268,0.005107495,0.00013172916,0.00196078431372549,2.604822451248765,288,0
47_-71,2026-09-21,6,Quebec,47.5,-70.5,12.6,41.0,13.8,0.0,12.088455983567368,0.005107495,0.00013172916,0.00196078431372549,2.604822451248765,302,0
47_-71,2026-09-22,7,Quebec,47.5,-70.5,14.5,40.0,6.8,0.0,9.54442461030871,0.005107495,0.00013172916,0.00196078431372549,2.604822451248765,317,0
47_-72,2026-09-15,0,Quebec,47.5,-71.5,11.469407896993047,65.82011795672034,7.579256338944948,20.1967513609916,0.036618909240276803,0.0034599912,0.0,0.0058823529411764705,0.5881985020823777,395,0
47_-72,2026-09-16,1,Quebec,47.5,-71.5,13.0,96.0,11.5,0.7,0.03697177839718256,0.0034599912,0.0,0.0058823529411764705,0.5881985020823777,372,0
47_-72,2026-09-17,2,Quebec,47.5,-71.5,11.9,78.0,8.7,0.0,0.21221317988847824,0.0034599912,0.0,0.0058823529411764705,0.5881985020823777,361,0
47_-72,2026-09-18,3,Quebec,47.5,-71.5,7.3,49.0,27.4,0.23,1.9547603936865394,0.0034599912,0.0,0.0058823529411764705,0.5881985020823777,344,0
47_-72,2026-09-19,4,Quebec,47.5,-71.5,7.7,54.0,13.2,0.1,1.4489473888214952,0.0034599912,0.0,0.0058823529411764705,0.5881985020823777,349,0
47_-72,2026-09-20,5,Quebec,47.5,-71.5,11.5,43.0,11.3,0.0,3.36453162464052,0.00510037,0.00010140445,0.0058823529411764705,0.8670628862455487,315,0
47_-72,2026-09-21,6,Quebec,47.5,-71.5,6.1,60.0,19.7,0.2,5.4703475215553885,0.0034599912,0.00010140445,0.0058823529411764705,0.5881985020823777,374,0
47_-72,2026-09-22,7,Quebec,47.5,-71.5,10.9,44.0,10.8,0.0,4.54458016395595,0.0041958042,0.00010140445,0.0058823529411764705,0.7132867211475968,377,0
47_-73,2026-09-15,0,Quebec,47.5,-72.5,13.567306787153255,56.93067189556232,9.96142303412022,0.12654413354122485,0.6353238044794735,0.00510037,0.00013172916,0.00784313725490196,0.6502971646841615,333,0
47_-73,2026-09-16,1,Quebec,47.5,-72.5,16.6,89.0,8.6,0.0,0.7315184814593146,0.00510037,0.00013172916,0.00784313725490196,0.6502971646841615,316,0
47_-73,2026-09-17,2,Quebec,47.5,-72.5,13.2,77.0,5.5,0.0,0.8088088924835564,0.005107495,0.00013172916,0.00784313725490196,0.6512056128121912,287,0
47_-73,2026-09-18,3,Quebec,47.5,-72.5,10.1,42.0,20.2,0.2,6.919364284393419,0.005107495,0.00016979082,0.00784313725490196,0.6512056128121912,289,0
47_-73,2026-09-19,4,Quebec,47.5,-72.5,10.4,45.0,9.7,0.0,5.541048824932493,0.005107495,0.00013172916,0.00784313725490196,0.6512056128121912,296,0
47_-73,2026-09-20,5,Quebec,47.5,-72.5,13.4,45.0,7.9,0.0,6.200769851640215,0.006459243,0.00013172916,0.00784313725490196,0.8235534990672022,265,0
47_-73,2026-09-21,6,Quebec,47.5,-72.5,8.6,53.0,15.5,0.0,8.943250258557397,0.005107495,0.00016979082,0.00784313725490196,0.6512056128121912,303,0
47_-73,2026-09-22,7,Quebec,47.5,-72.5,11.9,45.0,9.9,0.0,7.537096682851595,0.005107495,0.00016979082,0.00784313725490196,0.6512056128121912,318,0
47_-74,2026-09-15,0,Quebec,47.5,-73.5,11.287154551924747,64.65753028044986,10.85398493962905,0.030428973593116238,0.1521448679655812,0.00510037,0.00010140445,0.00784313725490196,0.6502971646841615,334,0
47_-74,2026-09-16,1,Quebec,47.5,-73.5,17.2,73.0,11.3,0.0,0.7740444302267364,0.00510037,0.00013172916,0.00784313725490196,0.6502971646841615,317,0
47_-74,2026-09-17,2,Quebec,47.5,-73.5,11.8,79.0,6.1,0.0,0.7381636878199263,0.00510037,0.00013172916,0.00784313725490196,0.6502971646841615,309,0
47_-74,2026-09-18,3,Quebec,47.5,-73.5,9.9,43.0,19.8,0.8,4.543970443847406,0.00510037,0.00013172916,0.00784313725490196,0.6502971646841615,309,0
47_-74,2026-09-19,4,Quebec,47.5,-73.5,10.9,45.0,5.8,0.0,3.5021191796414852,0.00510037,0.00013172916,0.00784313725490196,0.6502971646841615,318,0
47_-74,2026-09-20,5,Quebec,47.5,-73.5,13.7,44.0,7.3,0.0,5.381171550398578,0.006459243,0.00013172916,0.00784313725490196,0.8235534990672022,266,0
47_-74,2026-09-21,6,Quebec,47.5,-73.5,8.2,50.0,13.4,0.0,7.5450982061187455,0.006459243,0.00016979082,0.00784313725490196,0.8235534990672022,273,0
47_-74,2026-09-22,7,Quebec,47.5,-73.5,11.2,45.0,9.9,0.0,6.905516545967022,0.006459243,0.00016979082,0.00784313725490196,0.8235534990672022,291,0
47_-75,2026-09-15,0,Quebec,47.5,-74.5,11.43021870793479,68.61643208156337,8.797270666114853,0.0,0.5451386088781128,0.0034599912,0.0,0.00392156862745098,0.8822977531235665,396,0
47_-75,2026-09-16,1,Quebec,47.5,-74.5,17.8,64.0,10.8,0.0,1.5371842065540793,0.003771806,0.00010140445,0.00392156862745098,0.9618105052504689,363,0
47_-75,2026-09-17,2,Quebec,47.5,-74.5,13.1,73.0,4.9,0.0,1.3466596626390126,0.0034599912,0.0,0.00392156862745098,0.8822977531235665,362,0
47_-75,2026-09-18,3,Quebec,47.5,-74.5,9.7,47.0,18.3,0.0,6.623735890598531,0.003771806,0.0,0.00392156862745098,0.9618105052504689,338,0
47_-75,2026-09-19,4,Quebec,47.5,-74.5,12.0,43.0,3.7,0.0,4.442892780642201,0.00510037,5.1465217e-05,0.00392156862745098,1.300594329368323,319,0
47_-75,2026-09-20,5,Quebec,47.5,-74.5,13.2,44.0,10.0,0.0,7.292589133075191,0.00510037,0.00010140445,0.00392156862745098,1.300594329368323,316,0
47_-75,2026-09-21,6,Quebec,47.5,-74.5,8.3,49.0,11.2,0.0,8.030376102406446,0.00510037,0.00010140445,0.00392156862745098,1.300594329368323,326,0
47_-75,2026-09-22,7,Quebec,47.5,-74.5,12.4,42.0,9.5,0.0,8.234466199616133,0.00510037,0.00010140445,0.00392156862745098,1.300594329368323,345,0
47_-76,2026-09-15,0,Quebec,47.5,-75.5,11.519454413246816,72.98666257523669,9.999202001813368,0.0,0.6005156538569106,0.0034599912,0.0,0.0058823529411764705,0.5881985020823777,397,0
47_-76,2026-09-16,1,Quebec,47.5,-75.5,17.8,60.0,10.7,0.0,1.8962845300108537,0.00510037,0.00010140445,0.0058823529411764705,0.8670628862455487,318,0
47_-76,2026-09-17,2,Quebec,47.5,-75.5,14.9,64.0,6.6,0.0,2.6438421465682613,0.00510037,0.0,0.0058823529411764705,0.8670628862455487,310,0
47_-76,2026-09-18,3,Quebec,47.5,-75.5,9.7,51.0,18.7,0.0,7.562405166443874,0.00510037,0.00010140445,0.0058823529411764705,0.8670628862455487,310,0
47_-76,2026-09-19,4,Quebec,47.5,-75.5,12.4,42.0,1.4,0.0,4.471574737581781,0.005107495,0.00010140445,0.0058823529411764705,0.868274150416255,297,0
47_-76,2026-09-20,5,Quebec,47.5,-75.5,12.4,48.0,6.3,0.0,6.244892581363076,0.00510037,9.566874e-05,0.0058823529411764705,0.8670628862455487,317,0
47_-76,2026-09-21,6,Quebec,47.5,-75.5,9.2,46.0,9.2,0.0,7.475590893401337,0.00510037,0.00010140445,0.0058823529411764705,0.8670628862455487,327,0
47_-76,2026-09-22,7,Quebec,47.5,-75.5,13.5,39.0,9.0,0.0,9.187158187009375,0.006459243,0.00012938966,0.0058823529411764705,1.098071332089603,292,0
47_-77,2026-09-15,0,Quebec,47.5,-76.5,12.298812096048325,76.3745264446914,9.901269233840104,0.14727499055003831,1.5428452602789695,0.005107495,0.0001268472,0.00784313725490196,0.6512056128121912,307,0
47_-77,2026-09-16,1,Quebec,47.5,-76.5,16.8,68.0,9.3,0.0,1.84556810240654,0.00510037,0.00013172916,0.00784313725490196,0.6502971646841615,319,0
47_-77,2026-09-17,2,Quebec,47.5,-76.5,14.5,77.0,7.6,0.0,2.2560006889272852,0.00510037,0.00013172916,0.00784313725490196,0.6502971646841615,311,0
47_-77,2026-09-18,3,Quebec,47.5,-76.5,10.6,48.0,20.5,0.0,8.539708256436183,0.005107495,0.00016979082,0.00784313725490196,0.6512056128121912,290,0
47_-77,2026-09-19,4,Quebec,47.5,-76.5,11.7,46.0,6.2,0.0,5.645698379347543,0.006459243,0.00013172916,0.00784313725490196,0.8235534990672022,264,0
47_-77,2026-09-20,5,Quebec,47.5,-76.5,12.1,51.0,3.6,0.0,5.263876290443905,0.006459243,0.00013172916,0.00784313725490196,0.8235534990672022,267,0
47_-77,2026-09-21,6,Quebec,47.5,-76.5,10.1,42.0,9.7,0.0,8.173274708630563,0.006459243,0.00016979082,0.00784313725490196,0.8235534990672022,274,0
47_-77,2026-09-22,7,Quebec,47.5,-76.5,14.6,35.0,9.3,0.0,10.558213026676,0.01158889,0.00019753922,0.00784313725490196,1.4775834884494543,183,0
47_-78,2026-09-15,0,Quebec,47.5,-77.5,12.236122976227675,83.14594355981143,16.804384842371103,0.26702119581666023,1.2513407403368297,0.005107495,0.00010140445,0.0058823529411764705,0.868274150416255,308,0
47_-78,2026-09-16,1,Quebec,47.5,-77.5,17.1,65.0,10.1,0.0,1.7852231255248936,0.00510037,0.00011592766,0.0058823529411764705,0.8670628862455487,320,0
47_-78,2026-09-17,2,Quebec,47.5,-77.5,16.1,69.0,6.9,0.0,2.580812827891351,0.00510037,0.00010140445,0.0058823529411764705,0.8670628862455487,312,0
47_-78,2026-09-18,3,Quebec,47.5,-77.5,9.0,59.0,18.1,0.0,6.580863362579936,0.005107495,0.00013172916,0.0058823529411764705,0.868274150416255,291,0
47_-78,2026-09-19,4,Quebec,47.5,-77.5,11.7,44.0,6.1,0.0,5.484571510168981,0.006459243,0.00010140445,0.0058823529411764705,1.098071332089603,265,0
47_-78,2026-09-20,5,Quebec,47.5,-77.5,15.7,45.0,2.6,0.0,5.904693265678751,0.006459243,0.00010474778,0.0058823529411764705,1.098071332089603,268,0
47_-78,2026-09-21,6,Quebec,47.5,-77.5,9.4,42.0,12.1,0.0,9.633918728092516,0.005107495,0.00013172916,0.0058823529411764705,0.868274150416255,304,0
47_-78,2026-09-22,7,Quebec,47.5,-77.5,14.6,36.0,11.5,0.0,11.818009959194331,0.0085633695,0.00016979082,0.0058823529411764705,1.4557728171348572,249,0
47_-79,2026-09-15,0,Quebec,47.5,-78.5,12.394279386392652,89.0711345784058,16.834019274566366,1.3189944239313656,0.560397945766026,0.01158889,0.00016979082,0.029411764705882353,0.39402226358652115,156,0
47_-79,2026-09-16,1,Quebec,47.5,-78.5,17.7,53.0,10.9,0.0,2.036558545080382,0.01158889,0.00019753922,0.029411764705882353,0.39402226358652115,157,0
47_-79,2026-09-17,2,Quebec,47.5,-78.5,17.5,57.0,13.3,0.0,5.6423781598522185,0.013233952,0.00019753922,0.029411764705882353,0.4499543756246567,145,0
47_-79,2026-09-18,3,Quebec,47.5,-78.5,9.9,52.0,16.0,0.0,7.988856316038279,0.016953317,0.00019753922,0.029411764705882353,0.5764127932488918,139,0
47_-79,2026-09-19,4,Quebec,47.5,-78.5,11.4,43.0,6.6,0.0,6.6940056069632,0.019046638,0.00019753922,0.029411764705882353,0.6475856974720955,123,0
47_-79,2026-09-20,5,Quebec,47.5,-78.5,12.6,52.0,6.3,0.0,6.917670178158854,0.017114606,0.00019753922,0.029411764705882353,0.5818965956568718,140,0
47_-79,2026-09-21,6,Quebec,47.5,-78.5,9.3,44.0,13.1,0.0,9.94296216941141,0.017114606,0.00036769436,0.029411764705882353,0.5818965956568718,143,0
47_-79,2026-09-22,7,Quebec,47.5,-78.5,14.5,36.0,12.4,0.0,12.4891725317962,0.026660934,0.00046264168,0.029411764705882353,0.9064717590808868,105,0
47_-80,2026-09-15,0,Ontario,47.5,-79.5,13.15532707081053,89.90643331905514,23.424720249548248,2.752909060673187,1.0127983855670843,0.019046638,0.00019753922,0.056862745098039215,0.33495811938211834,95,0
47_-80,2026-09-16,1,Ontario,47.5,-79.5,17.3,62.0,8.3,0.8,0.8348763612220378,0.024334805,0.00036769436,0.056862745098039215,0.42795691703414096,70,1
47_-80,2026-09-17,2,Ontario,47.5,-79.5,18.0,62.0,19.3,0.0,5.597054442080719,0.027218936,0.00036769436,0.056862745098039215,0.4786778401968808,66,1
47_-80,2026-09-18,3,Ontario,47.5,-79.5,11.2,49.0,17.0,0.0,7.995203354244734,0.024334805,0.00036769436,0.056862745098039215,0.42795691703414096,94,0
47_-80,2026-09-19,4,Ontario,47.5,-79.5,11.6,44.0,8.5,0.0,7.043991151913439,0.027721774,0.00036769436,0.056862745098039215,0.48752085016719227,85,0
47_-80,2026-09-20,5,Ontario,47.5,-79.5,13.6,54.0,16.3,0.0,10.387077983215681,0.024334805,0.00036769436,0.056862745098039215,0.42795691703414096,110,0
47_-80,2026-09-21,6,Ontario,47.5,-79.5,9.9,44.0,12.8,0.0,9.698231176112142,0.027721774,0.00036769436,0.056862745098039215,0.48752085016719227,92,0
47_-80,2026-09-22,7,Ontario,47.5,-79.5,14.6,36.0,12.6,0.0,12.460869828616143,0.03278111,0.00083361124,0.056862745098039215,0.5764953689328556,54,1
47_-81,2026-09-15,0,Ontario,47.5,-80.5,13.356425460259182,89.02641347766094,27.55700263374568,2.586260575102072,1.988038815172951,0.016953317,0.00036769436,0.0392156862745098,0.4323095949366689,119,0
47_-81,2026-09-16,1,Ontario,47.5,-80.5,15.6,72.0,9.7,0.0,1.0692851794049456,0.019046638,0.00036769436,0.0392156862745098,0.4856892731040716,97,0
47_-81,2026-09-17,2,Ontario,47.5,-80.5,14.9,65.0,16.1,0.0,4.344666897691907,0.017114606,0.00036769436,0.0392156862745098,0.43642244674265385,124,0
47_-81,2026-09-18,3,Ontario,47.5,-80.5,10.1,50.0,14.5,0.0,6.7928602452233156,0.017114606,0.00036769436,0.0392156862745098,0.43642244674265385,131,0
47_-81,2026-09-19,4,Ontario,47.5,-80.5,10.8,44.0,9.2,0.0,7.310509439775161,0.019046638,0.00036769436,0.0392156862745098,0.4856892731040716,124,0
47_-81,2026-09-20,5,Ontario,47.5,-80.5,13.0,57.0,17.0,0.0,10.667149227707664,0.023706896,0.00036769436,0.0392156862745098,0.6045258538797498,119,0
47_-81,2026-09-21,6,Ontario,47.5,-80.5,8.7,46.0,12.9,0.0,9.563703251884894,0.023706896,0.00036769436,0.0392156862745098,0.6045258538797498,116,0
47_-81,2026-09-22,7,Ontario,47.5,-80.5,12.8,38.0,13.5,0.0,12.337050137438705,0.027218936,0.0007264472,0.0392156862745098,0.6940828682854772,100,0
47_-82,2026-09-15,0,Ontario,47.5,-81.5,13.93198056869009,91.87857099552717,31.637272341469668,2.808141347846006,0.34743177176255585,0.008237548,0.00019753922,0.01764705882352941,0.4667943964401881,237,0
47_-82,2026-09-16,1,Ontario,47.5,-81.5,16.0,70.0,9.8,0.0,0.6880623354126718,0.008237548,0.00019753922,0.01764705882352941,0.4667943964401881,226,0
47_-82,2026-09-17,2,Ontario,47.5,-81.5,15.2,56.0,15.2,0.0,3.253002194011341,0.008237548,0.00019753922,0.01764705882352941,0.4667943964401881,235,0
47_-82,2026-09-18,3,Ontario,47.5,-81.5,10.4,49.0,12.2,0.0,4.958580621915181,0.008237548,0.00036769436,0.01764705882352941,0.4667943964401881,232,0
47_-82,2026-09-19,4,Ontario,47.5,-81.5,11.7,44.0,9.5,0.0,6.179808325890857,0.009431681,0.00036769436,0.01764705882352941,0.5344619043171406,212,0
47_-82,2026-09-20,5,Ontario,47.5,-81.5,12.2,67.0,16.3,0.0,7.809011636540952,0.0085633695,0.00036769436,0.01764705882352941,0.4852576057116191,229,0
47_-82,2026-09-21,6,Ontario,47.5,-81.5,9.4,47.0,12.0,0.0,7.292417283734385,0.008237548,0.00036769436,0.01764705882352941,0.4667943964401881,252,0
47_-82,2026-09-22,7,Ontario,47.5,-81.5,13.5,37.0,12.9,0.0,10.310314458686463,0.01158889,0.00046264168,0.01764705882352941,0.6567037726442019,184,0
47_-83,2026-09-15,0,Ontario,47.5,-82.5,14.202437366395841,97.13175374091648,19.48241017528762,5.551566012750737,0.0822063781405237,0.01158889,0.00019753922,0.0392156862745098,0.29551669768989086,157,0
47_-83,2026-09-16,1,Ontario,47.5,-82.5,15.6,67.0,9.4,0.4,0.2741379164931839,0.01158889,0.00036769436,0.0392156862745098,0.29551669768989086,158,0
47_-83,2026-09-17,2,Ontario,47.5,-82.5,14.0,66.0,13.5,0.0,0.8747430642756915,0.013666987,0.00019753922,0.0392156862745098,0.34850817918777466,137,0
47_-83,2026-09-18,3,Ontario,47.5,-82.5,10.5,44.0,10.4,0.4,2.701018105915265,0.013233952,0.00019753922,0.0392156862745098,0.3374657817184925,150,0
47_-83,2026-09-19,4,Ontario,47.5,-82.5,12.5,43.0,10.0,0.0,5.321695213623369,0.017114606,0.00019753922,0.0392156862745098,0.43642244674265385,136,0
47_-83,2026-09-20,5,Ontario,47.5,-82.5,10.4,69.0,16.7,0.0,6.749331460220946,0.016953317,0.00019753922,0.0392156862745098,0.4323095949366689,154,0
47_-83,2026-09-21,6,Ontario,47.5,-82.5,9.2,44.0,12.0,0.0,6.869498176228591,0.017114606,0.00019753922,0.0392156862745098,0.43642244674265385,144,0
47_-83,2026-09-22,7,Ontario,47.5,-82.5,13.0,37.0,13.5,0.0,10.023677401981226,0.027218936,0.00036769436,0.0392156862745098,0.6940828682854772,101,0
47_-84,2026-09-15,0,Ontario,47.5,-83.5,14.28044373465754,99.76347224206455,17.807273395214818,6.553793332281258,0.0,0.016953317,0.00036769436,0.045098039215686274,0.3759213869014512,120,0
47_-84,2026-09-16,1,Ontario,47.5,-83.5,14.8,68.0,6.9,0.0,0.10202197284379749,0.019046638,0.00036769436,0.045098039215686274,0.4223384983513666,98,0
47_-84,2026-09-17,2,Ontario,47.5,-83.5,13.2,71.0,13.0,0.0,0.7012051218395772,0.015813954,0.00036769436,0.045098039215686274,0.35065724473932514,135,0
47_-84,2026-09-18,3,Ontario,47.5,-83.5,10.2,40.0,8.9,0.0,1.7163481498774806,0.016953317,0.00019753922,0.045098039215686274,0.3759213869014512,140,0
47_-84,2026-09-19,4,Ontario,47.5,-83.5,13.3,40.0,10.8,0.0,5.579853948062772,0.026660934,0.00036769436,0.045098039215686274,0.5911772341831871,98,0
47_-84,2026-09-20,5,Ontario,47.5,-83.5,8.9,74.0,15.4,0.0,5.7363756179731284,0.020055054,0.00036769436,0.045098039215686274,0.4446990180598653,128,0
47_-84,2026-09-21,6,Ontario,47.5,-83.5,9.2,42.0,13.7,0.0,7.463883149226903,0.024334805,0.00036769436,0.045098039215686274,0.5395978519126126,108,0
47_-84,2026-09-22,7,Ontario,47.5,-83.5,13.1,35.0,13.7,0.0,10.579469781044127,0.031681307,0.0007264472,0.045098039215686274,0.7024985389864963,65,1
47_-85,2026-09-15,0,Ontario,47.5,-84.5,15.342246600115365,98.79386265665042,18.588298268791075,8.268675781098937,0.0,0.006459243,0.00019753922,0.013725490196078431,0.4706019994669727,264,0
47_-85,2026-09-16,1,Ontario,47.5,-84.5,15.6,66.0,1.6,0.0,0.0337971686561236,0.008237548,0.00019753922,0.013725490196078431,0.6001642239945275,227,0
47_-85,2026-09-17,2,Ontario,47.5,-84.5,13.3,75.0,10.2,0.0,0.44756363921098236,0.006459243,0.00016979082,0.013725490196078431,0.4706019994669727,252,0
47_-85,2026-09-18,3,Ontario,47.5,-84.5,11.3,37.0,8.9,0.0,1.1965607092439543,0.008237548,0.00016979082,0.013725490196078431,0.6001642239945275,233,0
47_-85,2026-09-19,4,Ontario,47.5,-84.5,14.5,41.0,8.7,0.0,4.5689728869415696,0.01158889,0.00019753922,0.013725490196078431,0.8443334219711167,172,0
47_-85,2026-09-20,5,Ontario,47.5,-84.5,9.7,72.0,18.6,0.0,6.68083816010522,0.0085633695,0.00019753922,0.013725490196078431,0.6239026359149388,230,0
47_-85,2026-09-21,6,Ontario,47.5,-84.5,10.1,41.0,14.4,0.0,7.8842733080489165,0.0085633695,0.00019753922,0.013725490196078431,0.6239026359149388,239,0
47_-85,2026-09-22,7,Ontario,47.5,-84.5,14.2,33.0,14.0,0.0,11.304453870205055,0.01158889,0.00036769436,0.013725490196078431,0.8443334219711167,185,0
48_-124,2026-09-15,0,British Columbia,48.5,-123.5,15.889253737697079,74.7074710426026,8.626463776739273,0.0,12.083547650083684,0.04981479,0.00036769436,0.049019607843137254,1.0162217259407043,3,1
48_-124,2026-09-16,1,British Columbia,48.5,-123.5,19.7,60.0,9.3,0.0,14.920256864755267,0.055568106,0.00036769436,0.049019607843137254,1.1335893720388412,2,1
48_-124,2026-09-17,2,British Columbia,48.5,-123.5,23.0,33.0,10.6,0.0,27.064716862414315,0.055568106,0.001759457,0.049019607843137254,1.1335893720388412,9,1
48_-124,2026-09-18,3,British Columbia,48.5,-123.5,19.1,53.0,8.4,0.0,22.242771523203025,0.061514195,0.0011269277,0.049019607843137254,1.254889579117298,12,1
48_-124,2026-09-19,4,British Columbia,48.5,-123.5,19.4,52.0,7.3,0.0,21.231417628032094,0.062472697,0.00086677365,0.049019607843137254,1.2744430258870125,14,1
48_-124,2026-09-20,5,British Columbia,48.5,-123.5,20.0,50.0,8.2,0.0,22.243534603654965,0.06137425,0.0011269277,0.049019607843137254,1.252034716308117,22,1
48_-124,2026-09-21,6,British Columbia,48.5,-123.5,19.4,52.0,7.6,0.0,21.774102054450918,0.06137425,0.0011269277,0.049019607843137254,1.252034716308117,21,1
48_-124,2026-09-22,7,British Columbia,48.5,-123.5,17.8,52.0,7.2,0.0,21.161325639648833,0.062472697,0.00086677365,0.049019607843137254,1.2744430258870125,21,1
48_-125,2026-09-15,0,British Columbia,48.5,-124.5,18.853044375233555,60.732470093160615,2.4019196057717602,0.05120144846811716,4.33055222940626,0.00510037,0.00010140445,0.00196078431372549,2.601188658736646,335,0
48_-125,2026-09-16,1,British Columbia,48.5,-124.5,12.6,87.0,10.0,0.0,4.370927456336601,0.0034599912,0.0,0.00196078431372549,1.764595506247133,373,0
48_-125,2026-09-17,2,British Columbia,48.5,-124.5,11.5,96.0,1.0,0.0,1.5337959597016444,0.0034599912,0.00010140445,0.00196078431372549,1.764595506247133,363,0
48_-125,2026-09-18,3,British Columbia,48.5,-124.5,17.7,66.0,8.7,0.0,4.844869524598255,0.0034599912,0.00010140445,0.00196078431372549,1.764595506247133,345,0
48_-125,2026-09-19,4,British Columbia,48.5,-124.5,17.0,74.0,10.5,0.0,5.782999728573159,0.0034599912,0.00010140445,0.00196078431372549,1.764595506247133,350,0
48_-125,2026-09-20,5,British Columbia,48.5,-124.5,16.8,67.0,10.3,0.0,6.6986938903681885,0.0034599912,0.00013172916,0.00196078431372549,1.764595506247133,358,0
48_-125,2026-09-21,6,British Columbia,48.5,-124.5,16.6,73.0,9.7,0.0,6.703209620031426,0.0034599912,0.00013172916,0.00196078431372549,1.764595506247133,375,0
48_-125,2026-09-22,7,British Columbia,48.5,-124.5,15.8,69.0,7.6,0.0,6.255815377169931,0.0034599912,0.00010140445,0.00196078431372549,1.764595506247133,386,0
48_-54,2026-09-15,0,Quebec,48.5,-53.5,16.97902948379479,77.49762594016792,16.398108577003356,9.017010408772236,0.35981072636382444,0.008910148,0.00016979082,0.01568627450980392,0.5680219607893378,201,0
48_-54,2026-09-16,1,Quebec,48.5,-53.5,16.3,76.0,11.9,0.0,0.5452487743466964,0.009431681,0.00013172916,0.01568627450980392,0.6012696423567832,186,0
48_-54,2026-09-17,2,Quebec,48.5,-53.5,20.0,62.0,18.7,1.0,2.3693918284473954,0.0085633695,0.00013172916,0.01568627450980392,0.5459148064255714,220,0
48_-54,2026-09-18,3,Quebec,48.5,-53.5,15.3,63.0,13.6,0.0,3.3080356469225665,0.008237548,0.00013172916,0.01568627450980392,0.5251436959952116,234,0
48_-54,2026-09-19,4,Quebec,48.5,-53.5,8.0,86.0,58.8,13.4,0.41011329126047025,0.006459243,0.00013172916,0.01568627450980392,0.4117767495336011,266,0
48_-54,2026-09-20,5,Quebec,48.5,-53.5,8.9,58.0,18.5,4.1,0.16363030655270167,0.005107495,0.00011336269,0.01568627450980392,0.3256028064060956,289,0
48_-54,2026-09-21,6,Quebec,48.5,-53.5,11.3,72.0,8.9,1.2000000000000002,0.26833581232277254,0.00510037,0.00010140445,0.01568627450980392,0.32514858234208077,328,0
48_-54,2026-09-22,7,Quebec,48.5,-53.5,10.4,86.0,9.3,3.3,0.03616689484972305,0.00510037,0.00010140445,0.01568627450980392,0.32514858234208077,346,0
48_-55,2026-09-15,0,Quebec,48.5,-54.5,16.438488917297693,76.51520379062252,13.78253177174303,18.914977836306026,0.02139900237163691,0.0085633695,0.00016979082,0.01764705882352941,0.4852576057116191,221,0
48_-55,2026-09-16,1,Quebec,48.5,-54.5,14.9,84.0,11.9,0.0,0.2560674915998212,0.01158889,0.00013172916,0.01764705882352941,0.6567037726442019,159,0
48_-55,2026-09-17,2,Quebec,48.5,-54.5,19.1,69.0,18.9,0.30000000000000004,0.9943991277437746,0.01158889,0.00013172916,0.01764705882352941,0.6567037726442019,162,0
48_-55,2026-09-18,3,Quebec,48.5,-54.5,14.7,67.0,11.8,0.1,1.6482032885606739,0.01158889,0.00016979082,0.01764705882352941,0.6567037726442019,165,0
48_-55,2026-09-19,4,Quebec,48.5,-54.5,6.0,94.0,38.3,19.7,0.00126481271425939,0.008237548,0.00013172916,0.01764705882352941,0.4667943964401881,240,0
48_-55,2026-09-20,5,Quebec,48.5,-54.5,8.6,60.0,15.4,1.3,0.1360655102535491,0.006459243,0.00013172916,0.01764705882352941,0.36602377736320096,269,0
48_-55,2026-09-21,6,Quebec,48.5,-54.5,11.3,61.0,13.6,0.30000000000000004,0.5533576211143786,0.006459243,0.00013172916,0.01764705882352941,0.36602377736320096,275,0
48_-55,2026-09-22,7,Quebec,48.5,-54.5,10.8,79.0,12.7,4.5,0.08589060348936374,0.005107495,0.00013172916,0.01764705882352941,0.2894247168054183,319,0
48_-56,2026-09-15,0,Quebec,48.5,-55.5,17.862330248504417,64.69323554188367,10.808973639251207,23.894562857013433,0.028538084484247203,0.01158889,0.00016979082,0.021568627450980392,0.5373030867088925,158,0
48_-56,2026-09-16,1,Quebec,48.5,-55.5,16.1,81.0,7.5,0.0,0.22890066373022278,0.01158889,0.00013172916,0.021568627450980392,0.5373030867088925,160,0
48_-56,2026-09-17,2,Quebec,48.5,-55.5,18.8,68.0,20.1,1.4,0.8694094142542129,0.01158889,0.00016979082,0.021568627450980392,0.5373030867088925,163,0
48_-56,2026-09-18,3,Quebec,48.5,-55.5,14.8,60.0,6.8,0.0,0.8416342809056283,0.01158889,0.00013172916,0.021568627450980392,0.5373030867088925,166,0
48_-56,2026-09-19,4,Quebec,48.5,-55.5,6.7,84.0,34.7,16.3,0.03659572324754849,0.0085633695,0.00013172916,0.021568627450980392,0.39702895012768835,230,0
48_-56,2026-09-20,5,Quebec,48.5,-55.5,9.6,54.0,11.4,0.5,0.3455531828966768,0.008237548,0.00013172916,0.021568627450980392,0.3819226879965175,246,0
48_-56,2026-09-21,6,Quebec,48.5,-55.5,11.1,61.0,8.9,0.5,0.5507150798248616,0.0085633695,0.00013172916,0.021568627450980392,0.39702895012768835,240,0
48_-56,2026-09-22,7,Quebec,48.5,-55.5,11.1,76.0,12.6,10.3,0.028543400698487573,0.008237548,0.00013172916,0.021568627450980392,0.3819226879965175,270,0
48_-57,2026-09-15,0,Quebec,48.5,-56.5,17.863716093065573,62.39773345228391,9.829312336593551,9.892303959355388,0.09757215733605515,0.003292181,0.0,0.00196078431372549,1.6790123423561454,476,0
48_-57,2026-09-16,1,Quebec,48.5,-56.5,15.8,79.0,14.1,0.0,0.42241058145045096,0.0022243848,0.0,0.00196078431372549,1.1344362515956163,481,0
48_-57,2026-09-17,2,Quebec,48.5,-56.5,17.5,65.0,19.3,0.0,1.7943302250730289,0.003292181,0.0,0.00196078431372549,1.6790123423561454,456,0
48_-57,2026-09-18,3,Quebec,48.5,-56.5,13.3,60.0,5.5,0.0,1.0923822002126011,0.0020446682,0.0,0.00196078431372549,1.0427807760424912,484,0
48_-57,2026-09-19,4,Quebec,48.5,-56.5,7.4,69.0,30.0,18.3,0.13912436880570395,0.0015167142,0.0,0.00196078431372549,0.7735242554917932,533,0
48_-57,2026-09-20,5,Quebec,48.5,-56.5,9.1,55.0,7.4,0.0,0.32652489869826334,0.0020446682,0.0,0.00196078431372549,1.0427807760424912,483,0
48_-57,2026-09-21,6,Quebec,48.5,-56.5,10.5,53.0,6.8,0.30000000000000004,0.5721304982335672,0.0020446682,0.0,0.00196078431372549,1.0427807760424912,497,0
48_-57,2026-09-22,7,Quebec,48.5,-56.5,9.9,73.0,9.7,11.1,0.01997066411857057,0.0015167142,0.0,0.00196078431372549,0.7735242554917932,558,0
48_-58,2026-09-15,0,Quebec,48.5,-57.5,17.253744526302118,59.18436908085086,9.031681042957498,2.2239781428056093,0.20249177857424944,0.0020446682,0.0,0.0,,518,0
48_-58,2026-09-16,1,Quebec,48.5,-57.5,15.4,77.0,8.7,0.0,0.39015113374355004,0.0020446682,0.0,0.0,,498,0
48_-58,2026-09-17,2,Quebec,48.5,-57.5,15.5,72.0,20.6,0.0,1.840058519506873,0.0015167142,0.0,0.0,,540,0
48_-58,2026-09-18,3,Quebec,48.5,-57.5,12.6,63.0,6.7,0.0,0.9824032043130857,0.0015167142,0.0,0.0,,537,0
48_-58,2026-09-19,4,Quebec,48.5,-57.5,8.5,65.0,24.2,18.8,0.11815396409978521,0.0007248675,0.0,0.0,,590,0
48_-58,2026-09-20,5,Quebec,48.5,-57.5,8.7,64.0,4.3,0.1,0.2330358178129746,0.0007248675,0.0,0.0,,592,0
48_-58,2026-09-21,6,Quebec,48.5,-57.5,10.5,56.0,8.3,0.0,0.5450646556359996,0.0012195122,0.0,0.0,,599,0
48_-58,2026-09-22,7,Quebec,48.5,-57.5,10.4,71.0,9.9,9.6,0.03151794332518196,0.0007248675,0.0,0.0,,615,0
48_-59,2026-09-15,0,Quebec,48.5,-58.5,17.31640725786498,67.7654802434792,12.315460382554637,2.169837555065204,0.31717218373885,0.0034599912,0.00010140445,0.00392156862745098,0.8822977531235665,398,0
48_-59,2026-09-16,1,Quebec,48.5,-58.5,17.4,74.0,5.7,0.0,0.4003232864904434,0.0034599912,4.4149027e-05,0.00392156862745098,0.8822977531235665,374,0
48_-59,2026-09-17,2,Quebec,48.5,-58.5,16.0,73.0,17.4,0.2,1.7295660596890878,0.0034599912,0.0,0.00392156862745098,0.8822977531235665,364,0
48_-59,2026-09-18,3,Quebec,48.5,-58.5,14.4,67.0,4.7,0.0,0.9192582548892146,0.0034599912,0.0,0.00392156862745098,0.8822977531235665,346,0
48_-59,2026-09-19,4,Quebec,48.5,-58.5,11.4,61.0,22.4,11.1,0.29643274062143704,0.0034599912,0.0,0.00392156862745098,0.8822977531235665,351,0
48_-59,2026-09-20,5,Quebec,48.5,-58.5,10.0,72.0,3.6,1.4,0.17455615656836063,0.0022243848,0.0,0.00392156862745098,0.5672181257978082,464,0
48_-59,2026-09-21,6,Quebec,48.5,-58.5,12.0,60.0,1.5,1.0,0.28418472483738194,0.003292181,0.0,0.00392156862745098,0.8395061711780727,463,0
48_-59,2026-09-22,7,Quebec,48.5,-58.5,11.3,82.0,5.0,4.2,0.026830403884518638,0.0020446682,0.0,0.00392156862745098,0.5213903880212456,511,0
48_-65,2026-09-15,0,Quebec,48.5,-64.5,15.693109974173174,64.51588901862276,12.720425794914272,0.7672755913107425,3.3072363350419387,0.0041958042,0.00010140445,0.00784313725490196,0.5349650408606976,374,0
48_-65,2026-09-16,1,Quebec,48.5,-64.5,17.2,68.0,14.6,0.0,4.4110191305501,0.005107495,0.00013172916,0.00784313725490196,0.6512056128121912,283,0
48_-65,2026-09-17,2,Quebec,48.5,-64.5,13.2,61.0,5.7,0.0,3.6196871994438102,0.0034599912,0.00010140445,0.00784313725490196,0.44114887656178325,365,0
48_-65,2026-09-18,3,Quebec,48.5,-64.5,14.2,74.0,15.4,6.05,0.37511851807080193,0.0034599912,0.0,0.00784313725490196,0.44114887656178325,347,0
48_-65,2026-09-19,4,Quebec,48.5,-64.5,7.3,53.0,20.3,2.2,0.8296400403225985,0.0034599912,0.0,0.00784313725490196,0.44114887656178325,352,0
48_-65,2026-09-20,5,Quebec,48.5,-64.5,9.8,51.0,14.8,0.0,1.8076820974942784,0.0034599912,0.0,0.00784313725490196,0.44114887656178325,359,0
48_-65,2026-09-21,6,Quebec,48.5,-64.5,10.8,52.0,19.3,0.0,5.541122129377738,0.0034599912,0.00010140445,0.00784313725490196,0.44114887656178325,376,0
48_-65,2026-09-22,7,Quebec,48.5,-64.5,10.2,48.0,19.9,0.0,8.205754859444845,0.00510037,0.00013172916,0.00784313725490196,0.6502971646841615,347,0
48_-66,2026-09-15,0,Quebec,48.5,-65.5,15.07877513625526,53.94854918585201,6.4524567289064825,0.4558864036612925,0.6774231390247727,0.0085633695,0.00013172916,0.025490196078431372,0.33594757318496704,222,0
48_-66,2026-09-16,1,Quebec,48.5,-65.5,15.8,71.0,14.5,0.0,2.259800665014438,0.008910148,0.00013172916,0.025490196078431372,0.3495519758703617,196,0
48_-66,2026-09-17,2,Quebec,48.5,-65.5,11.3,60.0,6.4,0.0,2.176885246292781,0.008910148,0.00013172916,0.025490196078431372,0.3495519758703617,209,0
48_-66,2026-09-18,3,Quebec,48.5,-65.5,8.6,91.0,19.2,4.13,0.11827833651928203,0.005107495,0.00010140445,0.025490196078431372,0.20037095778836653,292,0
48_-66,2026-09-19,4,Quebec,48.5,-65.5,5.6,48.0,25.9,1.3000000000000003,1.3467622877776442,0.006459243,0.00013172916,0.025490196078431372,0.2534010766360622,267,0
48_-66,2026-09-20,5,Quebec,48.5,-65.5,9.0,44.0,13.4,0.0,1.6180509949297168,0.008237548,0.00013172916,0.025490196078431372,0.3231653513816687,247,0
48_-66,2026-09-21,6,Quebec,48.5,-65.5,6.4,70.0,15.0,0.0,2.611449677126184,0.006459243,0.00010140445,0.025490196078431372,0.2534010766360622,276,0
48_-66,2026-09-22,7,Quebec,48.5,-65.5,8.8,47.0,20.4,0.0,6.538229098507563,0.009431681,0.00019753922,0.025490196078431372,0.37001208760417426,233,0
48_-67,2026-09-15,0,Quebec,48.5,-66.5,12.74921087936175,56.83117814681582,6.400190760775545,0.34815109733838906,0.0,0.005107495,0.00013172916,0.01764705882352941,0.2894247168054183,309,0
48_-67,2026-09-16,1,Quebec,48.5,-66.5,13.8,91.0,14.3,0.0,0.5943639999231233,0.006459243,0.00010140445,0.01764705882352941,0.36602377736320096,256,0
48_-67,2026-09-17,2,Quebec,48.5,-66.5,9.1,77.0,6.2,0.0,0.5170541905245039,0.005107495,0.00013172916,0.01764705882352941,0.2894247168054183,288,0
48_-67,2026-09-18,3,Quebec,48.5,-66.5,7.7,90.0,27.0,3.63,0.16852284978356236,0.0034599912,0.00010140445,0.01764705882352941,0.19606616736079255,348,0
48_-67,2026-09-19,4,Quebec,48.5,-66.5,5.6,44.0,23.0,1.3000000000000003,0.8285619955258665,0.00510037,0.00013172916,0.01764705882352941,0.2890209620818496,320,0
48_-67,2026-09-20,5,Quebec,48.5,-66.5,9.2,44.0,14.9,0.0,1.6173570126268377,0.005107495,0.00013172916,0.01764705882352941,0.2894247168054183,290,0
48_-67,2026-09-21,6,Quebec,48.5,-66.5,5.9,67.0,18.6,0.7000000000000001,2.3791006528144805,0.0041958042,0.00010140445,0.01764705882352941,0.23776224038253227,359,0
48_-67,2026-09-22,7,Quebec,48.5,-66.5,6.7,52.0,19.7,0.0,4.571804217319078,0.005107495,0.00013172916,0.01764705882352941,0.2894247168054183,320,0
48_-68,2026-09-15,0,Quebec,48.5,-67.5,14.991135239833188,55.93796262439906,4.112233730366943,0.39882502857643637,0.021809089057387394,0.005107495,0.00016979082,0.00784313725490196,0.6512056128121912,310,0
48_-68,2026-09-16,1,Quebec,48.5,-67.5,18.6,71.0,12.8,0.0,1.366115014834859,0.006459243,0.00013172916,0.00784313725490196,0.8235534990672022,257,0
48_-68,2026-09-17,2,Quebec,48.5,-67.5,11.1,62.0,5.6,0.0,1.5807417826522427,0.00510037,0.00013172916,0.00784313725490196,0.6502971646841615,313,0
48_-68,2026-09-18,3,Quebec,48.5,-67.5,6.5,86.0,26.6,2.33,1.3457762586793054,0.0034599912,0.00013172916,0.00784313725490196,0.44114887656178325,349,0
48_-68,2026-09-19,4,Quebec,48.5,-67.5,7.7,44.0,17.7,0.4,2.403675939584246,0.0034599912,0.00010140445,0.00784313725490196,0.44114887656178325,353,0
48_-68,2026-09-20,5,Quebec,48.5,-67.5,11.3,43.0,12.7,0.0,4.764222658987745,0.00510037,0.00010140445,0.00784313725490196,0.6502971646841615,318,0
48_-68,2026-09-21,6,Quebec,48.5,-67.5,7.7,56.0,18.8,0.1,7.165991541617028,0.00510037,0.00013172916,0.00784313725490196,0.6502971646841615,329,0
48_-68,2026-09-22,7,Quebec,48.5,-67.5,8.0,50.0,13.7,0.0,6.566660075311151,0.005107495,0.00013172916,0.00784313725490196,0.6512056128121912,321,0
48_-69,2026-09-15,0,Quebec,48.5,-68.5,11.124291423404157,74.69009140727506,9.079338337990837,2.5003352248730426,0.014013433588039609,0.00510037,0.00010140445,0.00980392156862745,0.5202377317473292,336,0
48_-69,2026-09-16,1,Quebec,48.5,-68.5,16.2,91.0,19.3,0.0,0.3391253828977874,0.005107495,0.00010140445,0.00980392156862745,0.520964490249753,284,0
48_-69,2026-09-17,2,Quebec,48.5,-68.5,11.5,68.0,6.1,0.0,0.40348500252105024,0.00510037,6.2471176e-05,0.00980392156862745,0.5202377317473292,314,0
48_-69,2026-09-18,3,Quebec,48.5,-68.5,9.3,69.0,28.5,0.95,2.7064713149900657,0.0034599912,0.0,0.00980392156862745,0.3529191012494266,350,0
48_-69,2026-09-19,4,Quebec,48.5,-68.5,8.4,54.0,9.0,0.1,1.2617939376475966,0.00510037,0.00010140445,0.00980392156862745,0.5202377317473292,321,0
48_-69,2026-09-20,5,Quebec,48.5,-68.5,11.0,56.0,9.7,0.0,2.852313283049737,0.005107495,0.00010140445,0.00980392156862745,0.520964490249753,291,0
48_-69,2026-09-21,6,Quebec,48.5,-68.5,9.1,60.0,14.7,0.0,4.477048023093906,0.006459243,0.00013172916,0.00980392156862745,0.6588427992537618,277,0
48_-69,2026-09-22,7,Quebec,48.5,-68.5,7.6,56.0,3.4,0.0,2.593832690730472,0.006459243,0.00016979082,0.00980392156862745,0.6588427992537618,293,0
48_-70,2026-09-15,0,Quebec,48.5,-69.5,12.293399008406825,59.726400139769616,9.829884402919092,0.6485359196872333,0.902102282116008,0.008910148,0.00015108558,0.027450980392156862,0.3245839775939073,202,0
48_-70,2026-09-16,1,Quebec,48.5,-69.5,17.7,77.0,15.3,0.0,0.8733401991959283,0.01158889,0.00016979082,0.027450980392156862,0.42216671098555836,161,0
48_-70,2026-09-17,2,Quebec,48.5,-69.5,10.9,67.0,6.5,0.0,0.8246494883267713,0.008910148,0.00016979082,0.027450980392156862,0.3245839775939073,210,0
48_-70,2026-09-18,3,Quebec,48.5,-69.5,10.5,48.0,30.1,0.7999999999999999,7.722621840698592,0.01158889,0.00016979082,0.027450980392156862,0.42216671098555836,167,0
48_-70,2026-09-19,4,Quebec,48.5,-69.5,10.7,33.0,13.6,0.0,7.058444617449226,0.016953317,0.00019753922,0.027450980392156862,0.6175851356238127,146,0
48_-70,2026-09-20,5,Quebec,48.5,-69.5,12.9,45.0,10.3,0.0,6.660106734897662,0.017114606,0.00019753922,0.027450980392156862,0.6234606382037913,141,0
48_-70,2026-09-21,6,Quebec,48.5,-69.5,11.3,36.0,16.9,0.2,10.836738448589205,0.023706896,0.00019753922,0.027450980392156862,0.8636083626853568,117,0
48_-70,2026-09-22,7,Quebec,48.5,-69.5,11.8,40.0,11.9,0.0,9.343018800465074,0.020055054,0.00036769436,0.027450980392156862,0.7305769582412073,137,0
48_-71,2026-09-15,0,Quebec,48.5,-70.5,14.827410357760167,59.95737778350533,8.910882762789628,0.5019531452366817,0.43800937637468357,0.00510037,0.00010140445,0.00980392156862745,0.5202377317473292,337,0
48_-71,2026-09-16,1,Quebec,48.5,-70.5,13.4,91.0,15.2,0.4,0.6951895275043308,0.00510037,0.00010140445,0.00980392156862745,0.5202377317473292,321,0
48_-71,2026-09-17,2,Quebec,48.5,-70.5,8.2,83.0,9.4,0.0,0.6103244197317017,0.0039100684,0.00010140445,0.00980392156862745,0.3988269791007042,350,0
48_-71,2026-09-18,3,Quebec,48.5,-70.5,4.6,73.0,27.2,3.41,0.5081878707820874,0.0034599912,0.00010140445,0.00980392156862745,0.3529191012494266,351,0
48_-71,2026-09-19,4,Quebec,48.5,-70.5,8.6,36.0,8.9,0.0,0.581653509895474,0.00510037,0.00010140445,0.00980392156862745,0.5202377317473292,322,0
48_-71,2026-09-20,5,Quebec,48.5,-70.5,10.9,49.0,13.1,0.0,2.5608712382917282,0.005107495,0.00013172916,0.00980392156862745,0.520964490249753,292,0
48_-71,2026-09-21,6,Quebec,48.5,-70.5,8.2,45.0,17.2,0.1999999999999998,5.457510314184465,0.006459243,0.00016979082,0.00980392156862745,0.6588427992537618,278,0
48_-71,2026-09-22,7,Quebec,48.5,-70.5,10.6,46.0,9.0,0.0,4.612624568302081,0.006459243,0.00016979082,0.00980392156862745,0.6588427992537618,294,0
48_-72,2026-09-15,0,Quebec,48.5,-71.5,15.743927374681412,55.86273147674064,8.35296059161805,0.2088785077249401,0.274573261611031,0.01158889,0.00019753922,0.03725490196078431,0.31107020809462194,159,0
48_-72,2026-09-16,1,Quebec,48.5,-71.5,19.7,62.0,17.9,0.0,2.2042551566945363,0.013666987,0.00019753922,0.03725490196078431,0.36685071493449967,131,0
48_-72,2026-09-17,2,Quebec,48.5,-71.5,11.5,63.0,3.2,0.0,0.9350674986860255,0.01158889,0.00019753922,0.03725490196078431,0.31107020809462194,164,0
48_-72,2026-09-18,3,Quebec,48.5,-71.5,7.4,68.0,20.1,0.30000000000000004,4.323724162233761,0.01158889,0.00019753922,0.03725490196078431,0.31107020809462194,168,0
48_-72,2026-09-19,4,Quebec,48.5,-71.5,10.3,41.0,9.9,0.0,4.501731482649918,0.01158889,0.00019753922,0.03725490196078431,0.31107020809462194,173,0
48_-72,2026-09-20,5,Quebec,48.5,-71.5,13.7,49.0,8.4,0.0,5.036942740933182,0.013666987,0.00019753922,0.03725490196078431,0.36685071493449967,163,0
48_-72,2026-09-21,6,Quebec,48.5,-71.5,8.9,47.0,15.7,0.1,7.576197142975862,0.017114606,0.00019753922,0.03725490196078431,0.45939204920279353,145,0
48_-72,2026-09-22,7,Quebec,48.5,-71.5,11.9,46.0,6.7,0.0,5.503098150485614,0.017114606,0.00019753922,0.03725490196078431,0.45939204920279353,155,0
48_-73,2026-09-15,0,Quebec,48.5,-72.5,14.98636035182151,55.17564852058229,19.279108271544512,0.12785284630419655,1.9327123753710032,0.01158889,0.00036769436,0.045098039215686274,0.2569710414694703,160,0
48_-73,2026-09-16,1,Quebec,48.5,-72.5,18.4,64.0,16.1,0.0,3.45269410181731,0.016953317,0.00036769436,0.045098039215686274,0.3759213869014512,119,0
48_-73,2026-09-17,2,Quebec,48.5,-72.5,10.8,75.0,4.3,0.0,1.5400926848169414,0.01158889,0.00036769436,0.045098039215686274,0.2569710414694703,165,0
48_-73,2026-09-18,3,Quebec,48.5,-72.5,8.9,51.0,19.9,0.7,5.32920055546402,0.013233952,0.00019753922,0.045098039215686274,0.2934485058421674,151,0
48_-73,2026-09-19,4,Quebec,48.5,-72.5,9.6,46.0,8.3,0.1,4.268190836338075,0.013233952,0.00019753922,0.045098039215686274,0.2934485058421674,162,0
48_-73,2026-09-20,5,Quebec,48.5,-72.5,14.5,43.0,10.4,0.0,6.767589171791538,0.023706896,0.00019753922,0.045098039215686274,0.5256746555476085,120,0
48_-73,2026-09-21,6,Quebec,48.5,-72.5,7.0,54.0,13.5,0.2,7.551730330633364,0.021778585,0.00036769436,0.045098039215686274,0.4829164586313393,126,0
48_-73,2026-09-22,7,Quebec,48.5,-72.5,10.8,50.0,8.8,0.0,6.387779904203515,0.021198655,0.00036769436,0.045098039215686274,0.4700571225713129,135,0
48_-74,2026-09-15,0,Quebec,48.5,-73.5,11.007517402238268,63.01270219231537,15.963619807137256,0.0004643558741567048,0.002321779370783524,0.00510037,0.00013172916,0.00784313725490196,0.6502971646841615,338,0
48_-74,2026-09-16,1,Quebec,48.5,-73.5,14.2,74.0,16.3,0.4,0.5521559644135179,0.0034599912,0.00010140445,0.00784313725490196,0.44114887656178325,375,0
48_-74,2026-09-17,2,Quebec,48.5,-73.5,9.2,82.0,7.1,0.0,0.42159857819897656,0.0034599912,0.00010140445,0.00784313725490196,0.44114887656178325,366,0
48_-74,2026-09-18,3,Quebec,48.5,-73.5,5.1,63.0,25.1,1.1300000000000001,1.3521739638441985,0.0034599912,0.00010140445,0.00784313725490196,0.44114887656178325,352,0
48_-74,2026-09-19,4,Quebec,48.5,-73.5,8.2,50.0,4.7,0.0,0.6661239356862538,0.0034599912,0.00010140445,0.00784313725490196,0.44114887656178325,354,0
48_-74,2026-09-20,5,Quebec,48.5,-73.5,10.4,55.0,14.8,0.0,2.96546459601485,0.0034599912,0.00013172916,0.00784313725490196,0.44114887656178325,360,0
48_-74,2026-09-21,6,Quebec,48.5,-73.5,5.1,58.0,13.9,0.2,3.080338952045249,0.0034599912,0.00013172916,0.00784313725490196,0.44114887656178325,377,0
48_-74,2026-09-22,7,Quebec,48.5,-73.5,11.8,46.0,7.8,0.0,3.334722399354988,0.00510037,0.00016979082,0.00784313725490196,0.6502971646841615,348,0
48_-75,2026-09-15,0,Quebec,48.5,-74.5,11.548999890736482,64.96485388598421,16.268418516417636,0.06159814095709163,0.9503502817664776,0.00510037,0.00013172916,0.00784313725490196,0.6502971646841615,339,0
48_-75,2026-09-16,1,Quebec,48.5,-74.5,14.5,76.0,17.7,0.0,1.2446917826343917,0.00510037,0.00013172916,0.00784313725490196,0.6502971646841615,322,0
48_-75,2026-09-17,2,Quebec,48.5,-74.5,10.6,84.0,10.0,0.0,0.8296816750739504,0.00510037,0.00013172916,0.00784313725490196,0.6502971646841615,315,0
48_-75,2026-09-18,3,Quebec,48.5,-74.5,5.8,68.0,29.3,0.9299999999999999,4.050787844549809,0.0034599912,0.00013172916,0.00784313725490196,0.44114887656178325,353,0
48_-75,2026-09-19,4,Quebec,48.5,-74.5,7.3,57.0,7.4,0.4,1.5705945097731773,0.0034599912,0.00010140445,0.00784313725490196,0.44114887656178325,355,0
48_-75,2026-09-20,5,Quebec,48.5,-74.5,10.3,59.0,11.5,0.0,3.505575801655711,0.0034599912,0.00010140445,0.00784313725490196,0.44114887656178325,361,0
48_-75,2026-09-21,6,Quebec,48.5,-74.5,4.9,65.0,14.7,0.9,2.4304886264315706,0.0034599912,0.00010140445,0.00784313725490196,0.44114887656178325,378,0
48_-75,2026-09-22,7,Quebec,48.5,-74.5,11.7,47.0,5.2,0.0,2.9381139833797496,0.00510037,0.00013172916,0.00784313725490196,0.6502971646841615,349,0
48_-76,2026-09-15,0,Quebec,48.5,-75.5,11.844442765039128,69.37131901849706,29.50377605306882,0.017816190065290807,3.5107236294253465,0.008237548,0.00013172916,0.013725490196078431,0.6001642239945275,238,0
48_-76,2026-09-16,1,Quebec,48.5,-75.5,15.1,68.0,15.7,0.0,2.550296926777646,0.008237548,0.00013172916,0.013725490196078431,0.6001642239945275,228,0
48_-76,2026-09-17,2,Quebec,48.5,-75.5,13.0,77.0,9.4,0.0,2.2589304188424157,0.006459243,0.00016979082,0.013725490196078431,0.4706019994669727,253,0
48_-76,2026-09-18,3,Quebec,48.5,-75.5,6.0,63.0,21.2,1.1,3.6460695019936677,0.006459243,0.00013172916,0.013725490196078431,0.4706019994669727,259,0
48_-76,2026-09-19,4,Quebec,48.5,-75.5,11.4,42.0,4.1,0.0,3.093946612659703,0.006459243,0.00013172916,0.013725490196078431,0.4706019994669727,268,0
48_-76,2026-09-20,5,Quebec,48.5,-75.5,10.0,56.0,8.6,0.0,4.950452178418957,0.006459243,0.00013172916,0.013725490196078431,0.4706019994669727,270,0
48_-76,2026-09-21,6,Quebec,48.5,-75.5,6.0,57.0,9.0,0.4,5.212532194294222,0.006459243,0.00013172916,0.013725490196078431,0.4706019994669727,279,0
48_-76,2026-09-22,7,Quebec,48.5,-75.5,12.9,45.0,9.1,0.0,7.261998196670969,0.0085633695,0.00016979082,0.013725490196078431,0.6239026359149388,250,0
48_-77,2026-09-15,0,Quebec,48.5,-76.5,10.291372576217169,86.28249771375303,12.024413837851936,0.018318842305825003,0.19214193974341037,0.0085633695,0.00016979082,0.023529411764705882,0.3639432042837143,223,0
48_-77,2026-09-16,1,Quebec,48.5,-76.5,14.7,69.0,13.7,3.9000000000000004,0.3126716480227757,0.008910148,0.00016979082,0.023529411764705882,0.37868130719289184,197,0
48_-77,2026-09-17,2,Quebec,48.5,-76.5,13.1,75.0,9.3,0.0,0.5713968440589803,0.0085633695,0.00016979082,0.023529411764705882,0.3639432042837143,221,0
48_-77,2026-09-18,3,Quebec,48.5,-76.5,5.5,68.0,18.6,0.4,1.8520069061015918,0.008237548,0.00016979082,0.023529411764705882,0.35009579733014107,235,0
48_-77,2026-09-19,4,Quebec,48.5,-76.5,10.3,49.0,5.0,0.0,1.636031781113441,0.008237548,0.00013172916,0.023529411764705882,0.35009579733014107,241,0
48_-77,2026-09-20,5,Quebec,48.5,-76.5,11.1,53.0,11.2,0.0,4.289003542012001,0.008910148,0.00016979082,0.023529411764705882,0.37868130719289184,216,0
48_-77,2026-09-21,6,Quebec,48.5,-76.5,7.7,48.0,7.8,0.0,4.4054877557986325,0.01158889,0.00019753922,0.023529411764705882,0.49252782948315144,182,0
48_-77,2026-09-22,7,Quebec,48.5,-76.5,13.2,41.0,8.5,0.0,6.543420622495442,0.016953317,0.00019753922,0.023529411764705882,0.7205159915611148,165,0
48_-78,2026-09-15,0,Quebec,48.5,-77.5,11.318967246417657,87.65404494218441,22.26107561155405,0.3381482287583557,1.2630900624696006,0.01158889,0.00019753922,0.03529411764705882,0.32835188632210094,161,0
48_-78,2026-09-16,1,Quebec,48.5,-77.5,17.2,55.0,14.3,0.4,2.7519451729966162,0.016953317,0.00019753922,0.03529411764705882,0.48034399437407654,120,0
48_-78,2026-09-17,2,Quebec,48.5,-77.5,14.6,63.0,11.3,0.0,4.02708314682287,0.013233952,0.00019753922,0.03529411764705882,0.3749619796872139,146,0
48_-78,2026-09-18,3,Quebec,48.5,-77.5,6.9,60.0,16.3,0.7,4.792565811920633,0.01158889,0.00019753922,0.03529411764705882,0.32835188632210094,169,0
48_-78,2026-09-19,4,Quebec,48.5,-77.5,10.4,46.0,5.8,0.0,4.481464238484337,0.013666987,0.00016979082,0.03529411764705882,0.3872313102086385,153,0
48_-78,2026-09-20,5,Quebec,48.5,-77.5,10.0,66.0,8.6,0.0,5.384630843899409,0.01158889,0.00016979082,0.03529411764705882,0.32835188632210094,183,0
48_-78,2026-09-21,6,Quebec,48.5,-77.5,8.2,47.0,10.4,0.0,6.936012073139644,0.016953317,0.00019753922,0.03529411764705882,0.48034399437407654,154,0
48_-78,2026-09-22,7,Quebec,48.5,-77.5,14.0,39.0,7.5,0.0,8.382160374872875,0.031681307,0.00036769436,0.03529411764705882,0.8976370220383009,66,1
48_-79,2026-09-15,0,Quebec,48.5,-78.5,11.95582454005719,88.93896223162895,20.89866986811044,0.18734388515055514,0.9741073142643616,0.01158889,0.00016979082,0.041176470588235294,0.28144447399037226,162,0
48_-79,2026-09-16,1,Quebec,48.5,-78.5,16.1,63.0,13.7,0.0,1.3354622694259606,0.016953317,0.00019753922,0.041176470588235294,0.41172342374920845,121,0
48_-79,2026-09-17,2,Quebec,48.5,-78.5,13.6,76.0,15.6,0.4,2.6534240414699046,0.013666987,0.00016979082,0.041176470588235294,0.33191255160740446,138,0
48_-79,2026-09-18,3,Quebec,48.5,-78.5,7.0,60.0,16.4,0.4,4.052610053437982,0.01158889,0.00016979082,0.041176470588235294,0.28144447399037226,170,0
48_-79,2026-09-19,4,Quebec,48.5,-78.5,10.1,45.0,7.3,0.0,4.01627501483606,0.01158889,0.00019753922,0.041176470588235294,0.28144447399037226,174,0
48_-79,2026-09-20,5,Quebec,48.5,-78.5,12.1,59.0,12.3,0.0,5.578658688238093,0.013666987,0.00019753922,0.041176470588235294,0.33191255160740446,164,0
48_-79,2026-09-21,6,Quebec,48.5,-78.5,8.7,47.0,10.2,0.0,5.849531099345294,0.016953317,0.00036769436,0.041176470588235294,0.41172342374920845,155,0
48_-79,2026-09-22,7,Quebec,48.5,-78.5,13.5,39.0,9.2,0.0,7.657844751053071,0.027721774,0.00036769436,0.041176470588235294,0.6732430788023132,91,0
48_-80,2026-09-15,0,Quebec,48.5,-79.5,12.409570346803166,89.84209245071696,22.35202817357187,0.5739573622336217,1.330444848228549,0.016953317,0.00019753922,0.047058823529411764,0.3602579957805574,121,0
48_-80,2026-09-16,1,Quebec,48.5,-79.5,15.8,70.0,13.4,1.2000000000000002,0.840095986077164,0.016953317,0.00019753922,0.047058823529411764,0.3602579957805574,122,0
48_-80,2026-09-17,2,Quebec,48.5,-79.5,14.5,77.0,15.6,0.0,2.0231355310830628,0.016953317,0.00019753922,0.047058823529411764,0.3602579957805574,131,0
48_-80,2026-09-18,3,Quebec,48.5,-79.5,6.8,68.0,16.7,7.2,0.1362986414068196,0.009431681,0.00016979082,0.047058823529411764,0.20042321411892772,200,0
48_-80,2026-09-19,4,Quebec,48.5,-79.5,10.5,47.0,9.2,0.0,0.5732817847304748,0.01158889,0.00019753922,0.047058823529411764,0.24626391474157572,175,0
48_-80,2026-09-20,5,Quebec,48.5,-79.5,12.3,57.0,19.5,0.0,3.3058322402428755,0.013233952,0.00019753922,0.047058823529411764,0.2812214847654104,174,0
48_-80,2026-09-21,6,Quebec,48.5,-79.5,9.8,47.0,9.1,0.0,3.4295336100187948,0.013666987,0.00036769436,0.047058823529411764,0.2904234826564789,164,0
48_-80,2026-09-22,7,Quebec,48.5,-79.5,14.0,39.0,10.2,0.0,6.477473182093171,0.023706896,0.00036769436,0.047058823529411764,0.5037715448997915,126,0
48_-81,2026-09-15,0,Ontario,48.5,-80.5,13.80062262184449,87.72901854999924,23.251175115950534,2.2356814034348544,0.730614739033798,0.006459243,0.00019753922,0.0196078431372549,0.3294213996268809,265,0
48_-81,2026-09-16,1,Ontario,48.5,-80.5,16.0,69.0,15.0,0.0,0.9426919907494283,0.008237548,0.00036769436,0.0196078431372549,0.4201149567961693,229,0
48_-81,2026-09-17,2,Ontario,48.5,-80.5,16.0,52.0,18.4,0.0,5.063882947379533,0.008237548,0.00019753922,0.0196078431372549,0.4201149567961693,236,0
48_-81,2026-09-18,3,Ontario,48.5,-80.5,6.4,65.0,14.5,0.0,4.322020481937748,0.006459243,0.00019753922,0.0196078431372549,0.3294213996268809,260,0
48_-81,2026-09-19,4,Ontario,48.5,-80.5,10.7,48.0,11.3,0.0,5.3715539393305995,0.0085633695,0.00019753922,0.0196078431372549,0.43673184514045715,231,0
48_-81,2026-09-20,5,Ontario,48.5,-80.5,11.5,71.0,18.7,0.0,7.161951742073409,0.008237548,0.00019753922,0.0196078431372549,0.4201149567961693,248,0
48_-81,2026-09-21,6,Ontario,48.5,-80.5,10.5,49.0,7.4,0.1,5.063221230777944,0.006459243,0.00019753922,0.0196078431372549,0.3294213996268809,280,0
48_-81,2026-09-22,7,Ontario,48.5,-80.5,14.3,37.0,11.5,0.0,9.154174475369524,0.01158889,0.00036769436,0.0196078431372549,0.5910333953797817,186,0
48_-82,2026-09-15,0,Ontario,48.5,-81.5,14.591706604214618,86.0379284814668,26.336255271222118,2.60532283672576,0.4175817937750262,0.0034599912,0.00016979082,0.0058823529411764705,0.5881985020823777,399,0
48_-82,2026-09-16,1,Ontario,48.5,-81.5,16.2,67.0,14.0,0.0,0.7020960170529428,0.0041958042,0.00016979082,0.0058823529411764705,0.7132867211475968,359,0
48_-82,2026-09-17,2,Ontario,48.5,-81.5,15.0,57.0,17.3,0.0,3.1650912233780195,0.0034599912,0.00016979082,0.0058823529411764705,0.5881985020823777,367,0
48_-82,2026-09-18,3,Ontario,48.5,-81.5,8.6,59.0,12.7,0.0,3.262665628410267,0.0034599912,0.00013172916,0.0058823529411764705,0.5881985020823777,354,0
48_-82,2026-09-19,4,Ontario,48.5,-81.5,11.2,46.0,9.9,0.0,4.417861326910514,0.00510037,0.00010140445,0.0058823529411764705,0.8670628862455487,323,0
48_-82,2026-09-20,5,Ontario,48.5,-81.5,8.9,84.0,15.3,0.0,3.6919882277105622,0.0034599912,8.88077e-05,0.0058823529411764705,0.5881985020823777,362,0
48_-82,2026-09-21,6,Ontario,48.5,-81.5,10.8,48.0,6.1,0.0,3.4673908940832714,0.0034599912,0.00010140445,0.0058823529411764705,0.5881985020823777,379,0
48_-82,2026-09-22,7,Ontario,48.5,-81.5,13.9,39.0,10.9,0.0,7.175137324707737,0.005107495,0.00013172916,0.0058823529411764705,0.868274150416255,322,0
48_-83,2026-09-15,0,Ontario,48.5,-82.5,14.393581341440566,91.7797224396641,22.808315341065875,4.156566952182308,0.23498077527307368,0.005107495,0.00019753922,0.013725490196078431,0.37211749303553787,311,0
48_-83,2026-09-16,1,Ontario,48.5,-82.5,14.6,72.0,12.1,0.0,0.4559037235655402,0.005107495,0.00019753922,0.013725490196078431,0.37211749303553787,285,0
48_-83,2026-09-17,2,Ontario,48.5,-82.5,13.6,69.0,14.4,0.0,0.9140410057741953,0.00510037,0.00019753922,0.013725490196078431,0.3715983798195209,316,0
48_-83,2026-09-18,3,Ontario,48.5,-82.5,9.5,53.0,10.2,0.0,2.0456220959016336,0.00510037,0.00019753922,0.013725490196078431,0.3715983798195209,311,0
48_-83,2026-09-19,4,Ontario,48.5,-82.5,12.0,46.0,9.7,0.0,4.225252999404102,0.006459243,0.00019753922,0.013725490196078431,0.4706019994669727,269,0
48_-83,2026-09-20,5,Ontario,48.5,-82.5,7.8,86.0,14.4,0.0,3.4064428068120907,0.00510037,0.00016979082,0.013725490196078431,0.3715983798195209,319,0
48_-83,2026-09-21,6,Ontario,48.5,-82.5,10.7,43.0,7.4,0.0,4.26059219204782,0.005107495,0.00019753922,0.013725490196078431,0.37211749303553787,305,0
48_-83,2026-09-22,7,Ontario,48.5,-82.5,13.9,37.0,10.7,0.0,7.973967580601574,0.008237548,0.00036769436,0.013725490196078431,0.6001642239945275,271,0
48_-84,2026-09-15,0,Ontario,48.5,-83.5,14.48201861370354,98.17447199754248,18.281603841829718,5.842508725797787,0.2330101701330227,0.005107495,0.00016979082,0.00980392156862745,0.520964490249753,312,0
48_-84,2026-09-16,1,Ontario,48.5,-83.5,14.4,69.0,8.2,0.0,0.21537937956103073,0.00510037,0.00016979082,0.00980392156862745,0.5202377317473292,323,0
48_-84,2026-09-17,2,Ontario,48.5,-83.5,14.3,64.0,15.9,0.0,1.0427936664255442,0.00510037,0.00016979082,0.00980392156862745,0.5202377317473292,317,0
48_-84,2026-09-18,3,Ontario,48.5,-83.5,10.1,47.0,6.4,0.0,1.673015393682052,0.00510037,0.00016979082,0.00980392156862745,0.5202377317473292,312,0
48_-84,2026-09-19,4,Ontario,48.5,-83.5,14.0,40.0,9.7,0.0,5.609267116747612,0.008237548,0.00019753922,0.00980392156862745,0.8402299135923386,242,0
48_-84,2026-09-20,5,Ontario,48.5,-83.5,8.2,83.0,14.1,0.0,4.387164664823674,0.005107495,0.00016979082,0.00980392156862745,0.520964490249753,293,0
48_-84,2026-09-21,6,Ontario,48.5,-83.5,11.0,40.0,8.2,0.0,5.651890125462899,0.006459243,0.00019753922,0.00980392156862745,0.6588427992537618,281,0
48_-84,2026-09-22,7,Ontario,48.5,-83.5,14.3,35.0,10.5,0.0,9.375308741266972,0.0085633695,0.00036769436,0.00980392156862745,0.8734636902809143,251,0
48_-85,2026-09-15,0,Ontario,48.5,-84.5,15.359305991442104,97.96718430798137,18.313099114478476,7.8707864821943465,0.0,0.008237548,0.00016979082,0.013725490196078431,0.6001642239945275,239,0
48_-85,2026-09-16,1,Ontario,48.5,-84.5,14.9,68.0,4.0,0.0,0.06694465009955201,0.008237548,0.00019753922,0.013725490196078431,0.6001642239945275,230,0
48_-85,2026-09-17,2,Ontario,48.5,-84.5,14.6,63.0,16.9,0.0,0.9152823631825694,0.008237548,0.00016979082,0.013725490196078431,0.6001642239945275,237,0
48_-85,2026-09-18,3,Ontario,48.5,-84.5,10.5,42.0,7.0,0.0,1.5899802279422137,0.006459243,0.00016979082,0.013725490196078431,0.4706019994669727,261,0
48_-85,2026-09-19,4,Ontario,48.5,-84.5,14.7,38.0,10.9,0.0,6.1822303046675895,0.01158889,0.00019753922,0.013725490196078431,0.8443334219711167,176,0
48_-85,2026-09-20,5,Ontario,48.5,-84.5,8.6,72.0,19.0,0.0,7.046580490725495,0.008237548,0.00019753922,0.013725490196078431,0.6001642239945275,249,0
48_-85,2026-09-21,6,Ontario,48.5,-84.5,11.4,38.0,9.1,0.0,6.731619202598522,0.008910148,0.00019753922,0.013725490196078431,0.6491679551878146,226,0
48_-85,2026-09-22,7,Ontario,48.5,-84.5,14.5,33.0,10.4,0.0,10.007697043471797,0.01158889,0.00036769436,0.013725490196078431,0.8443334219711167,187,0
48_-86,2026-09-15,0,Ontario,48.5,-85.5,15.554054804829809,94.24203211449819,18.089366932703623,7.455689733726626,0.0,0.008237548,0.00013172916,0.0196078431372549,0.4201149567961693,240,0
48_-86,2026-09-16,1,Ontario,48.5,-85.5,14.6,65.0,3.2,0.0,0.15084398151416686,0.008237548,0.00013172916,0.0196078431372549,0.4201149567961693,231,0
48_-86,2026-09-17,2,Ontario,48.5,-85.5,14.2,67.0,15.7,0.0,0.9162326580918786,0.008237548,0.00013172916,0.0196078431372549,0.4201149567961693,238,0
48_-86,2026-09-18,3,Ontario,48.5,-85.5,9.8,41.0,8.5,0.0,2.1270974261328774,0.008237548,0.00016979082,0.0196078431372549,0.4201149567961693,236,0
48_-86,2026-09-19,4,Ontario,48.5,-85.5,15.3,41.0,10.8,0.0,6.10630623095594,0.01158889,0.00019753922,0.0196078431372549,0.5910333953797817,177,0
48_-86,2026-09-20,5,Ontario,48.5,-85.5,8.6,72.0,19.9,0.0,7.350092431050744,0.01158889,0.00019753922,0.0196078431372549,0.5910333953797817,184,0
48_-86,2026-09-21,6,Ontario,48.5,-85.5,11.8,37.0,9.3,0.0,7.030054007651609,0.01158889,0.00036769436,0.0196078431372549,0.5910333953797817,183,0
48_-86,2026-09-22,7,Ontario,48.5,-85.5,14.7,32.0,10.0,0.0,10.205805003485455,0.016953317,0.00036769436,0.0196078431372549,0.8646191898733377,166,0
48_-87,2026-09-15,0,Ontario,48.5,-86.5,15.489301291221903,91.72079498275953,17.508985892386256,6.628407949557397,0.0,0.005107495,0.00013172916,0.00980392156862745,0.520964490249753,313,0
48_-87,2026-09-16,1,Ontario,48.5,-86.5,11.5,82.0,3.3,0.0,0.09174151117199006,0.00510037,0.00013172916,0.00980392156862745,0.5202377317473292,324,0
48_-87,2026-09-17,2,Ontario,48.5,-86.5,11.3,91.0,14.4,0.0,0.39108626314950606,0.005107495,0.00013172916,0.00980392156862745,0.520964490249753,289,0
48_-87,2026-09-18,3,Ontario,48.5,-86.5,8.1,50.0,13.8,0.0,0.9072088162842165,0.00510037,0.00013172916,0.00980392156862745,0.5202377317473292,313,0
48_-87,2026-09-19,4,Ontario,48.5,-86.5,11.5,75.0,29.4,0.0,5.249083185585477,0.00510037,0.00016979082,0.00980392156862745,0.5202377317473292,324,0
48_-87,2026-09-20,5,Ontario,48.5,-86.5,8.0,72.0,35.5,0.0,8.707408481773804,0.006459243,0.00016979082,0.00980392156862745,0.6588427992537618,271,0
48_-87,2026-09-21,6,Ontario,48.5,-86.5,8.6,53.0,5.8,0.0,2.687336689662081,0.005107495,0.00016979082,0.00980392156862745,0.520964490249753,306,0
48_-87,2026-09-22,7,Ontario,48.5,-86.5,10.4,52.0,5.5,0.0,3.6217321457865252,0.005107495,0.00019753922,0.00980392156862745,0.520964490249753,323,0
48_-88,2026-09-15,0,Ontario,48.5,-87.5,15.086533663978955,88.2059478049914,20.591532861477155,6.994036472770033,0.32668882500842344,0.006459243,0.00013172916,0.013725490196078431,0.4706019994669727,266,0
48_-88,2026-09-16,1,Ontario,48.5,-87.5,11.6,77.0,4.6,0.0,0.17859443017202994,0.00510037,0.00013172916,0.013725490196078431,0.3715983798195209,325,0
48_-88,2026-09-17,2,Ontario,48.5,-87.5,11.6,82.0,15.3,0.4,0.7205345502567005,0.00510037,0.00013172916,0.013725490196078431,0.3715983798195209,318,0
48_-88,2026-09-18,3,Ontario,48.5,-87.5,7.4,60.0,17.1,0.0,1.8386142303307844,0.00510037,0.00013172916,0.013725490196078431,0.3715983798195209,314,0
48_-88,2026-09-19,4,Ontario,48.5,-87.5,11.4,73.0,14.4,0.0,2.4702803781313247,0.00510037,0.00013172916,0.013725490196078431,0.3715983798195209,325,0
48_-88,2026-09-20,5,Ontario,48.5,-87.5,9.2,67.0,32.1,0.2,8.654006960305894,0.005107495,0.00016979082,0.013725490196078431,0.37211749303553787,294,0
48_-88,2026-09-21,6,Ontario,48.5,-87.5,8.0,69.0,18.8,0.0,4.999521917392785,0.00510037,0.00016979082,0.013725490196078431,0.3715983798195209,330,0
48_-88,2026-09-22,7,Ontario,48.5,-87.5,10.5,76.0,19.9,0.0,5.500214281578948,0.00510037,0.00016979082,0.013725490196078431,0.3715983798195209,350,0
48_-89,2026-09-15,0,Ontario,48.5,-88.5,17.204651740976818,65.77636911726147,27.159530891444184,6.348970480424534,1.8881345011857327,0.01158889,0.00019753922,0.025490196078431372,0.45464107336906284,163,0
48_-89,2026-09-16,1,Ontario,48.5,-88.5,15.4,54.0,8.1,0.0,1.144700316491219,0.01158889,0.00019753922,0.025490196078431372,0.45464107336906284,162,0
48_-89,2026-09-17,2,Ontario,48.5,-88.5,14.6,69.0,8.0,0.0,2.3490294595291092,0.008910148,0.00019753922,0.025490196078431372,0.3495519758703617,211,0
48_-89,2026-09-18,3,Ontario,48.5,-88.5,10.6,52.0,13.7,0.0,5.417243621686509,0.008910148,0.00016979082,0.025490196078431372,0.3495519758703617,208,0
48_-89,2026-09-19,4,Ontario,48.5,-88.5,15.0,54.0,8.9,0.0,5.489806426219992,0.01158889,0.00019753922,0.025490196078431372,0.45464107336906284,178,0
48_-89,2026-09-20,5,Ontario,48.5,-88.5,12.4,56.0,20.5,0.2,9.850183595644056,0.013233952,0.00019753922,0.025490196078431372,0.5191781257207577,175,0
48_-89,2026-09-21,6,Ontario,48.5,-88.5,12.3,54.0,14.3,0.0,7.986042956478701,0.01158889,0.00019753922,0.025490196078431372,0.45464107336906284,184,0
48_-89,2026-09-22,7,Ontario,48.5,-88.5,14.3,49.0,12.4,0.0,8.609971493674525,0.016953317,0.00019753922,0.025490196078431372,0.6650916845179521,167,0
48_-90,2026-09-15,0,Ontario,48.5,-89.5,17.44281911599143,65.89051421251962,29.91991906889473,7.322686956250305,2.177373117242357,0.031681307,0.00036769436,0.06470588235294118,0.4896201938390731,33,1
48_-90,2026-09-16,1,Ontario,48.5,-89.5,13.2,63.0,7.7,0.0,0.7653059142482921,0.029426603,0.00046264168,0.06470588235294118,0.4547747681764039,50,1
48_-90,2026-09-17,2,Ontario,48.5,-89.5,12.7,84.0,9.8,0.4,0.9962823663137351,0.024334805,0.00036769436,0.06470588235294118,0.37608335133303294,81,0
48_-90,2026-09-18,3,Ontario,48.5,-89.5,9.7,54.0,12.1,0.0,3.3760801034230647,0.019046638,0.00019753922,0.06470588235294118,0.29435713521458884,121,0
48_-90,2026-09-19,4,Ontario,48.5,-89.5,12.2,66.0,8.9,0.0,3.3830502336667605,0.019046638,0.00019753922,0.06470588235294118,0.29435713521458884,125,0
48_-90,2026-09-20,5,Ontario,48.5,-89.5,10.1,65.0,13.5,0.0,4.774850720458381,0.020055054,0.00036769436,0.06470588235294118,0.3099417398599061,129,0
48_-90,2026-09-21,6,Ontario,48.5,-89.5,12.1,50.0,12.4,0.0,6.312569720271998,0.024334805,0.00036769436,0.06470588235294118,0.37608335133303294,109,0
48_-90,2026-09-22,7,Ontario,48.5,-89.5,13.1,58.0,12.3,0.0,6.6578993821694485,0.027721774,0.00036769436,0.06470588235294118,0.42842741378329013,92,0
48_-91,2026-09-15,0,Ontario,48.5,-90.5,15.41780620029057,67.95942660972102,28.17547310898826,8.10347209871539,1.242941834783526,0.019046638,0.00036769436,0.045098039215686274,0.4223384983513666,96,0
48_-91,2026-09-16,1,Ontario,48.5,-90.5,12.6,67.0,2.7,0.0,0.44297499107033395,0.017114606,0.00036769436,0.045098039215686274,0.37949777977622073,111,0
48_-91,2026-09-17,2,Ontario,48.5,-90.5,11.6,87.0,11.0,1.1,0.6139727596940766,0.01158889,0.00036769436,0.045098039215686274,0.2569710414694703,166,0
48_-91,2026-09-18,3,Ontario,48.5,-90.5,10.9,53.0,13.8,0.0,2.0292626522019503,0.01158889,0.00019753922,0.045098039215686274,0.2569710414694703,171,0
48_-91,2026-09-19,4,Ontario,48.5,-90.5,15.0,59.0,8.0,0.0,2.9189909969110825,0.01158889,0.00019753922,0.045098039215686274,0.2569710414694703,179,0
48_-91,2026-09-20,5,Ontario,48.5,-90.5,9.1,69.0,12.4,0.0,3.9911959385246947,0.013666987,0.00036769436,0.045098039215686274,0.30305059059806494,165,0
48_-91,2026-09-21,6,Ontario,48.5,-90.5,12.5,48.0,11.8,0.0,6.01320650571034,0.020055054,0.00036769436,0.045098039215686274,0.4446990180598653,129,0
48_-91,2026-09-22,7,Ontario,48.5,-90.5,13.4,46.0,11.9,0.0,7.606100983811929,0.022222223,0.00036769436,0.045098039215686274,0.4927536351201327,131,0
48_-92,2026-09-15,0,Ontario,48.5,-91.5,13.791344127834668,70.25669014907717,19.701181527207403,10.371616369523327,0.30589887462561927,0.013233952,0.00036769436,0.03725490196078431,0.35522713865104477,136,0
48_-92,2026-09-16,1,Ontario,48.5,-91.5,13.1,73.0,2.3,0.0,0.3114569560047208,0.013233952,0.00036769436,0.03725490196078431,0.35522713865104477,138,0
48_-92,2026-09-17,2,Ontario,48.5,-91.5,13.4,70.0,12.5,1.5,0.6522099857918654,0.01158889,0.00036769436,0.03725490196078431,0.31107020809462194,167,0
48_-92,2026-09-18,3,Ontario,48.5,-91.5,13.9,49.0,12.9,0.0,2.456756136144643,0.01158889,0.00019753922,0.03725490196078431,0.31107020809462194,172,0
48_-92,2026-09-19,4,Ontario,48.5,-91.5,17.8,53.0,5.2,0.0,3.336044850400284,0.017114606,0.00036769436,0.03725490196078431,0.45939204920279353,137,0
48_-92,2026-09-20,5,Ontario,48.5,-91.5,13.8,51.0,11.9,0.0,6.195371452892165,0.019046638,0.00036769436,0.03725490196078431,0.5112518664253386,134,0
48_-92,2026-09-21,6,Ontario,48.5,-91.5,14.7,39.0,9.9,0.0,7.978323434281927,0.020055054,0.00036769436,0.03725490196078431,0.5383198639672053,130,0
48_-92,2026-09-22,7,Ontario,48.5,-91.5,15.4,40.0,9.7,0.0,9.052733726301664,0.027218936,0.00046264168,0.03725490196078431,0.7306135455636602,102,0
48_-93,2026-09-15,0,Ontario,48.5,-92.5,14.11459607606708,73.77615211013143,17.382500273628988,15.046844183925248,0.25059644837705514,0.008237548,0.00019753922,0.01568627450980392,0.5251436959952116,241,0
48_-93,2026-09-16,1,Ontario,48.5,-92.5,12.8,79.0,1.8,0.0,0.18909289183788677,0.006459243,0.00036769436,0.01568627450980392,0.4117767495336011,258,0
48_-93,2026-09-17,2,Ontario,48.5,-92.5,13.9,73.0,11.2,0.4,0.6624418753962794,0.006459243,0.00019753922,0.01568627450980392,0.4117767495336011,254,0
48_-93,2026-09-18,3,Ontario,48.5,-92.5,14.9,51.0,14.3,0.0,3.179696829847326,0.006459243,0.00016979082,0.01568627450980392,0.4117767495336011,262,0
48_-93,2026-09-19,4,Ontario,48.5,-92.5,18.1,57.0,4.3,0.0,3.0556110591761514,0.006459243,0.00019753922,0.01568627450980392,0.4117767495336011,270,0
48_-93,2026-09-20,5,Ontario,48.5,-92.5,14.5,54.0,12.1,0.0,5.948622515145188,0.0085633695,0.00019753922,0.01568627450980392,0.5459148064255714,231,0
48_-93,2026-09-21,6,Ontario,48.5,-92.5,14.8,39.0,10.9,0.0,8.245409978336532,0.01158889,0.00036769436,0.01568627450980392,0.7387917442247272,185,0
48_-93,2026-09-22,7,Ontario,48.5,-92.5,14.7,47.0,9.1,0.0,8.148159879135779,0.01158889,0.00036769436,0.01568627450980392,0.7387917442247272,188,0
48_-94,2026-09-15,0,Ontario,48.5,-93.5,14.896765399605028,63.02146688707694,28.005683442323715,13.427627721389996,0.9728418564635891,0.0085633695,0.00019753922,0.01568627450980392,0.5459148064255714,224,0
48_-94,2026-09-16,1,Ontario,48.5,-93.5,13.8,69.0,2.7,0.0,0.45185184343047696,0.008237548,0.00036769436,0.01568627450980392,0.5251436959952116,232,0
48_-94,2026-09-17,2,Ontario,48.5,-93.5,14.5,72.0,8.9,0.0,0.9118762717934981,0.006459243,0.00016979082,0.01568627450980392,0.4117767495336011,255,0
48_-94,2026-09-18,3,Ontario,48.5,-93.5,16.4,52.0,12.2,0.0,4.453418788358855,0.008237548,0.00019753922,0.01568627450980392,0.5251436959952116,237,0
48_-94,2026-09-19,4,Ontario,48.5,-93.5,18.7,59.0,4.0,0.0,3.8307907494564613,0.0085633695,0.00019753922,0.01568627450980392,0.5459148064255714,232,0
48_-94,2026-09-20,5,Ontario,48.5,-93.5,14.6,59.0,14.5,0.0,7.031956251756616,0.008910148,0.00019753922,0.01568627450980392,0.5680219607893378,217,0
48_-94,2026-09-21,6,Ontario,48.5,-93.5,15.1,41.0,10.6,0.0,8.510045798517867,0.01158889,0.00036769436,0.01568627450980392,0.7387917442247272,186,0
48_-94,2026-09-22,7,Ontario,48.5,-93.5,14.3,53.0,8.8,0.0,8.311288273323358,0.01158889,0.00036769436,0.01568627450980392,0.7387917442247272,189,0
48_-95,2026-09-15,0,Ontario,48.5,-94.5,16.190332445123072,70.6119366443365,27.927840269289405,9.140402516363858,1.8574668135335115,0.008910148,0.00036769436,0.0196078431372549,0.4544175686314702,203,0
48_-95,2026-09-16,1,Ontario,48.5,-94.5,14.5,72.0,4.7,0.0,0.4734440026058934,0.008237548,0.00036769436,0.0196078431372549,0.4201149567961693,233,0
48_-95,2026-09-17,2,Ontario,48.5,-94.5,14.7,73.0,12.6,0.4,1.3617873121832902,0.005107495,0.00019753922,0.0196078431372549,0.2604822451248765,290,0
48_-95,2026-09-18,3,Ontario,48.5,-94.5,17.5,52.0,14.8,0.0,5.475226245718741,0.008910148,0.00036769436,0.0196078431372549,0.4544175686314702,209,0
48_-95,2026-09-19,4,Ontario,48.5,-94.5,18.6,61.0,6.1,0.0,4.427125171568058,0.008237548,0.00019753922,0.0196078431372549,0.4201149567961693,243,0
48_-95,2026-09-20,5,Ontario,48.5,-94.5,16.0,55.0,12.7,0.0,7.335590163286198,0.008910148,0.00036769436,0.0196078431372549,0.4544175686314702,218,0
48_-95,2026-09-21,6,Ontario,48.5,-94.5,15.6,38.0,12.1,0.0,10.342714425613146,0.01158889,0.00036769436,0.0196078431372549,0.5910333953797817,187,0
48_-95,2026-09-22,7,Ontario,48.5,-94.5,15.2,57.0,10.0,0.0,9.023836012874904,0.01158889,0.00036769436,0.0196078431372549,0.5910333953797817,190,0
49_-100,2026-09-15,0,Manitoba,49.5,-99.5,13.305955568819583,68.43633560081051,29.22258985248057,4.853867839027568,0.6123447781999933,0.0034599912,0.00013172916,0.0058823529411764705,0.5881985020823777,400,0
49_-100,2026-09-16,1,Manitoba,49.5,-99.5,14.3,57.0,10.9,0.0,0.7170780279408945,0.0034599912,0.00013172916,0.0058823529411764705,0.5881985020823777,376,0
49_-100,2026-09-17,2,Manitoba,49.5,-99.5,13.2,78.0,1.5,0.4,0.5473313088404409,0.0034599912,0.0,0.0058823529411764705,0.5881985020823777,368,0
49_-100,2026-09-18,3,Manitoba,49.5,-99.5,13.5,79.0,14.7,0.30000000000000004,2.1931556490151762,0.0022243848,0.0,0.0058823529411764705,0.3781454171985388,467,0
49_-100,2026-09-19,4,Manitoba,49.5,-99.5,14.8,93.0,12.3,0.9,0.8744657033545049,0.0022243848,0.0,0.0058823529411764705,0.3781454171985388,463,0
49_-100,2026-09-20,5,Manitoba,49.5,-99.5,16.2,63.0,13.5,0.4,3.044038732265888,0.0022243848,0.0,0.0058823529411764705,0.3781454171985388,465,0
49_-100,2026-09-21,6,Manitoba,49.5,-99.5,18.7,55.0,14.7,0.0,6.545882567789446,0.0034599912,0.00010140445,0.0058823529411764705,0.5881985020823777,380,0
49_-100,2026-09-22,7,Manitoba,49.5,-99.5,17.8,57.0,25.6,0.0,12.368390424779982,0.0034599912,0.00010140445,0.0058823529411764705,0.5881985020823777,387,0
49_-103,2026-09-15,0,Saskatchewan,49.5,-102.5,12.458956683329884,63.383651013292145,25.986212273804195,1.8182360389269914,0.6699674390672982,0.003292181,0.00013172916,0.00392156862745098,0.8395061711780727,477,0
49_-103,2026-09-16,1,Saskatchewan,49.5,-102.5,10.4,89.0,11.7,0.0,0.5210231213033576,0.0034599912,0.00013172916,0.00392156862745098,0.8822977531235665,377,0
49_-103,2026-09-17,2,Saskatchewan,49.5,-102.5,11.8,78.0,14.8,0.0,0.9421420988015126,0.0022243848,0.0,0.00392156862745098,0.5672181257978082,476,0
49_-103,2026-09-18,3,Saskatchewan,49.5,-102.5,19.6,64.0,20.5,0.32999999999999996,5.095170393952436,0.0034599912,0.00010140445,0.00392156862745098,0.8822977531235665,355,0
49_-103,2026-09-19,4,Saskatchewan,49.5,-102.5,15.1,90.0,18.7,1.7000000000000002,1.1193739974637855,0.0020446682,0.0,0.00392156862745098,0.5213903880212456,480,0
49_-103,2026-09-20,5,Saskatchewan,49.5,-102.5,11.4,95.0,16.7,8.6,0.0008812399636660985,0.0020446682,0.0,0.00392156862745098,0.5213903880212456,484,0
49_-103,2026-09-21,6,Saskatchewan,49.5,-102.5,17.2,72.0,18.0,0.40000000000000024,0.46991574375579936,0.0020446682,0.0,0.00392156862745098,0.5213903880212456,498,0
49_-103,2026-09-22,7,Saskatchewan,49.5,-102.5,17.5,66.0,21.0,0.0,2.3111198557607944,0.0022243848,0.0,0.00392156862745098,0.5672181257978082,494,0
49_-110,2026-09-15,0,Saskatchewan,49.5,-109.5,10.329284457745917,61.93677538959597,4.323871618526727,19.73825415610198,0.007236020451795158,0.0034599912,0.00010140445,0.00392156862745098,0.8822977531235665,401,0
49_-110,2026-09-16,1,Saskatchewan,49.5,-109.5,12.5,70.0,10.1,3.0,0.04814115838158959,0.0034599912,0.00010140445,0.00392156862745098,0.8822977531235665,378,0
49_-110,2026-09-17,2,Saskatchewan,49.5,-109.5,13.1,78.0,19.3,0.0,0.6162550519359253,0.0034599912,0.0,0.00392156862745098,0.8822977531235665,369,0
49_-110,2026-09-18,3,Saskatchewan,49.5,-109.5,20.4,46.0,17.8,0.0,4.197031648094684,0.0034599912,0.00013172916,0.00392156862745098,0.8822977531235665,356,0
49_-110,2026-09-19,4,Saskatchewan,49.5,-109.5,17.6,45.0,19.4,0.0,8.858512479992115,0.0034599912,0.00013172916,0.00392156862745098,0.8822977531235665,356,0
49_-110,2026-09-20,5,Saskatchewan,49.5,-109.5,16.5,69.0,16.9,0.0,7.102184153256364,0.0034599912,0.00013172916,0.00392156862745098,0.8822977531235665,363,0
49_-110,2026-09-21,6,Saskatchewan,49.5,-109.5,19.6,53.0,16.9,0.0,8.922133722863082,0.0034599912,0.00013172916,0.00392156862745098,0.8822977531235665,381,0
49_-110,2026-09-22,7,Saskatchewan,49.5,-109.5,20.5,38.0,5.9,0.0,8.219307179138436,0.00510037,0.00013172916,0.00392156862745098,1.300594329368323,351,0
49_-114,2026-09-15,0,Alberta,49.5,-113.5,8.366380093388269,90.90208119774229,11.984988393157716,2.834083671652,0.22453757720266299,0.006459243,0.00016979082,0.013725490196078431,0.4706019994669727,267,0
49_-114,2026-09-16,1,Alberta,49.5,-113.5,10.7,76.0,7.9,0.0,0.37369387720964575,0.006459243,0.00016979082,0.013725490196078431,0.4706019994669727,259,0
49_-114,2026-09-17,2,Alberta,49.5,-113.5,14.1,64.0,6.5,0.0,0.6847112560718435,0.005107495,0.00010140445,0.013725490196078431,0.37211749303553787,291,0
49_-114,2026-09-18,3,Alberta,49.5,-113.5,16.8,42.0,5.6,0.0,3.0712642562055263,0.006459243,0.00016979082,0.013725490196078431,0.4706019994669727,263,0
49_-114,2026-09-19,4,Alberta,49.5,-113.5,17.9,49.0,11.7,0.0,7.159112484340238,0.008237548,0.00019753922,0.013725490196078431,0.6001642239945275,244,0
49_-114,2026-09-20,5,Alberta,49.5,-113.5,20.0,35.0,6.9,0.0,9.37037718905294,0.01158889,0.00036769436,0.013725490196078431,0.8443334219711167,185,0
49_-114,2026-09-21,6,Alberta,49.5,-113.5,21.3,28.0,16.2,0.0,18.850338887076184,0.01158889,0.00046264168,0.013725490196078431,0.8443334219711167,188,0
49_-114,2026-09-22,7,Alberta,49.5,-113.5,20.6,29.0,13.2,0.0,18.115248702434688,0.013233952,0.00036769436,0.013725490196078431,0.9641879477671215,174,0
49_-115,2026-09-15,0,Alberta,49.5,-114.5,7.323228948863923,89.82100910256793,7.008049894754583,0.839680047211599,0.6002989089276151,0.031681307,0.00019753922,0.12352941176470589,0.25646772058237166,34,1
49_-115,2026-09-16,1,Alberta,49.5,-114.5,10.4,62.0,2.3,0.8,0.5343337961002971,0.03429977,0.00019753922,0.12352941176470589,0.27766479267960503,18,1
49_-115,2026-09-17,2,Alberta,49.5,-114.5,15.1,47.0,0.5,0.0,0.8804418319490573,0.04981479,0.00016979082,0.12352941176470589,0.40326258965900963,15,1
49_-115,2026-09-18,3,Alberta,49.5,-114.5,19.3,33.0,4.0,0.0,6.001017683892895,0.06966412,0.00036769436,0.12352941176470589,0.5639476435525076,7,1
49_-115,2026-09-19,4,Alberta,49.5,-114.5,20.5,34.0,2.2,0.0,8.196367816823674,0.081350304,0.0007264472,0.12352941176470589,0.6585500815085003,6,1
49_-115,2026-09-20,5,Alberta,49.5,-114.5,19.2,36.0,9.7,0.0,12.319025942230626,0.10246174,0.0007264472,0.12352941176470589,0.8294521839845748,6,1
49_-115,2026-09-21,6,Alberta,49.5,-114.5,18.9,32.0,10.1,0.0,14.227417193215356,0.08461878,0.0007264472,0.12352941176470589,0.6850091474396841,6,1
49_-115,2026-09-22,7,Alberta,49.5,-114.5,18.3,31.0,12.2,0.0,16.578833041698633,0.11399712,0.00083361124,0.12352941176470589,0.9228338017350151,2,1
49_-116,2026-09-15,0,British Columbia,49.5,-115.5,10.978875964852522,90.09631724112994,2.316228089740485,1.78120152413766,0.040472143509194355,0.032122906,0.00036769436,0.11568627450980393,0.2776725798592729,27,1
49_-116,2026-09-16,1,British Columbia,49.5,-115.5,12.2,82.0,9.2,0.0,0.360286494356091,0.03278111,0.00036769436,0.11568627450980393,0.2833621304924205,23,1
49_-116,2026-09-17,2,British Columbia,49.5,-115.5,19.4,30.0,7.1,0.0,3.4548366718231374,0.055568106,0.00046264168,0.11568627450980393,0.48033447967747506,10,1
49_-116,2026-09-18,3,British Columbia,49.5,-115.5,19.7,36.0,2.2,0.0,7.10963762643865,0.05585831,0.00046264168,0.11568627450980393,0.4828430213412996,15,1
49_-116,2026-09-19,4,British Columbia,49.5,-115.5,20.7,38.0,1.1,0.0,9.174339249877665,0.071680374,0.00083361124,0.11568627450980393,0.6196100163762852,10,1
49_-116,2026-09-20,5,British Columbia,49.5,-115.5,20.8,42.0,4.1,0.0,11.104508135125762,0.071680374,0.00083361124,0.11568627450980393,0.6196100163762852,12,1
49_-116,2026-09-21,6,British Columbia,49.5,-115.5,20.3,39.0,5.7,0.0,13.004003283323785,0.06966412,0.0008482887,0.11568627450980393,0.6021813820984404,12,1
49_-116,2026-09-22,7,British Columbia,49.5,-115.5,19.8,39.0,9.1,0.0,15.58500950272596,0.06739664,0.00086677365,0.11568627450980393,0.5825811321452512,19,1
49_-117,2026-09-15,0,British Columbia,49.5,-116.5,10.356780609729789,95.77692033540373,1.9134744908475525,6.907686107785639,0.0,0.029426603,0.00019753922,0.10784313725490197,0.27286486090584233,48,1
49_-117,2026-09-16,1,British Columbia,49.5,-116.5,9.1,68.0,5.0,0.0,0.017585281267024487,0.031681307,0.00019753922,0.10784313725490197,0.2937721163034439,34,1
49_-117,2026-09-17,2,British Columbia,49.5,-116.5,13.7,38.0,5.1,0.0,0.6099154289004166,0.039974753,0.00019753922,0.10784313725490197,0.37067498063499277,22,1
49_-117,2026-09-18,3,British Columbia,49.5,-116.5,17.1,29.0,5.6,0.0,3.944639455471018,0.04981479,0.00036769436,0.10784313725490197,0.4619189663366838,25,1
49_-117,2026-09-19,4,British Columbia,49.5,-116.5,17.5,32.0,5.3,0.0,8.449486731459622,0.055568106,0.00036769436,0.10784313725490197,0.5152678963812914,22,1
49_-117,2026-09-20,5,British Columbia,49.5,-116.5,17.1,37.0,6.4,0.0,10.24827513238228,0.05585831,0.00046264168,0.10784313725490197,0.5179588774388486,24,1
49_-117,2026-09-21,6,British Columbia,49.5,-116.5,16.8,36.0,6.7,0.0,11.388900599684202,0.055568106,0.00046264168,0.10784313725490197,0.5152678963812914,24,1
49_-117,2026-09-22,7,British Columbia,49.5,-116.5,15.2,38.0,8.3,0.0,12.814692351573417,0.062472697,0.00046264168,0.10784313725490197,0.5792922844940965,22,1
49_-118,2026-09-15,0,British Columbia,49.5,-117.5,11.814453191119886,94.62121310741821,0.6268348362979147,7.136396307528169,0.0,0.03278111,0.00036769436,0.11960784313725491,0.2740715688369313,20,1
49_-118,2026-09-16,1,British Columbia,49.5,-117.5,13.6,65.0,3.9,0.0,0.015656028911202186,0.039974753,0.00036769436,0.11960784313725491,0.3342151464741738,8,1
49_-118,2026-09-17,2,British Columbia,49.5,-117.5,18.9,33.0,5.7,0.0,0.7960037531824685,0.054577813,0.00036769436,0.11960784313725491,0.45630630166804204,11,1
49_-118,2026-09-18,3,British Columbia,49.5,-117.5,21.0,29.0,5.1,0.0,6.4625304261501055,0.061514195,0.00046264168,0.11960784313725491,0.5142990078349582,13,1
49_-118,2026-09-19,4,British Columbia,49.5,-117.5,21.7,30.0,3.8,0.0,10.600053597972314,0.071680374,0.0007264472,0.11960784313725491,0.5992949338721447,11,1
49_-118,2026-09-20,5,British Columbia,49.5,-117.5,21.2,32.0,5.9,0.0,13.157764591838294,0.076548226,0.0007264472,0.11960784313725491,0.6399933664036579,9,1
49_-118,2026-09-21,6,British Columbia,49.5,-117.5,21.1,32.0,5.8,0.0,14.143262322517176,0.076548226,0.0007264472,0.11960784313725491,0.6399933664036579,9,1
49_-118,2026-09-22,7,British Columbia,49.5,-117.5,19.5,31.0,8.4,0.0,16.59651474891432,0.076548226,0.0007264472,0.11960784313725491,0.6399933664036579,9,1
49_-119,2026-09-15,0,British Columbia,49.5,-118.5,11.166541731576945,90.46731052668817,2.2206768379007604,9.197535973681331,0.0,0.03278111,0.00036769436,0.10784313725490197,0.3039702854373238,21,1
49_-119,2026-09-16,1,British Columbia,49.5,-118.5,14.8,51.0,5.1,0.0,0.10503511607664555,0.039974753,0.00036769436,0.10784313725490197,0.37067498063499277,9,1
49_-119,2026-09-17,2,British Columbia,49.5,-118.5,19.0,40.0,9.0,0.0,1.2875809235417675,0.04981479,0.00036769436,0.10784313725490197,0.4619189663366838,16,1
49_-119,2026-09-18,3,British Columbia,49.5,-118.5,22.0,31.0,5.6,0.0,7.119210383442537,0.055568106,0.00046264168,0.10784313725490197,0.5152678963812914,16,1
49_-119,2026-09-19,4,British Columbia,49.5,-118.5,22.3,33.0,6.9,0.0,11.234699971893825,0.06966412,0.0007264472,0.10784313725490197,0.6459763917055996,12,1
49_-119,2026-09-20,5,British Columbia,49.5,-118.5,22.2,31.0,9.0,0.0,14.608587290953867,0.06966412,0.00083361124,0.10784313725490197,0.6459763917055996,13,1
49_-119,2026-09-21,6,British Columbia,49.5,-118.5,22.0,33.0,6.8,0.0,14.496296150639745,0.06966412,0.00083361124,0.10784313725490197,0.6459763917055996,13,1
49_-119,2026-09-22,7,British Columbia,49.5,-118.5,20.9,31.0,8.6,0.0,16.59968642748773,0.076548226,0.00083361124,0.10784313725490197,0.7098108245567841,10,1
49_-120,2026-09-15,0,British Columbia,49.5,-119.5,14.149300502518884,84.54511679709353,4.287965223034372,12.747022811660148,0.0,0.039974753,0.00036769436,0.19411764705882353,0.2059305447972182,10,1
49_-120,2026-09-16,1,British Columbia,49.5,-119.5,10.8,98.0,7.1,1.1,0.0014388373352174943,0.039974753,0.00036769436,0.19411764705882353,0.2059305447972182,10,1
49_-120,2026-09-17,2,British Columbia,49.5,-119.5,15.7,57.0,5.5,0.0,0.46023822343438203,0.06739664,0.00036769436,0.19411764705882353,0.3471948161269679,5,1
49_-120,2026-09-18,3,British Columbia,49.5,-119.5,20.6,26.0,6.5,0.0,5.188317850592063,0.076548226,0.0007264472,0.19411764705882353,0.3943393469759912,3,1
49_-120,2026-09-19,4,British Columbia,49.5,-119.5,20.5,31.0,6.3,0.0,12.094226603733928,0.11399712,0.00086677365,0.19411764705882353,0.5872578738313733,1,1
49_-120,2026-09-20,5,British Columbia,49.5,-119.5,21.3,29.0,9.8,0.0,18.277873339167762,0.11399712,0.0011269277,0.19411764705882353,0.5872578738313733,1,1
49_-120,2026-09-21,6,British Columbia,49.5,-119.5,20.2,30.0,5.4,0.0,16.388782001914773,0.11399712,0.0011269277,0.19411764705882353,0.5872578738313733,1,1
49_-120,2026-09-22,7,British Columbia,49.5,-119.5,19.2,30.0,2.5,0.0,15.425839907564352,0.11399712,0.0011269277,0.19411764705882353,0.5872578738313733,3,1
49_-121,2026-09-15,0,British Columbia,49.5,-120.5,11.590814636905362,91.65725014665881,0.5883204893692576,3.991774314253883,0.1791494635787062,0.055568106,0.00036769436,0.09411764705882353,0.5904111312702298,1,1
49_-121,2026-09-16,1,British Columbia,49.5,-120.5,12.2,80.0,2.3,0.0,0.8971860899423922,0.039974753,0.00036769436,0.09411764705882353,0.42473174864426255,11,1
49_-121,2026-09-17,2,British Columbia,49.5,-120.5,20.9,28.0,1.3,0.0,6.356785493509696,0.071680374,0.00086677365,0.09411764705882353,0.7616039784625173,3,1
49_-121,2026-09-18,3,British Columbia,49.5,-120.5,23.7,23.0,1.3,0.0,20.000023582505133,0.076548226,0.0011269277,0.09411764705882353,0.8133249031379819,4,1
49_-121,2026-09-19,4,British Columbia,49.5,-120.5,22.2,36.0,0.7,0.0,20.445073512887408,0.10246174,0.001759457,0.09411764705882353,1.0886559914797544,5,1
49_-121,2026-09-20,5,British Columbia,49.5,-120.5,25.6,23.0,0.5,0.0,26.79646827909322,0.10668066,0.0024489795,0.09411764705882353,1.133482027798891,4,1
49_-121,2026-09-21,6,British Columbia,49.5,-120.5,22.8,27.0,1.8,0.0,28.475649011701588,0.081350304,0.0020660395,0.09411764705882353,0.8643469819799066,7,1
49_-121,2026-09-22,7,British Columbia,49.5,-120.5,20.4,29.0,5.2,0.0,32.240852021643406,0.10246174,0.0020660395,0.09411764705882353,1.0886559914797544,6,1
49_-122,2026-09-15,0,British Columbia,49.5,-121.5,15.508494034617419,87.07808098905728,4.49468104235447,2.2819657924932764,1.8923149182072592,0.039974753,0.00036769436,0.07254901960784314,0.5510033495925568,11,1
49_-122,2026-09-16,1,British Columbia,49.5,-121.5,17.4,50.0,7.4,0.0,5.39367546895493,0.03429977,0.00036769436,0.07254901960784314,0.47278059294094904,19,1
49_-122,2026-09-17,2,British Columbia,49.5,-121.5,24.0,22.0,6.4,0.0,20.593880994486614,0.06966412,0.0011269277,0.07254901960784314,0.9602351768596752,4,1
49_-122,2026-09-18,3,British Columbia,49.5,-121.5,21.3,41.0,7.4,0.0,21.66335076299829,0.076548226,0.001759457,0.07254901960784314,1.05512419866549,5,1
49_-122,2026-09-19,4,British Columbia,49.5,-121.5,20.0,46.0,6.1,0.0,19.380579326789665,0.076548226,0.001759457,0.07254901960784314,1.05512419866549,9,1
49_-122,2026-09-20,5,British Columbia,49.5,-121.5,21.6,41.0,7.9,0.0,21.280550640107553,0.076548226,0.001759457,0.07254901960784314,1.05512419866549,10,1
49_-122,2026-09-21,6,British Columbia,49.5,-121.5,19.6,46.0,8.2,0.0,21.182725403337056,0.071680374,0.001759457,0.07254901960784314,0.9880267828702926,11,1
49_-122,2026-09-22,7,British Columbia,49.5,-121.5,15.9,49.0,7.7,0.0,19.28444338971486,0.071680374,0.0011269277,0.07254901960784314,0.9880267828702926,12,1
49_-123,2026-09-15,0,British Columbia,49.5,-122.5,18.501416273615796,65.22024215055819,2.443339296281741,0.4497420218676627,7.954320757158468,0.027721774,0.00019753922,0.021568627450980392,1.2852822413498706,53,1
49_-123,2026-09-16,1,British Columbia,49.5,-122.5,20.4,41.0,8.7,0.0,14.650327539366497,0.031681307,0.00036769436,0.021568627450980392,1.4688605815172195,35,1
49_-123,2026-09-17,2,British Columbia,49.5,-122.5,25.3,22.0,11.3,0.0,30.683384999114715,0.039974753,0.001759457,0.021568627450980392,1.8533749031749638,23,1
49_-123,2026-09-18,3,British Columbia,49.5,-122.5,19.9,49.0,8.7,0.0,21.51710009360579,0.03429977,0.0011269277,0.021568627450980392,1.5902619944377379,41,1
49_-123,2026-09-19,4,British Columbia,49.5,-122.5,19.7,49.0,7.2,0.0,19.241894987488763,0.03429977,0.0011269277,0.021568627450980392,1.5902619944377379,44,1
49_-123,2026-09-20,5,British Columbia,49.5,-122.5,20.9,48.0,8.7,0.0,20.80296864747592,0.03278111,0.0011269277,0.021568627450980392,1.5198514271866193,54,1
49_-123,2026-09-21,6,British Columbia,49.5,-122.5,18.3,56.0,9.8,0.0,19.1350311943515,0.031681307,0.0011269277,0.021568627450980392,1.4688605815172195,67,1
49_-123,2026-09-22,7,British Columbia,49.5,-122.5,14.5,70.0,8.9,0.0,14.195434663077162,0.031681307,0.0007264472,0.021568627450980392,1.4688605815172195,67,1
49_-124,2026-09-15,0,British Columbia,49.5,-123.5,17.253221002378996,76.43625679942762,2.4078905674879003,0.1334488189517808,3.4558839814097317,0.031681307,0.00019753922,0.045098039215686274,0.7024985389864963,35,1
49_-124,2026-09-16,1,British Columbia,49.5,-123.5,19.6,62.0,4.7,0.0,4.802443233609489,0.03278111,0.00036769436,0.045098039215686274,0.7268854651762092,24,1
49_-124,2026-09-17,2,British Columbia,49.5,-123.5,23.6,43.0,4.6,0.0,8.569311768102557,0.06137425,0.00086677365,0.045098039215686274,1.3609073003349097,7,1
49_-124,2026-09-18,3,British Columbia,49.5,-123.5,19.0,65.0,9.8,0.0,9.260534158607676,0.055568106,0.0007264472,0.045098039215686274,1.232162360911784,17,1
49_-124,2026-09-19,4,British Columbia,49.5,-123.5,19.5,64.0,9.2,0.0,9.199163114283126,0.055568106,0.0007264472,0.045098039215686274,1.232162360911784,23,1
49_-124,2026-09-20,5,British Columbia,49.5,-123.5,20.2,60.0,8.6,0.0,9.344440598595584,0.054577813,0.0007264472,0.045098039215686274,1.210203669641329,32,1
49_-124,2026-09-21,6,British Columbia,49.5,-123.5,18.3,69.0,9.0,0.0,8.730622041411971,0.039974753,0.0007264472,0.045098039215686274,0.8863966928228089,40,1
49_-124,2026-09-22,7,British Columbia,49.5,-123.5,14.0,85.0,7.1,0.0,5.303030613264406,0.031681307,0.00036769436,0.045098039215686274,0.7024985389864963,68,1
49_-125,2026-09-15,0,British Columbia,49.5,-124.5,16.212868629874134,73.95325431061133,21.397713631778586,0.02383092398102117,9.526221166783543,0.039974753,0.00019753922,0.07647058823529412,0.5227467675621692,12,1
49_-125,2026-09-16,1,British Columbia,49.5,-124.5,14.2,90.0,14.7,0.0,5.599718740052479,0.04981479,0.00019753922,0.07647058823529412,0.6514241832953233,4,1
49_-125,2026-09-17,2,British Columbia,49.5,-124.5,14.8,85.0,20.3,0.0,7.428425843833238,0.039974753,0.00019753922,0.07647058823529412,0.5227467675621692,24,1
49_-125,2026-09-18,3,British Columbia,49.5,-124.5,16.2,71.0,7.9,0.0,5.155965203489936,0.04981479,0.00036769436,0.07647058823529412,0.6514241832953233,26,1
49_-125,2026-09-19,4,British Columbia,49.5,-124.5,16.8,71.0,7.9,0.0,5.880769753234285,0.055568106,0.00036769436,0.07647058823529412,0.726659853871052,24,1
49_-125,2026-09-20,5,British Columbia,49.5,-124.5,17.0,69.0,8.6,0.0,6.729555301094057,0.06137425,0.00036769436,0.07647058823529412,0.8025863566077672,23,1
49_-125,2026-09-21,6,British Columbia,49.5,-124.5,17.0,67.0,9.0,0.0,7.449795529680499,0.055568106,0.00036769436,0.07647058823529412,0.726659853871052,25,1
49_-125,2026-09-22,7,British Columbia,49.5,-124.5,15.2,61.0,6.3,0.0,7.308660717967209,0.04981479,0.00019753922,0.07647058823529412,0.6514241832953233,36,1
49_-126,2026-09-15,0,British Columbia,49.5,-125.5,20.52383316113961,54.272496037665285,5.526411986520275,0.32112547813400066,6.517774166434229,0.04981479,0.00036769436,0.060784313725490195,0.8195336499521809,4,1
49_-126,2026-09-16,1,British Columbia,49.5,-125.5,11.9,60.0,5.4,0.0,6.061530956086798,0.031681307,0.00036769436,0.060784313725490195,0.5212085934415941,36,1
49_-126,2026-09-17,2,British Columbia,49.5,-125.5,13.9,65.0,2.5,0.0,5.4165415501392395,0.031681307,0.00019753922,0.060784313725490195,0.5212085934415941,42,1
49_-126,2026-09-18,3,British Columbia,49.5,-125.5,14.6,55.0,7.6,0.0,7.948956165979802,0.029426603,0.00019753922,0.060784313725490195,0.484115075800688,61,1
49_-126,2026-09-19,4,British Columbia,49.5,-125.5,14.2,51.0,6.5,0.0,8.486193543574513,0.031681307,0.00019753922,0.060784313725490195,0.5212085934415941,58,1
49_-126,2026-09-20,5,British Columbia,49.5,-125.5,14.5,31.0,6.6,0.0,12.425988206087895,0.039974753,0.00036769436,0.060784313725490195,0.6576491591911162,42,1
49_-126,2026-09-21,6,British Columbia,49.5,-125.5,13.9,39.0,6.0,0.0,12.517640790440838,0.039974753,0.00036769436,0.060784313725490195,0.6576491591911162,41,1
49_-126,2026-09-22,7,British Columbia,49.5,-125.5,9.1,52.0,4.3,0.0,10.352958647226703,0.03278111,0.00036769436,0.060784313725490195,0.5393021193242842,55,1
49_-127,2026-09-15,0,British Columbia,49.5,-126.5,16.98540178662999,73.9899231680735,14.015793001645678,0.0,3.4651074326460063,0.006459243,0.00013172916,0.00980392156862745,0.6588427992537618,268,0
49_-127,2026-09-16,1,British Columbia,49.5,-126.5,19.7,57.0,3.0,0.0,3.010406870994843,0.008237548,0.00016979082,0.00980392156862745,0.8402299135923386,234,0
49_-127,2026-09-17,2,British Columbia,49.5,-126.5,20.5,55.0,6.3,0.0,4.9452298109172,0.009431681,0.00019753922,0.00980392156862745,0.962031427770853,204,0
49_-127,2026-09-18,3,British Columbia,49.5,-126.5,18.1,61.0,7.3,0.0,5.553766465551842,0.008910148,0.00019753922,0.00980392156862745,0.9088351372629404,210,0
49_-127,2026-09-19,4,British Columbia,49.5,-126.5,16.9,64.0,7.3,0.0,5.783457320190318,0.008910148,0.00016979082,0.00980392156862745,0.9088351372629404,221,0
49_-127,2026-09-20,5,British Columbia,49.5,-126.5,17.3,53.0,7.3,0.0,6.329352960530019,0.0085633695,0.00019753922,0.00980392156862745,0.8734636902809143,232,0
49_-127,2026-09-21,6,British Columbia,49.5,-126.5,17.8,59.0,8.0,0.0,6.883790642384279,0.0085633695,0.0001927423,0.00980392156862745,0.8734636902809143,241,0
49_-127,2026-09-22,7,British Columbia,49.5,-126.5,15.8,50.0,4.8,0.0,6.377827328405082,0.008237548,0.00016979082,0.00980392156862745,0.8402299135923386,272,0
49_-54,2026-09-15,0,Quebec,49.5,-53.5,14.41261051489698,86.19528778591399,27.647709817343017,13.718362625771572,0.18959991303111734,0.0020446682,0.0,0.00196078431372549,1.0427807760424912,519,0
49_-54,2026-09-16,1,Quebec,49.5,-53.5,11.6,91.0,30.6,0.0,0.4113406912345357,0.0020446682,0.0,0.00196078431372549,1.0427807760424912,499,0
49_-54,2026-09-17,2,Quebec,49.5,-53.5,14.1,86.0,27.6,0.0,0.8416949904918511,0.0020446682,0.0,0.00196078431372549,1.0427807760424912,499,0
49_-54,2026-09-18,3,Quebec,49.5,-53.5,10.7,78.0,28.8,0.0,2.000290660802809,0.0020446682,0.0,0.00196078431372549,1.0427807760424912,485,0
49_-54,2026-09-19,4,Quebec,49.5,-53.5,8.6,84.0,87.6,16.7,4.124403210751124,0.0012195122,0.0,0.00196078431372549,0.6219512200914323,586,0
49_-54,2026-09-20,5,Quebec,49.5,-53.5,7.7,72.0,33.6,6.1000000000000005,0.131880434193374,0.0007248675,0.0,0.00196078431372549,0.3696824301732704,593,0
49_-54,2026-09-21,6,Quebec,49.5,-53.5,9.2,76.0,11.2,0.30000000000000004,0.22459813273510354,0.0007248675,0.0,0.00196078431372549,0.3696824301732704,603,0
49_-54,2026-09-22,7,Quebec,49.5,-53.5,9.3,88.0,9.3,0.0,0.2768433646852898,0.0007248675,0.0,0.00196078431372549,0.3696824301732704,616,0
49_-55,2026-09-15,0,Quebec,49.5,-54.5,13.40717363163641,89.17344942495424,14.679108578049426,12.963029984123061,0.014113586369044043,0.008910148,0.00013172916,0.01764705882352941,0.5049084095905224,204,0
49_-55,2026-09-16,1,Quebec,49.5,-54.5,16.4,77.0,13.3,0.0,0.22332226042052217,0.01158889,0.00013172916,0.01764705882352941,0.6567037726442019,163,0
49_-55,2026-09-17,2,Quebec,49.5,-54.5,18.1,67.0,21.6,0.0,1.2950569346958867,0.01158889,0.00013172916,0.01764705882352941,0.6567037726442019,168,0
49_-55,2026-09-18,3,Quebec,49.5,-54.5,13.6,77.0,14.2,0.2,1.1436834012236026,0.008910148,0.00013172916,0.01764705882352941,0.5049084095905224,211,0
49_-55,2026-09-19,4,Quebec,49.5,-54.5,7.0,90.0,54.0,37.8,0.015223112862577949,0.008237548,0.00013172916,0.01764705882352941,0.4667943964401881,245,0
49_-55,2026-09-20,5,Quebec,49.5,-54.5,7.9,62.0,17.5,6.9,0.021395820003357737,0.008237548,0.00013172916,0.01764705882352941,0.4667943964401881,250,0
49_-55,2026-09-21,6,Quebec,49.5,-54.5,11.5,54.0,10.3,0.0,0.31019845133380525,0.008237548,0.00013172916,0.01764705882352941,0.4667943964401881,253,0
49_-55,2026-09-22,7,Quebec,49.5,-54.5,11.3,82.0,7.9,0.0,0.36696309864196847,0.008237548,0.00013172916,0.01764705882352941,0.4667943964401881,273,0
49_-56,2026-09-15,0,Quebec,49.5,-55.5,15.581220247335068,71.90084915092213,12.852586056708242,8.076669155706538,0.1511183794961109,0.01158889,0.00013172916,0.01764705882352941,0.6567037726442019,164,0
49_-56,2026-09-16,1,Quebec,49.5,-55.5,16.8,77.0,14.5,0.0,0.4863369634954324,0.01158889,0.00013172916,0.01764705882352941,0.6567037726442019,164,0
49_-56,2026-09-17,2,Quebec,49.5,-55.5,18.5,62.0,18.9,0.0,2.421509838116164,0.01158889,0.00016979082,0.01764705882352941,0.6567037726442019,169,0
49_-56,2026-09-18,3,Quebec,49.5,-55.5,14.1,70.0,6.8,0.2,1.3394963090869567,0.009431681,0.00016979082,0.01764705882352941,0.5344619043171406,201,0
49_-56,2026-09-19,4,Quebec,49.5,-55.5,7.3,85.0,45.6,45.699999999999996,0.04017431581082878,0.0085633695,0.00013172916,0.01764705882352941,0.4852576057116191,233,0
49_-56,2026-09-20,5,Quebec,49.5,-55.5,8.7,54.0,11.5,1.8,0.16232468971947486,0.0085633695,0.00013172916,0.01764705882352941,0.4852576057116191,233,0
49_-56,2026-09-21,6,Quebec,49.5,-55.5,12.1,48.0,7.9,0.0,0.4667918967166923,0.009431681,0.00013172916,0.01764705882352941,0.5344619043171406,223,0
49_-56,2026-09-22,7,Quebec,49.5,-55.5,12.2,69.0,9.9,0.0,0.801001893309023,0.008910148,0.00013172916,0.01764705882352941,0.5049084095905224,237,0
49_-57,2026-09-15,0,Quebec,49.5,-56.5,16.756544943101726,55.91869124837818,10.91054998918306,3.285182642697751,0.4158076696654949,0.0085633695,0.00013172916,0.011764705882352941,0.7278864085674286,225,0
49_-57,2026-09-16,1,Quebec,49.5,-56.5,16.6,75.0,12.0,0.0,0.7296381151285602,0.0085633695,0.00013172916,0.011764705882352941,0.7278864085674286,210,0
49_-57,2026-09-17,2,Quebec,49.5,-56.5,15.8,68.0,19.0,0.0,3.2251557992891797,0.0085633695,0.00013172916,0.011764705882352941,0.7278864085674286,222,0
49_-57,2026-09-18,3,Quebec,49.5,-56.5,13.0,65.0,6.9,0.1,2.0346967743478825,0.006459243,0.00013172916,0.011764705882352941,0.5490356660448015,264,0
49_-57,2026-09-19,4,Quebec,49.5,-56.5,7.2,70.0,31.8,60.8,0.08737681378512566,0.006459243,0.00010140445,0.011764705882352941,0.5490356660448015,271,0
49_-57,2026-09-20,5,Quebec,49.5,-56.5,8.0,56.0,9.4,0.1,0.3403811750321913,0.00510037,0.00010140445,0.011764705882352941,0.43353144312277436,320,0
49_-57,2026-09-21,6,Quebec,49.5,-56.5,10.2,54.0,8.0,0.0,0.5881682813096393,0.005107495,0.00010140445,0.011764705882352941,0.4341370752081275,307,0
49_-57,2026-09-22,7,Quebec,49.5,-56.5,11.0,67.0,8.9,0.0,0.9285846976027757,0.005107495,0.00013172916,0.011764705882352941,0.4341370752081275,324,0
49_-58,2026-09-15,0,Quebec,49.5,-57.5,15.79624584214372,60.74555158065637,10.757331331760591,2.4813648105994854,0.3699899043150443,0.0034599912,0.0,0.00196078431372549,1.764595506247133,402,0
49_-58,2026-09-16,1,Quebec,49.5,-57.5,14.6,75.0,13.4,0.0,0.6354899845785104,0.0034599912,0.0,0.00196078431372549,1.764595506247133,379,0
49_-58,2026-09-17,2,Quebec,49.5,-57.5,12.9,69.0,19.0,0.1,2.2125551112894835,0.0034599912,0.0,0.00196078431372549,1.764595506247133,370,0
49_-58,2026-09-18,3,Quebec,49.5,-57.5,11.7,64.0,10.6,0.0,1.9925399138674396,0.003292181,0.0,0.00196078431372549,1.6790123423561454,440,0
49_-58,2026-09-19,4,Quebec,49.5,-57.5,6.6,64.0,24.4,25.0,0.0767110123740585,0.0020446682,0.0,0.00196078431372549,1.0427807760424912,481,0
49_-58,2026-09-20,5,Quebec,49.5,-57.5,7.4,55.0,6.5,0.0,0.26901811253978325,0.0022243848,0.0,0.00196078431372549,1.1344362515956163,466,0
49_-58,2026-09-21,6,Quebec,49.5,-57.5,8.3,61.0,7.1,0.0,0.4530551654362003,0.0020446682,0.0,0.00196078431372549,1.0427807760424912,499,0
49_-58,2026-09-22,7,Quebec,49.5,-57.5,10.2,62.0,8.3,0.0,0.7712389219258323,0.0022243848,0.0,0.00196078431372549,1.1344362515956163,495,0
49_-59,2026-09-15,0,Quebec,49.5,-58.5,14.918572845378963,65.37531761724166,11.719925202916809,4.481619002481226,0.19849513289121973,0.00510037,0.00010140445,0.00980392156862745,0.5202377317473292,340,0
49_-59,2026-09-16,1,Quebec,49.5,-58.5,13.7,88.0,25.7,0.0,0.7425334900033453,0.0039100684,0.00010140445,0.00980392156862745,0.3988269791007042,360,0
49_-59,2026-09-17,2,Quebec,49.5,-58.5,13.5,76.0,25.7,0.0,1.6934292994776818,0.00510037,0.00010140445,0.00980392156862745,0.5202377317473292,319,0
49_-59,2026-09-18,3,Quebec,49.5,-58.5,11.8,84.0,13.7,0.0,0.7795863525474291,0.0034599912,0.00010140445,0.00980392156862745,0.3529191012494266,357,0
49_-59,2026-09-19,4,Quebec,49.5,-58.5,9.9,73.0,39.3,24.2,0.23305771582772009,0.0034599912,0.00010140445,0.00980392156862745,0.3529191012494266,357,0
49_-59,2026-09-20,5,Quebec,49.5,-58.5,8.9,60.0,8.0,2.0000000000000004,0.13109707319728348,0.0034599912,6.670446e-05,0.00980392156862745,0.3529191012494266,364,0
49_-59,2026-09-21,6,Quebec,49.5,-58.5,10.9,65.0,14.2,0.0,0.48187539462257595,0.0034599912,0.0,0.00980392156862745,0.3529191012494266,382,0
49_-59,2026-09-22,7,Quebec,49.5,-58.5,11.2,78.0,11.4,0.0,0.5639302953571161,0.0034599912,0.0,0.00980392156862745,0.3529191012494266,388,0
49_-65,2026-09-15,0,Quebec,49.5,-64.5,14.069509058832283,63.4968107924011,15.00318123783517,5.641470862853426,0.20151775980943792,0.005107495,0.00010140445,0.011764705882352941,0.4341370752081275,314,0
49_-65,2026-09-16,1,Quebec,49.5,-64.5,14.1,79.0,13.3,0.0,0.5227880067807683,0.005107495,0.00010140445,0.011764705882352941,0.4341370752081275,286,0
49_-65,2026-09-17,2,Quebec,49.5,-64.5,11.5,76.0,25.0,0.0,2.197487226558145,0.006459243,0.00010140445,0.011764705882352941,0.5490356660448015,256,0
49_-65,2026-09-18,3,Quebec,49.5,-64.5,11.4,89.0,18.9,1.6,0.6393040116269326,0.0034599912,0.00010140445,0.011764705882352941,0.29409925104118884,358,0
49_-65,2026-09-19,4,Quebec,49.5,-64.5,10.7,66.0,38.2,5.300000000000001,0.9852895557223379,0.0034599912,0.00010140445,0.011764705882352941,0.29409925104118884,358,0
49_-65,2026-09-20,5,Quebec,49.5,-64.5,9.4,68.0,21.6,0.0,0.8810652904459141,0.0034599912,0.00010140445,0.011764705882352941,0.29409925104118884,365,0
49_-65,2026-09-21,6,Quebec,49.5,-64.5,10.1,84.0,6.6,1.3,0.34202133691411896,0.0034599912,0.00010140445,0.011764705882352941,0.29409925104118884,383,0
49_-65,2026-09-22,7,Quebec,49.5,-64.5,9.5,82.0,17.2,1.4,0.5682877260564473,0.0034599912,0.00010140445,0.011764705882352941,0.29409925104118884,389,0
49_-66,2026-09-15,0,Quebec,49.5,-65.5,12.735978925670766,67.91264814483843,12.761832641503736,3.0649151135346444,0.06342051047200074,0.003292181,0.0,0.00392156862745098,0.8395061711780727,478,0
49_-66,2026-09-16,1,Quebec,49.5,-65.5,14.4,79.0,31.4,0.2,2.405720136527464,0.0034599912,0.0,0.00392156862745098,0.8822977531235665,380,0
49_-66,2026-09-17,2,Quebec,49.5,-65.5,11.1,76.0,22.3,0.0,2.076531181167016,0.002782071,0.0,0.00392156862745098,0.7094281073659658,469,0
49_-66,2026-09-18,3,Quebec,49.5,-65.5,11.6,88.0,45.2,3.1,2.0919156059237554,0.0020446682,0.0,0.00392156862745098,0.5213903880212456,486,0
49_-66,2026-09-19,4,Quebec,49.5,-65.5,10.5,62.0,34.5,0.1,3.6261765093873994,0.0022243848,0.0,0.00392156862745098,0.5672181257978082,464,0
49_-66,2026-09-20,5,Quebec,49.5,-65.5,9.9,73.0,22.5,0.0,2.704277019419988,0.0020446682,0.0,0.00392156862745098,0.5213903880212456,485,0
49_-66,2026-09-21,6,Quebec,49.5,-65.5,9.7,84.0,17.3,2.4,0.4240513972253035,0.0020446682,0.0,0.00392156862745098,0.5213903880212456,500,0
49_-66,2026-09-22,7,Quebec,49.5,-65.5,9.6,80.0,10.8,2.1,0.18219610297361336,0.0020446682,0.0,0.00392156862745098,0.5213903880212456,512,0
49_-67,2026-09-15,0,Quebec,49.5,-66.5,13.262066794485154,69.09404219997546,14.704382120036458,0.03858851369005408,0.43357691170992707,0.0015167142,0.0,0.0,,563,0
49_-67,2026-09-16,1,Quebec,49.5,-66.5,13.6,85.0,38.5,0.5,4.5909867063338865,0.0007248675,0.0,0.0,,609,0
49_-67,2026-09-17,2,Quebec,49.5,-66.5,11.5,68.0,11.0,0.0,0.9827019458134284,0.0012195122,0.0,0.0,,601,0
49_-67,2026-09-18,3,Quebec,49.5,-66.5,12.4,73.0,34.2,0.9000000000000001,5.849607114501712,0.0007248675,0.0,0.0,,582,0
49_-67,2026-09-19,4,Quebec,49.5,-66.5,11.0,57.0,25.6,1.4999999999999998,3.406547066243347,0.0007248675,0.0,0.0,,591,0
49_-67,2026-09-20,5,Quebec,49.5,-66.5,10.8,64.0,1.4,0.0,0.8010088018808855,0.0007248675,0.0,0.0,,594,0
49_-67,2026-09-21,6,Quebec,49.5,-66.5,9.5,76.0,14.5,12.700000000000001,0.034160827706796446,0.0007248675,0.0,0.0,,604,0
49_-67,2026-09-22,7,Quebec,49.5,-66.5,10.1,77.0,6.7,2.6000000000000005,0.031948193119989414,0.0006170935,0.0,0.0,,681,0
49_-68,2026-09-15,0,Quebec,49.5,-67.5,13.232291170755321,59.43039932335043,14.087773082488766,0.11329467397645077,0.3453089101848489,0.0034599912,9.767786e-05,0.00784313725490196,0.44114887656178325,403,0
49_-68,2026-09-16,1,Quebec,49.5,-67.5,16.2,77.0,17.9,0.0,0.8555645791786276,0.00510037,0.00010140445,0.00784313725490196,0.6502971646841615,326,0
49_-68,2026-09-17,2,Quebec,49.5,-67.5,10.7,66.0,6.4,0.0,0.7152114030828747,0.0034599912,0.00010140445,0.00784313725490196,0.44114887656178325,371,0
49_-68,2026-09-18,3,Quebec,49.5,-67.5,8.1,85.0,25.5,1.58,1.3366228358710317,0.0034599912,0.0,0.00784313725490196,0.44114887656178325,359,0
49_-68,2026-09-19,4,Quebec,49.5,-67.5,9.6,35.0,14.6,0.0,2.578381817680882,0.0034599912,0.00010140445,0.00784313725490196,0.44114887656178325,359,0
49_-68,2026-09-20,5,Quebec,49.5,-67.5,10.7,48.0,15.6,0.0,5.024563560308226,0.0034599912,0.00010140445,0.00784313725490196,0.44114887656178325,366,0
49_-68,2026-09-21,6,Quebec,49.5,-67.5,9.8,42.0,20.2,0.0,8.517961379918718,0.005107495,0.00016979082,0.00784313725490196,0.6512056128121912,308,0
49_-68,2026-09-22,7,Quebec,49.5,-67.5,11.0,37.0,11.0,0.0,7.142613323792677,0.005107495,0.00016979082,0.00784313725490196,0.6512056128121912,325,0
49_-69,2026-09-15,0,Quebec,49.5,-68.5,11.71633290590383,55.84827213032937,13.228381779518271,0.03243082128592839,0.3525089270209607,0.00510037,0.00010140445,0.011764705882352941,0.43353144312277436,341,0
49_-69,2026-09-16,1,Quebec,49.5,-68.5,16.5,81.0,17.6,0.0,0.8587649370400642,0.005107495,0.00010140445,0.011764705882352941,0.4341370752081275,287,0
49_-69,2026-09-17,2,Quebec,49.5,-68.5,9.3,69.0,4.5,0.0,0.6073836327275793,0.00510037,0.00013172916,0.011764705882352941,0.43353144312277436,320,0
49_-69,2026-09-18,3,Quebec,49.5,-68.5,8.3,68.0,24.4,9.13,0.18650722681458187,0.0034599912,0.00010140445,0.011764705882352941,0.29409925104118884,360,0
49_-69,2026-09-19,4,Quebec,49.5,-68.5,8.4,37.0,15.1,0.0,0.6631616351665122,0.00510037,0.00013172916,0.011764705882352941,0.43353144312277436,326,0
49_-69,2026-09-20,5,Quebec,49.5,-68.5,12.1,44.0,10.0,0.0,1.8335962037542064,0.005107495,0.00013172916,0.011764705882352941,0.4341370752081275,295,0
49_-69,2026-09-21,6,Quebec,49.5,-68.5,7.3,50.0,20.1,1.4000000000000001,2.1274480166875187,0.005107495,0.00013172916,0.011764705882352941,0.4341370752081275,309,0
49_-69,2026-09-22,7,Quebec,49.5,-68.5,10.1,38.0,15.7,0.0,4.913067486055262,0.006459243,0.00016979082,0.011764705882352941,0.5490356660448015,295,0
49_-70,2026-09-15,0,Quebec,49.5,-69.5,13.222153561655409,50.86417432445748,7.2980831937419826,0.11794713703722044,0.0,0.00510037,0.00013172916,0.00980392156862745,0.5202377317473292,342,0
49_-70,2026-09-16,1,Quebec,49.5,-69.5,15.0,79.0,23.1,0.0,1.4674005021723322,0.00510037,0.00013172916,0.00980392156862745,0.5202377317473292,327,0
49_-70,2026-09-17,2,Quebec,49.5,-69.5,8.6,75.0,6.0,0.0,0.5993218075266311,0.00510037,0.00013172916,0.00980392156862745,0.5202377317473292,321,0
49_-70,2026-09-18,3,Quebec,49.5,-69.5,7.2,64.0,43.4,7.8500000000000005,0.9578748284910326,0.0034599912,0.00010140445,0.00980392156862745,0.3529191012494266,361,0
49_-70,2026-09-19,4,Quebec,49.5,-69.5,8.1,43.0,16.4,0.0,0.7466551338643609,0.0034599912,0.00010140445,0.00980392156862745,0.3529191012494266,360,0
49_-70,2026-09-20,5,Quebec,49.5,-69.5,11.7,50.0,10.4,0.1,1.680369092503963,0.0034599912,0.00011307764,0.00980392156862745,0.3529191012494266,367,0
49_-70,2026-09-21,6,Quebec,49.5,-69.5,6.4,59.0,27.6,0.5,6.302375385932795,0.003771806,0.00013172916,0.00980392156862745,0.38472420210018754,363,0
49_-70,2026-09-22,7,Quebec,49.5,-69.5,10.0,51.0,17.4,0.0,5.22899943136867,0.00510037,0.00013172916,0.00980392156862745,0.5202377317473292,352,0
49_-71,2026-09-15,0,Quebec,49.5,-70.5,13.033604004477255,58.00402326820837,11.37148734819589,0.029654252005043836,0.2034929406760817,0.0034599912,0.0,0.0058823529411764705,0.5881985020823777,404,0
49_-71,2026-09-16,1,Quebec,49.5,-70.5,14.8,80.0,19.5,1.5,0.6178072554075557,0.0034599912,0.0,0.0058823529411764705,0.5881985020823777,381,0
49_-71,2026-09-17,2,Quebec,49.5,-70.5,8.3,77.0,6.9,0.0,0.417540933744634,0.0034599912,0.0,0.0058823529411764705,0.5881985020823777,372,0
49_-71,2026-09-18,3,Quebec,49.5,-70.5,4.3,90.0,31.0,5.199999999999999,0.045434627534375376,0.0022243848,0.0,0.0058823529411764705,0.3781454171985388,468,0
49_-71,2026-09-19,4,Quebec,49.5,-70.5,7.0,46.0,11.2,1.1,0.26592067978495015,0.0034599912,0.0,0.0058823529411764705,0.5881985020823777,361,0
49_-71,2026-09-20,5,Quebec,49.5,-70.5,11.3,52.0,16.6,0.0,0.8357976343801211,0.0034599912,0.0,0.0058823529411764705,0.5881985020823777,368,0
49_-71,2026-09-21,6,Quebec,49.5,-70.5,7.3,53.0,21.3,1.2,1.5628371500664626,0.0034599912,0.0,0.0058823529411764705,0.5881985020823777,384,0
49_-71,2026-09-22,7,Quebec,49.5,-70.5,9.0,54.0,10.3,0.0,1.5716588962390288,0.0034599912,0.0,0.0058823529411764705,0.5881985020823777,390,0
49_-72,2026-09-15,0,Quebec,49.5,-71.5,13.467125543113779,61.72735906129831,10.852625960082108,0.0696560746755272,0.6697881574894015,0.002782071,0.0,0.00196078431372549,1.4188562147319317,491,0
49_-72,2026-09-16,1,Quebec,49.5,-71.5,15.6,74.0,23.5,1.6,1.0356835905601685,0.002782071,0.0,0.00196078431372549,1.4188562147319317,469,0
49_-72,2026-09-17,2,Quebec,49.5,-71.5,8.4,76.0,6.5,0.0,0.5338866251870931,0.0020446682,0.0,0.00196078431372549,1.0427807760424912,500,0
49_-72,2026-09-18,3,Quebec,49.5,-71.5,6.0,73.0,20.6,7.65,0.08182106886249153,0.0015167142,0.0,0.00196078431372549,0.7735242554917932,538,0
49_-72,2026-09-19,4,Quebec,49.5,-71.5,8.9,41.0,7.7,0.4,0.3768067846103561,0.0020446682,0.0,0.00196078431372549,1.0427807760424912,482,0
49_-72,2026-09-20,5,Quebec,49.5,-71.5,11.0,55.0,11.3,0.0,0.838152028321582,0.0022243848,0.0,0.00196078431372549,1.1344362515956163,467,0
49_-72,2026-09-21,6,Quebec,49.5,-71.5,8.8,44.0,15.6,0.2,3.7526698278144757,0.003292181,0.0,0.00196078431372549,1.6790123423561454,464,0
49_-72,2026-09-22,7,Quebec,49.5,-71.5,11.9,46.0,6.8,0.0,3.4645842163969984,0.0034599912,0.0,0.00196078431372549,1.764595506247133,391,0
49_-73,2026-09-15,0,Quebec,49.5,-72.5,13.846771007319148,58.68997120673556,11.632127545864064,0.012193679995679626,1.3595609216565707,0.006459243,0.00013172916,0.01568627450980392,0.4117767495336011,269,0
49_-73,2026-09-16,1,Quebec,49.5,-72.5,15.1,68.0,18.5,0.4,3.9053868481535092,0.006459243,0.00013172916,0.01568627450980392,0.4117767495336011,260,0
49_-73,2026-09-17,2,Quebec,49.5,-72.5,8.0,75.0,8.2,0.0,2.33348934616612,0.005107495,0.00013172916,0.01568627450980392,0.3256028064060956,292,0
49_-73,2026-09-18,3,Quebec,49.5,-72.5,5.5,75.0,21.0,2.0300000000000002,1.7085951418820837,0.0034599912,0.00010140445,0.01568627450980392,0.22057443828089163,362,0
49_-73,2026-09-19,4,Quebec,49.5,-72.5,9.4,40.0,6.6,0.1,1.467456601396778,0.005107495,0.00013172916,0.01568627450980392,0.3256028064060956,298,0
49_-73,2026-09-20,5,Quebec,49.5,-72.5,11.8,50.0,10.6,0.0,4.520072379750692,0.006459243,0.00013172916,0.01568627450980392,0.4117767495336011,272,0
49_-73,2026-09-21,6,Quebec,49.5,-72.5,8.3,45.0,14.6,0.0,7.432167772111189,0.006459243,0.00016979082,0.01568627450980392,0.4117767495336011,282,0
49_-73,2026-09-22,7,Quebec,49.5,-72.5,13.1,44.0,1.8,0.0,5.009285647929764,0.008237548,0.00019753922,0.01568627450980392,0.5251436959952116,274,0
49_-74,2026-09-15,0,Quebec,49.5,-73.5,12.11144043963403,61.4162613128014,15.700641996443254,0.09882908641632483,2.5729672086260047,0.00510037,0.00013172916,0.00980392156862745,0.5202377317473292,343,0
49_-74,2026-09-16,1,Quebec,49.5,-73.5,14.1,67.0,19.5,1.1,2.446999722069352,0.00510037,0.00013172916,0.00980392156862745,0.5202377317473292,328,0
49_-74,2026-09-17,2,Quebec,49.5,-73.5,7.4,77.0,5.8,0.0,0.887254196308081,0.004878049,0.00013172916,0.00980392156862745,0.49756097607314587,347,0
49_-74,2026-09-18,3,Quebec,49.5,-73.5,5.1,75.0,22.7,5.930000000000001,0.19181318073320477,0.0034599912,0.00013172916,0.00980392156862745,0.3529191012494266,363,0
49_-74,2026-09-19,4,Quebec,49.5,-73.5,9.5,44.0,5.5,0.5000000000000004,0.4496957792559092,0.0034599912,0.00010140445,0.00980392156862745,0.3529191012494266,362,0
49_-74,2026-09-20,5,Quebec,49.5,-73.5,11.0,56.0,13.5,0.0,1.754323104191231,0.0034599912,0.00010140445,0.00980392156862745,0.3529191012494266,369,0
49_-74,2026-09-21,6,Quebec,49.5,-73.5,7.4,46.0,14.1,0.40000000000000047,4.036749624819214,0.00510037,0.00013172916,0.00980392156862745,0.5202377317473292,331,0
49_-74,2026-09-22,7,Quebec,49.5,-73.5,12.7,47.0,2.4,0.0,3.136739634288572,0.00510037,0.00016979082,0.00980392156862745,0.5202377317473292,353,0
49_-75,2026-09-15,0,Quebec,49.5,-74.5,12.281841142550215,61.4888877251159,24.250174934580667,0.0,10.506700305567298,0.008237548,0.00016979082,0.00784313725490196,1.0502873919904232,242,0
49_-75,2026-09-16,1,Quebec,49.5,-74.5,15.2,59.0,21.6,0.0,9.993100880029711,0.0085633695,0.00016979082,0.00784313725490196,1.0918296128511429,211,0
49_-75,2026-09-17,2,Quebec,49.5,-74.5,7.9,75.0,10.7,0.0,5.336319266534061,0.006459243,0.00016979082,0.00784313725490196,0.8235534990672022,257,0
49_-75,2026-09-18,3,Quebec,49.5,-74.5,5.1,76.0,18.8,4.0,0.5152080895961747,0.0034599912,0.00013172916,0.00784313725490196,0.44114887656178325,364,0
49_-75,2026-09-19,4,Quebec,49.5,-74.5,9.9,43.0,4.5,0.2,0.7244002785472858,0.0034599912,0.00010140445,0.00784313725490196,0.44114887656178325,363,0
49_-75,2026-09-20,5,Quebec,49.5,-74.5,10.5,60.0,10.8,0.0,2.6596739298114778,0.0034599912,0.0,0.00784313725490196,0.44114887656178325,370,0
49_-75,2026-09-21,6,Quebec,49.5,-74.5,7.1,48.0,11.0,0.5,4.753496505081992,0.00510037,0.00010140445,0.00784313725490196,0.6502971646841615,332,0
49_-75,2026-09-22,7,Quebec,49.5,-74.5,13.8,42.0,1.5,0.0,4.682582091165938,0.006459243,0.00013172916,0.00784313725490196,0.8235534990672022,296,0
49_-76,2026-09-15,0,Quebec,49.5,-75.5,12.324486381642316,62.040381636233455,20.720819425306978,0.10864798455992364,1.7994759206058062,0.008237548,0.00016979082,0.01568627450980392,0.5251436959952116,243,0
49_-76,2026-09-16,1,Quebec,49.5,-75.5,14.2,68.0,18.1,0.4,2.991085003125436,0.008237548,0.00016979082,0.01568627450980392,0.5251436959952116,235,0
49_-76,2026-09-17,2,Quebec,49.5,-75.5,9.9,79.0,11.8,0.0,2.1696251557410773,0.006459243,0.00016979082,0.01568627450980392,0.4117767495336011,258,0
49_-76,2026-09-18,3,Quebec,49.5,-75.5,6.0,71.0,16.9,0.7,2.727441365329066,0.00510037,0.00013172916,0.01568627450980392,0.32514858234208077,315,0
49_-76,2026-09-19,4,Quebec,49.5,-75.5,10.8,44.0,4.0,0.0,2.65881752401177,0.006459243,0.00013172916,0.01568627450980392,0.4117767495336011,272,0
49_-76,2026-09-20,5,Quebec,49.5,-75.5,7.3,76.0,9.8,0.0,3.464718461512783,0.00510037,0.00012541271,0.01568627450980392,0.32514858234208077,321,0
49_-76,2026-09-21,6,Quebec,49.5,-75.5,7.6,48.0,8.5,0.2,4.420059709741014,0.006459243,0.00016979082,0.01568627450980392,0.4117767495336011,283,0
49_-76,2026-09-22,7,Quebec,49.5,-75.5,14.1,39.0,5.2,0.0,5.925013108730235,0.01158889,0.00019753922,0.01568627450980392,0.7387917442247272,191,0
49_-77,2026-09-15,0,Quebec,49.5,-76.5,10.522447879928519,85.54643937147384,26.263333362088762,0.14775521200714814,1.8562099032385113,0.005107495,0.00010140445,0.00784313725490196,0.6512056128121912,315,0
49_-77,2026-09-16,1,Quebec,49.5,-76.5,15.4,63.0,21.0,0.4,2.8249978167254777,0.006459243,0.00013172916,0.00784313725490196,0.8235534990672022,261,0
49_-77,2026-09-17,2,Quebec,49.5,-76.5,12.3,79.0,13.1,0.0,1.935759210933384,0.005107495,0.00010140445,0.00784313725490196,0.6512056128121912,293,0
49_-77,2026-09-18,3,Quebec,49.5,-76.5,6.1,71.0,16.6,1.1,1.2620365185313955,0.0034599912,0.00010140445,0.00784313725490196,0.44114887656178325,365,0
49_-77,2026-09-19,4,Quebec,49.5,-76.5,10.2,49.0,5.5,0.0,1.4993341190282103,0.0034599912,0.0,0.00784313725490196,0.44114887656178325,364,0
49_-77,2026-09-20,5,Quebec,49.5,-76.5,7.2,83.0,7.4,0.1,1.734037186098897,0.0034599912,0.0,0.00784313725490196,0.44114887656178325,371,0
49_-77,2026-09-21,6,Quebec,49.5,-76.5,8.7,48.0,8.2,0.5,3.437289740190451,0.0034599912,0.00010140445,0.00784313725490196,0.44114887656178325,385,0
49_-77,2026-09-22,7,Quebec,49.5,-76.5,14.2,42.0,5.5,0.0,4.959262927466724,0.006459243,0.00013172916,0.00784313725490196,0.8235534990672022,297,0
49_-78,2026-09-15,0,Quebec,49.5,-77.5,11.613099772193285,83.84612769156972,29.780252981203017,0.024175076901991555,2.1835777222314485,0.00510037,0.00013172916,0.013725490196078431,0.3715983798195209,344,0
49_-78,2026-09-16,1,Quebec,49.5,-77.5,15.1,64.0,16.0,0.0,1.9589580699537261,0.005107495,0.00016979082,0.013725490196078431,0.37211749303553787,288,0
49_-78,2026-09-17,2,Quebec,49.5,-77.5,10.2,88.0,9.5,0.4,0.9689861616155273,0.0034599912,0.00013172916,0.013725490196078431,0.252085072321019,373,0
49_-78,2026-09-18,3,Quebec,49.5,-77.5,5.8,79.0,14.5,0.2,1.9733969624312317,0.0034599912,0.00013172916,0.013725490196078431,0.252085072321019,366,0
49_-78,2026-09-19,4,Quebec,49.5,-77.5,9.5,47.0,6.8,0.1,2.5094158518480683,0.0034599912,0.00010140445,0.013725490196078431,0.252085072321019,365,0
49_-78,2026-09-20,5,Quebec,49.5,-77.5,7.3,93.0,11.5,0.30000000000000004,1.5863534000277555,0.0034599912,0.00010140445,0.013725490196078431,0.252085072321019,372,0
49_-78,2026-09-21,6,Quebec,49.5,-77.5,8.8,48.0,7.6,0.7,1.9408515788233744,0.0034599912,0.00010140445,0.013725490196078431,0.252085072321019,386,0
49_-78,2026-09-22,7,Quebec,49.5,-77.5,13.7,42.0,7.3,0.0,4.4958814676017225,0.005107495,0.00014739601,0.013725490196078431,0.37211749303553787,326,0
49_-79,2026-09-15,0,Quebec,49.5,-78.5,11.222171815698387,94.00392671899324,21.954912626819826,0.0,1.3260518128987357,0.0034599912,0.00010140445,0.00784313725490196,0.44114887656178325,405,0
49_-79,2026-09-16,1,Quebec,49.5,-78.5,14.5,68.0,18.8,0.0,1.787370164719417,0.0034599912,0.00010140445,0.00784313725490196,0.44114887656178325,382,0
49_-79,2026-09-17,2,Quebec,49.5,-78.5,11.2,86.0,11.3,0.4,0.9199924118285268,0.0034599912,0.00010140445,0.00784313725490196,0.44114887656178325,374,0
49_-79,2026-09-18,3,Quebec,49.5,-78.5,5.9,72.0,14.8,2.2,0.5229022086502171,0.002782071,0.0,0.00784313725490196,0.3547140536829829,458,0
49_-79,2026-09-19,4,Quebec,49.5,-78.5,9.6,47.0,8.3,0.2,0.71849984668432,0.003292181,0.0,0.00784313725490196,0.41975308558903635,436,0
49_-79,2026-09-20,5,Quebec,49.5,-78.5,6.3,94.0,13.3,0.30000000000000004,0.9145845635688539,0.002782071,0.0,0.00784313725490196,0.3547140536829829,457,0
49_-79,2026-09-21,6,Quebec,49.5,-78.5,9.5,47.0,6.9,0.0,1.856309096545417,0.0034599912,0.00010140445,0.00784313725490196,0.44114887656178325,387,0
49_-79,2026-09-22,7,Quebec,49.5,-78.5,13.9,40.0,8.1,0.0,4.708699930518258,0.0034599912,0.00013172916,0.00784313725490196,0.44114887656178325,392,0
49_-80,2026-09-15,0,Quebec,49.5,-79.5,11.421243548966462,93.96954169955752,17.473875284345503,0.021720311806896042,0.9489672455110273,0.0022243848,0.0,0.00392156862745098,0.5672181257978082,505,0
49_-80,2026-09-16,1,Quebec,49.5,-79.5,14.4,69.0,18.0,1.7999999999999998,0.7913357187355733,0.003292181,0.0,0.00392156862745098,0.8395061711780727,450,0
49_-80,2026-09-17,2,Quebec,49.5,-79.5,14.1,76.0,15.5,2.2,0.5309104848969419,0.0022243848,0.0,0.00392156862745098,0.5672181257978082,477,0
49_-80,2026-09-18,3,Quebec,49.5,-79.5,6.7,66.0,13.8,0.4,0.73920421529995,0.0020446682,0.0,0.00392156862745098,0.5213903880212456,487,0
49_-80,2026-09-19,4,Quebec,49.5,-79.5,10.3,48.0,11.2,0.0,2.067920264053075,0.0020446682,0.0,0.00392156862745098,0.5213903880212456,483,0
49_-80,2026-09-20,5,Quebec,49.5,-79.5,6.2,88.0,16.3,0.0,2.3651946803421935,0.0020446682,0.0,0.00392156862745098,0.5213903880212456,486,0
49_-80,2026-09-21,6,Quebec,49.5,-79.5,11.0,48.0,3.3,0.0,1.9698525458555272,0.0022243848,0.0,0.00392156862745098,0.5672181257978082,483,0
49_-80,2026-09-22,7,Quebec,49.5,-79.5,14.5,40.0,8.8,0.0,5.583323467373701,0.0034599912,0.00010140445,0.00392156862745098,0.8822977531235665,393,0
49_-81,2026-09-15,0,Ontario,49.5,-80.5,13.121781198081967,90.57705068299408,21.668103399627157,1.409189475023014,0.6805808882850952,0.0007248675,0.0,0.0,,624,0
49_-81,2026-09-16,1,Ontario,49.5,-80.5,13.4,73.0,15.5,4.7,0.1703980748790683,0.0015167142,0.0,0.0,,549,0
49_-81,2026-09-17,2,Ontario,49.5,-80.5,13.3,78.0,14.3,0.0,0.5164419440226653,0.0015167142,0.0,0.0,,541,0
49_-81,2026-09-18,3,Ontario,49.5,-80.5,6.7,67.0,13.6,0.0,0.7160026840394196,0.0007248675,0.0,0.0,,583,0
49_-81,2026-09-19,4,Ontario,49.5,-80.5,10.7,49.0,13.6,0.0,2.5086057630071306,0.0007248675,0.0,0.0,,592,0
49_-81,2026-09-20,5,Ontario,49.5,-80.5,6.1,84.0,14.4,0.0,2.238069154915256,0.0007248675,0.0,0.0,,595,0
49_-81,2026-09-21,6,Ontario,49.5,-80.5,11.4,45.0,3.9,0.0,2.3463895720669807,0.0007248675,0.0,0.0,,605,0
49_-81,2026-09-22,7,Ontario,49.5,-80.5,14.6,40.0,10.0,0.0,5.976941547406671,0.0020446682,0.0,0.0,,513,0
49_-82,2026-09-15,0,Ontario,49.5,-81.5,14.42884891330881,90.13579261344404,24.06584229851636,0.8587033535494429,1.094785006397184,0.006459243,0.00019753922,0.01568627450980392,0.4117767495336011,270,0
49_-82,2026-09-16,1,Ontario,49.5,-81.5,13.0,72.0,15.9,0.0,0.9490445858925427,0.005107495,0.00019753922,0.01568627450980392,0.3256028064060956,289,0
49_-82,2026-09-17,2,Ontario,49.5,-81.5,14.0,72.0,14.4,0.0,2.039447869057057,0.005107495,0.00019753922,0.01568627450980392,0.3256028064060956,294,0
49_-82,2026-09-18,3,Ontario,49.5,-81.5,6.8,69.0,9.7,0.0,1.8097748846046307,0.00510037,0.00016979082,0.01568627450980392,0.32514858234208077,316,0
49_-82,2026-09-19,4,Ontario,49.5,-81.5,10.7,51.0,12.6,0.0,4.090367489466573,0.005107495,0.00019753922,0.01568627450980392,0.3256028064060956,299,0
49_-82,2026-09-20,5,Ontario,49.5,-81.5,6.5,81.0,15.2,0.0,3.6093687561411056,0.00510037,0.00016979082,0.01568627450980392,0.32514858234208077,322,0
49_-82,2026-09-21,6,Ontario,49.5,-81.5,11.6,48.0,3.0,0.0,2.797001238198082,0.005107495,0.00019753922,0.01568627450980392,0.3256028064060956,310,0
49_-82,2026-09-22,7,Ontario,49.5,-81.5,14.1,43.0,10.5,0.0,6.481587084666587,0.006459243,0.00019753922,0.01568627450980392,0.4117767495336011,298,0
49_-83,2026-09-15,0,Ontario,49.5,-82.5,14.32398725768823,92.1831133421062,23.463815596449084,0.056960011544478155,1.2990666992873996,0.006459243,0.00019753922,0.0196078431372549,0.3294213996268809,271,0
49_-83,2026-09-16,1,Ontario,49.5,-82.5,13.8,68.0,13.3,0.0,1.2746233814684558,0.006459243,0.00019753922,0.0196078431372549,0.3294213996268809,262,0
49_-83,2026-09-17,2,Ontario,49.5,-82.5,15.2,57.0,15.9,0.0,4.1820966568786915,0.006459243,0.00036769436,0.0196078431372549,0.3294213996268809,259,0
49_-83,2026-09-18,3,Ontario,49.5,-82.5,9.2,58.0,8.3,0.4,3.1588108203082954,0.005107495,0.00019753922,0.0196078431372549,0.2604822451248765,293,0
49_-83,2026-09-19,4,Ontario,49.5,-82.5,12.1,50.0,11.5,0.0,5.149195653938108,0.008237548,0.00019753922,0.0196078431372549,0.4201149567961693,246,0
49_-83,2026-09-20,5,Ontario,49.5,-82.5,7.9,71.0,16.0,0.0,5.515366476176542,0.005107495,0.00019753922,0.0196078431372549,0.2604822451248765,296,0
49_-83,2026-09-21,6,Ontario,49.5,-82.5,11.9,46.0,4.2,0.0,4.073682204312589,0.008237548,0.00019753922,0.0196078431372549,0.4201149567961693,254,0
49_-83,2026-09-22,7,Ontario,49.5,-82.5,14.5,41.0,9.8,0.0,7.4102096099962536,0.01158889,0.00036769436,0.0196078431372549,0.5910333953797817,192,0
49_-84,2026-09-15,0,Ontario,49.5,-83.5,15.580588100455383,86.69092526414376,21.433275540030284,0.7462708211393145,1.0271436253043749,0.006459243,0.00036769436,0.01764705882352941,0.36602377736320096,272,0
49_-84,2026-09-16,1,Ontario,49.5,-83.5,13.2,67.0,11.1,0.0,0.867634272092316,0.005107495,0.00031019386,0.01764705882352941,0.2894247168054183,290,0
49_-84,2026-09-17,2,Ontario,49.5,-83.5,13.9,66.0,17.0,0.0,3.2343877705274435,0.006459243,0.00036769436,0.01764705882352941,0.36602377736320096,260,0
49_-84,2026-09-18,3,Ontario,49.5,-83.5,9.2,56.0,7.8,0.0,2.5536136339723505,0.005107495,0.00019753922,0.01764705882352941,0.2894247168054183,294,0
49_-84,2026-09-19,4,Ontario,49.5,-83.5,12.9,47.0,11.3,0.0,5.005530857553406,0.008237548,0.00036769436,0.01764705882352941,0.4667943964401881,247,0
49_-84,2026-09-20,5,Ontario,49.5,-83.5,6.2,80.0,14.5,0.4,3.943154971083497,0.005107495,0.00019753922,0.01764705882352941,0.2894247168054183,297,0
49_-84,2026-09-21,6,Ontario,49.5,-83.5,11.4,46.0,5.4,0.0,3.6862057220857007,0.006459243,0.00019753922,0.01764705882352941,0.36602377736320096,284,0
49_-84,2026-09-22,7,Ontario,49.5,-83.5,14.3,41.0,9.9,0.0,6.800457099280394,0.008910148,0.00036769436,0.01764705882352941,0.5049084095905224,238,0
49_-85,2026-09-15,0,Ontario,49.5,-84.5,16.66333890614674,82.57619995034999,19.50212176904246,1.3827035001488936,0.7428847181723258,0.006459243,0.00019753922,0.01568627450980392,0.4117767495336011,273,0
49_-85,2026-09-16,1,Ontario,49.5,-84.5,13.3,65.0,9.8,0.0,0.7638946810575283,0.006459243,0.00019753922,0.01568627450980392,0.4117767495336011,263,0
49_-85,2026-09-17,2,Ontario,49.5,-84.5,13.7,61.0,17.3,0.0,3.4412362636012346,0.006459243,0.00019753922,0.01568627450980392,0.4117767495336011,261,0
49_-85,2026-09-18,3,Ontario,49.5,-84.5,9.3,50.0,7.8,4.3,0.2704007936023682,0.005107495,0.00016979082,0.01568627450980392,0.3256028064060956,295,0
49_-85,2026-09-19,4,Ontario,49.5,-84.5,14.0,41.0,11.9,0.0,0.9985256590364078,0.008237548,0.00019753922,0.01568627450980392,0.5251436959952116,248,0
49_-85,2026-09-20,5,Ontario,49.5,-84.5,6.2,70.0,15.5,0.2,2.348489211633449,0.005107495,0.00019753922,0.01568627450980392,0.3256028064060956,298,0
49_-85,2026-09-21,6,Ontario,49.5,-84.5,11.9,43.0,5.7,0.0,2.8663218458129465,0.006459243,0.00019753922,0.01568627450980392,0.4117767495336011,285,0
49_-85,2026-09-22,7,Ontario,49.5,-84.5,15.0,38.0,10.0,0.0,6.348294554152688,0.0085633695,0.00036769436,0.01568627450980392,0.5459148064255714,252,0
49_-86,2026-09-15,0,Ontario,49.5,-85.5,16.570915163372167,77.74453228000202,23.94089384084126,3.4538890049846867,0.893279655360793,0.0085633695,0.00019753922,0.01568627450980392,0.5459148064255714,226,0
49_-86,2026-09-16,1,Ontario,49.5,-85.5,12.5,68.0,7.6,0.0,0.5418778759814386,0.006459243,0.00019753922,0.01568627450980392,0.4117767495336011,264,0
49_-86,2026-09-17,2,Ontario,49.5,-85.5,13.1,69.0,16.9,0.0,2.2378284217875053,0.006459243,0.00016979082,0.01568627450980392,0.4117767495336011,262,0
49_-86,2026-09-18,3,Ontario,49.5,-85.5,9.6,43.0,6.9,0.0,2.7783016864314027,0.006459243,0.00016979082,0.01568627450980392,0.4117767495336011,265,0
49_-86,2026-09-19,4,Ontario,49.5,-85.5,14.5,39.0,12.5,0.0,7.150842733067464,0.01158889,0.00019753922,0.01568627450980392,0.7387917442247272,180,0
49_-86,2026-09-20,5,Ontario,49.5,-85.5,6.6,64.0,15.3,0.1,6.636730381035961,0.008237548,0.00019753922,0.01568627450980392,0.5251436959952116,251,0
49_-86,2026-09-21,6,Ontario,49.5,-85.5,12.9,38.0,4.3,0.0,5.5579804448512435,0.008910148,0.00036769436,0.01568627450980392,0.5680219607893378,227,0
49_-86,2026-09-22,7,Ontario,49.5,-85.5,15.7,34.0,8.1,0.0,9.062149492196937,0.01158889,0.00036769436,0.01568627450980392,0.7387917442247272,193,0
49_-87,2026-09-15,0,Ontario,49.5,-86.5,16.404265535549712,74.36004822484564,27.964780672218787,4.1690423347988474,1.1440767276999015,0.016953317,0.00019753922,0.03333333333333333,0.5085995234549046,122,0
49_-87,2026-09-16,1,Ontario,49.5,-86.5,12.0,70.0,6.4,0.0,0.4663927323828617,0.01158889,0.00036769436,0.03333333333333333,0.3476667031645775,165,0
49_-87,2026-09-17,2,Ontario,49.5,-86.5,12.5,73.0,16.0,0.0,1.512737322985813,0.01158889,0.00019753922,0.03333333333333333,0.3476667031645775,170,0
49_-87,2026-09-18,3,Ontario,49.5,-86.5,9.9,40.0,5.4,0.0,2.2674339755948534,0.013233952,0.00019753922,0.03333333333333333,0.39701856672763824,152,0
49_-87,2026-09-19,4,Ontario,49.5,-86.5,14.4,40.0,12.4,0.0,6.794379080757301,0.024334805,0.00036769436,0.03333333333333333,0.7300441525876522,105,0
49_-87,2026-09-20,5,Ontario,49.5,-86.5,9.0,51.0,15.5,0.30000000000000004,8.313459342748674,0.024334805,0.00019753922,0.03333333333333333,0.7300441525876522,111,0
49_-87,2026-09-21,6,Ontario,49.5,-86.5,12.5,38.0,5.4,0.0,6.416457601647741,0.023706896,0.00036769436,0.03333333333333333,0.7112068869173527,118,0
49_-87,2026-09-22,7,Ontario,49.5,-86.5,15.2,35.0,7.4,0.0,8.83051410924496,0.03278111,0.00036769436,0.03333333333333333,0.9834332764148712,56,1
49_-88,2026-09-15,0,Ontario,49.5,-87.5,16.413358694132953,71.47319447530273,24.48361948576888,2.9956237488204085,1.2822650546874548,0.01158889,0.00019753922,0.023529411764705882,0.49252782948315144,165,0
49_-88,2026-09-16,1,Ontario,49.5,-87.5,11.7,69.0,5.8,0.0,0.6351985910604626,0.008910148,0.00019753922,0.023529411764705882,0.37868130719289184,198,0
49_-88,2026-09-17,2,Ontario,49.5,-87.5,10.7,77.0,16.1,1.5,0.9154477441263196,0.008237548,0.00019753922,0.023529411764705882,0.35009579733014107,239,0
49_-88,2026-09-18,3,Ontario,49.5,-87.5,9.6,41.0,5.8,0.4,1.3091901208380776,0.008237548,0.00016979082,0.023529411764705882,0.35009579733014107,238,0
49_-88,2026-09-19,4,Ontario,49.5,-87.5,14.4,42.0,11.6,0.0,5.952912880658156,0.01158889,0.00019753922,0.023529411764705882,0.49252782948315144,181,0
49_-88,2026-09-20,5,Ontario,49.5,-87.5,9.7,52.0,16.1,0.5,7.773814035171124,0.013233952,0.00019753922,0.023529411764705882,0.5624429695308208,176,0
49_-88,2026-09-21,6,Ontario,49.5,-87.5,12.7,35.0,4.7,0.0,6.666779329891146,0.017114606,0.00036769436,0.023529411764705882,0.7273707445710897,146,0
49_-88,2026-09-22,7,Ontario,49.5,-87.5,15.1,34.0,7.2,0.0,9.493465440098689,0.027721774,0.00036769436,0.023529411764705882,1.178175387904048,93,0
49_-89,2026-09-15,0,Ontario,49.5,-88.5,15.695657307290741,75.29638962011794,16.434431154064047,2.13214302549874,1.1554877232361076,0.008910148,0.00016979082,0.023529411764705882,0.37868130719289184,205,0
49_-89,2026-09-16,1,Ontario,49.5,-88.5,11.5,72.0,7.3,0.0,0.8886596916516448,0.008237548,0.00016979082,0.023529411764705882,0.35009579733014107,236,0
49_-89,2026-09-17,2,Ontario,49.5,-88.5,12.4,74.0,18.2,4.0,0.5291487571241363,0.006459243,0.00016979082,0.023529411764705882,0.27451783302240074,263,0
49_-89,2026-09-18,3,Ontario,49.5,-88.5,10.9,40.0,5.8,1.8000000000000007,0.48127945373862174,0.006459243,0.00016979082,0.023529411764705882,0.27451783302240074,266,0
49_-89,2026-09-19,4,Ontario,49.5,-88.5,14.7,46.0,13.1,0.0,2.976632013950295,0.01158889,0.00019753922,0.023529411764705882,0.49252782948315144,182,0
49_-89,2026-09-20,5,Ontario,49.5,-88.5,9.8,60.0,19.7,0.7000000000000005,4.940542582121694,0.01158889,0.00017240542,0.023529411764705882,0.49252782948315144,186,0
49_-89,2026-09-21,6,Ontario,49.5,-88.5,13.8,36.0,3.6,0.0,4.645392058998272,0.013233952,0.00019753922,0.023529411764705882,0.5624429695308208,170,0
49_-89,2026-09-22,7,Ontario,49.5,-88.5,14.7,39.0,9.6,0.0,8.439625071646141,0.019046638,0.00036769436,0.023529411764705882,0.8094821218401194,144,0
49_-90,2026-09-15,0,Ontario,49.5,-89.5,15.447743830379185,71.39302315111497,20.08882985176298,3.8842899166660825,1.1864951427486872,0.013666987,0.00019753922,0.03333333333333333,0.41000962257385254,130,0
49_-90,2026-09-16,1,Ontario,49.5,-89.5,10.4,74.0,3.6,0.0,0.5802393243620527,0.01158889,0.00019753922,0.03333333333333333,0.3476667031645775,166,0
49_-90,2026-09-17,2,Ontario,49.5,-89.5,11.6,73.0,16.5,3.0,0.5723494247871722,0.01158889,0.00019753922,0.03333333333333333,0.3476667031645775,171,0
49_-90,2026-09-18,3,Ontario,49.5,-89.5,9.9,43.0,10.0,0.0,0.9242119724997141,0.008910148,0.00016979082,0.03333333333333333,0.26730445213615894,212,0
49_-90,2026-09-19,4,Ontario,49.5,-89.5,11.4,67.0,11.0,0.0,2.305526989269072,0.009431681,0.00016979082,0.03333333333333333,0.28295041993260384,213,0
49_-90,2026-09-20,5,Ontario,49.5,-89.5,9.9,55.0,13.8,0.0,4.559546657402319,0.01158889,0.00019753922,0.03333333333333333,0.3476667031645775,187,0
49_-90,2026-09-21,6,Ontario,49.5,-89.5,12.8,38.0,6.5,0.0,5.598987407493215,0.015813954,0.00019753922,0.03333333333333333,0.47441862523555756,162,0
49_-90,2026-09-22,7,Ontario,49.5,-89.5,13.8,40.0,9.4,0.0,8.035151254349433,0.024334805,0.00036769436,0.03333333333333333,0.7300441525876522,114,0
49_-91,2026-09-15,0,Ontario,49.5,-90.5,13.299585473317237,70.3452897094527,24.01470627048019,7.993638020811581,0.5190517159243655,0.01158889,0.00019753922,0.025490196078431372,0.45464107336906284,166,0
49_-91,2026-09-16,1,Ontario,49.5,-90.5,11.9,65.0,5.8,0.0,0.479117570107702,0.009803922,0.00019753922,0.025490196078431372,0.38461539822702223,185,0
49_-91,2026-09-17,2,Ontario,49.5,-90.5,10.2,80.0,13.9,5.1000000000000005,0.07983727369143037,0.0085633695,0.00019753922,0.025490196078431372,0.33594757318496704,223,0
49_-91,2026-09-18,3,Ontario,49.5,-90.5,12.9,37.0,9.7,0.0,0.6132015467508375,0.01158889,0.00019753922,0.025490196078431372,0.45464107336906284,173,0
49_-91,2026-09-19,4,Ontario,49.5,-90.5,15.7,59.0,10.7,0.0,2.0099829043981985,0.009431681,0.00019753922,0.025490196078431372,0.37001208760417426,214,0
49_-91,2026-09-20,5,Ontario,49.5,-90.5,12.3,44.0,10.8,0.2,4.616701295296422,0.01158889,0.00019753922,0.025490196078431372,0.45464107336906284,188,0
49_-91,2026-09-21,6,Ontario,49.5,-90.5,14.7,35.0,8.2,0.0,6.923450778896023,0.019046638,0.00036769436,0.025490196078431372,0.7472142663139564,134,0
49_-91,2026-09-22,7,Ontario,49.5,-90.5,15.2,35.0,12.8,0.0,10.498732227085137,0.026660934,0.00036769436,0.025490196078431372,1.0459289527856386,106,0
49_-92,2026-09-15,0,Ontario,49.5,-91.5,12.17433779200218,74.47036687735138,24.33500996226484,8.727192764407052,0.2909313155185134,0.013233952,0.00019753922,0.045098039215686274,0.2934485058421674,137,0
49_-92,2026-09-16,1,Ontario,49.5,-91.5,13.9,56.0,6.9,0.0,0.5112348916726033,0.013666987,0.00036769436,0.045098039215686274,0.30305059059806494,132,0
49_-92,2026-09-17,2,Ontario,49.5,-91.5,12.1,68.0,17.8,3.7,0.4506838605785578,0.01158889,0.00036769436,0.045098039215686274,0.2569710414694703,172,0
49_-92,2026-09-18,3,Ontario,49.5,-91.5,14.0,40.0,10.7,0.0,0.9805207559829637,0.017114606,0.00036769436,0.045098039215686274,0.37949777977622073,132,0
49_-92,2026-09-19,4,Ontario,49.5,-91.5,12.3,76.0,6.0,0.0,0.9423340327144779,0.01158889,0.00019753922,0.045098039215686274,0.2569710414694703,183,0
49_-92,2026-09-20,5,Ontario,49.5,-91.5,12.9,46.0,11.3,0.0,4.41986508583599,0.017114606,0.00036769436,0.045098039215686274,0.37949777977622073,142,0
49_-92,2026-09-21,6,Ontario,49.5,-91.5,14.9,34.0,8.1,0.0,6.9221841430940225,0.027218936,0.00046264168,0.045098039215686274,0.6035503202482411,100,0
49_-92,2026-09-22,7,Ontario,49.5,-91.5,15.1,36.0,12.0,0.0,9.938971433827938,0.031681307,0.0007264472,0.045098039215686274,0.7024985389864963,69,1
49_-93,2026-09-15,0,Ontario,49.5,-92.5,12.785353081453954,68.16623884841646,26.586434554779455,9.298303593010537,1.5073694813857936,0.013233952,0.00019753922,0.045098039215686274,0.2934485058421674,138,0
49_-93,2026-09-16,1,Ontario,49.5,-92.5,12.1,63.0,7.3,0.0,0.6159499166907904,0.013233952,0.00036769436,0.045098039215686274,0.2934485058421674,139,0
49_-93,2026-09-17,2,Ontario,49.5,-92.5,10.5,80.0,12.0,1.5,0.6761296584795851,0.01158889,0.00019753922,0.045098039215686274,0.2569710414694703,173,0
49_-93,2026-09-18,3,Ontario,49.5,-92.5,14.9,43.0,11.2,0.0,2.8382257132378164,0.017114606,0.00036769436,0.045098039215686274,0.37949777977622073,133,0
49_-93,2026-09-19,4,Ontario,49.5,-92.5,11.8,82.0,5.4,0.2,1.952692151025408,0.01158889,0.00019753922,0.045098039215686274,0.2569710414694703,184,0
49_-93,2026-09-20,5,Ontario,49.5,-92.5,13.5,47.0,11.0,0.39999999999999997,5.684990988845459,0.016953317,0.00036769436,0.045098039215686274,0.3759213869014512,155,0
49_-93,2026-09-21,6,Ontario,49.5,-92.5,15.0,37.0,8.1,0.0,7.85100147646803,0.024334805,0.00036769436,0.045098039215686274,0.5395978519126126,110,0
49_-93,2026-09-22,7,Ontario,49.5,-92.5,14.4,40.0,11.2,0.0,10.015915482918277,0.029426603,0.00046264168,0.045098039215686274,0.6525029282531013,83,0
49_-94,2026-09-15,0,Ontario,49.5,-93.5,13.372794867469539,70.79122640927791,15.078452717065554,22.460861195225057,0.3462999448915347,0.019046638,0.00036769436,0.049019607843137254,0.3885514184832573,97,0
49_-94,2026-09-16,1,Ontario,49.5,-93.5,12.2,73.0,5.8,0.0,0.35671364117360094,0.017114606,0.00036769436,0.049019607843137254,0.34913795739412307,112,0
49_-94,2026-09-17,2,Ontario,49.5,-93.5,11.5,81.0,11.7,0.0,0.7307274710194595,0.013233952,0.00019753922,0.049019607843137254,0.269972625374794,147,0
49_-94,2026-09-18,3,Ontario,49.5,-93.5,15.9,43.0,12.2,0.0,3.7609982782187243,0.019046638,0.00036769436,0.049019607843137254,0.3885514184832573,122,0
49_-94,2026-09-19,4,Ontario,49.5,-93.5,11.8,88.0,4.3,0.30000000000000004,1.5731126327406582,0.01158889,0.00036769436,0.049019607843137254,0.2364133581519127,185,0
49_-94,2026-09-20,5,Ontario,49.5,-93.5,13.8,49.0,12.0,0.2,5.553584355116627,0.017114606,0.00036769436,0.049019607843137254,0.34913795739412307,143,0
49_-94,2026-09-21,6,Ontario,49.5,-93.5,15.4,35.0,9.5,0.0,8.447465794150322,0.029426603,0.00046264168,0.049019607843137254,0.6003026939928532,83,0
49_-94,2026-09-22,7,Ontario,49.5,-93.5,14.4,46.0,12.6,0.0,10.278661203750074,0.031681307,0.0007264472,0.049019607843137254,0.6462986558675766,70,1
49_-95,2026-09-15,0,Ontario,49.5,-94.5,15.553718008518794,68.73541670896113,18.810180138546144,13.33473355239231,0.6737597908510207,0.03429977,0.00046264168,0.08627450980392157,0.39756549860943446,18,1
49_-95,2026-09-16,1,Ontario,49.5,-94.5,13.6,65.0,5.8,0.0,0.6007115887449523,0.031681307,0.00046264168,0.08627450980392157,0.3672151453793049,37,1
49_-95,2026-09-17,2,Ontario,49.5,-94.5,12.0,81.0,11.4,1.8,0.5810708057770685,0.026660934,0.00046264168,0.08627450980392157,0.30902446332302963,72,1
49_-95,2026-09-18,3,Ontario,49.5,-94.5,16.8,45.0,13.3,0.0,3.2667185900045004,0.027721774,0.00036769436,0.08627450980392157,0.32132056033746764,76,1
49_-95,2026-09-19,4,Ontario,49.5,-94.5,14.0,82.0,4.7,0.0,1.8701236549010773,0.026660934,0.00036769436,0.08627450980392157,0.30902446332302963,99,0
49_-95,2026-09-20,5,Ontario,49.5,-94.5,15.5,49.0,12.3,0.1,6.437914937903086,0.031681307,0.00046264168,0.08627450980392157,0.3672151453793049,68,1
49_-95,2026-09-21,6,Ontario,49.5,-94.5,16.0,36.0,9.8,0.0,9.349505455537692,0.03429977,0.0007264472,0.08627450980392157,0.39756549860943446,47,1
49_-95,2026-09-22,7,Ontario,49.5,-94.5,14.1,59.0,12.0,0.0,9.218365833220805,0.03429977,0.0007264472,0.08627450980392157,0.39756549860943446,47,1
49_-96,2026-09-15,0,Manitoba,49.5,-95.5,15.344839633248014,65.93581033349545,15.229675914993113,15.907680380396782,0.5523713375310647,0.016953317,0.00036769436,0.03529411764705882,0.48034399437407654,123,0
49_-96,2026-09-16,1,Manitoba,49.5,-95.5,14.3,53.0,3.3,0.0,0.593187342823475,0.015813954,0.00036769436,0.03529411764705882,0.44806203494469327,128,0
49_-96,2026-09-17,2,Manitoba,49.5,-95.5,12.7,76.0,10.7,0.0,1.5763344719460972,0.01158889,0.00036769436,0.03529411764705882,0.32835188632210094,174,0
49_-96,2026-09-18,3,Manitoba,49.5,-95.5,16.5,49.0,13.8,0.0,6.056534923539979,0.01158889,0.00036769436,0.03529411764705882,0.32835188632210094,174,0
49_-96,2026-09-19,4,Manitoba,49.5,-95.5,13.3,91.0,1.5,0.4,1.7138591596168307,0.01158889,0.00019753922,0.03529411764705882,0.32835188632210094,186,0
49_-96,2026-09-20,5,Manitoba,49.5,-95.5,15.5,55.0,11.5,0.0,6.038305305816825,0.01158889,0.00036769436,0.03529411764705882,0.32835188632210094,189,0
49_-96,2026-09-21,6,Manitoba,49.5,-95.5,15.8,44.0,11.6,0.0,9.033904202809993,0.016953317,0.00036769436,0.03529411764705882,0.48034399437407654,156,0
49_-96,2026-09-22,7,Manitoba,49.5,-95.5,14.8,65.0,12.3,0.0,8.602475080614047,0.019046638,0.00036769436,0.03529411764705882,0.539654747893413,145,0
49_-97,2026-09-15,0,Manitoba,49.5,-96.5,15.742656813233687,63.1024650245299,17.701372771124557,13.786235922304387,0.45168450140606103,0.00510037,0.00016979082,0.0058823529411764705,0.8670628862455487,345,0
49_-97,2026-09-16,1,Manitoba,49.5,-96.5,13.8,61.0,7.9,0.0,0.7202121203374862,0.00510037,0.00016979082,0.0058823529411764705,0.8670628862455487,329,0
49_-97,2026-09-17,2,Manitoba,49.5,-96.5,12.2,84.0,4.8,0.0,0.7150188740247799,0.00510037,0.00016979082,0.0058823529411764705,0.8670628862455487,322,0
49_-97,2026-09-18,3,Manitoba,49.5,-96.5,14.0,58.0,12.1,0.0,3.4385393830857423,0.00510037,0.00010140445,0.0058823529411764705,0.8670628862455487,317,0
49_-97,2026-09-19,4,Manitoba,49.5,-96.5,14.8,84.0,7.2,0.1,2.623272546134745,0.0034599912,0.0,0.0058823529411764705,0.5881985020823777,366,0
49_-97,2026-09-20,5,Manitoba,49.5,-96.5,16.6,56.0,14.0,0.0,6.633782351931554,0.0034599912,0.00013172916,0.0058823529411764705,0.5881985020823777,373,0
49_-97,2026-09-21,6,Manitoba,49.5,-96.5,17.0,49.0,14.6,0.0,9.29537672621764,0.005107495,0.00013172916,0.0058823529411764705,0.868274150416255,311,0
49_-97,2026-09-22,7,Manitoba,49.5,-96.5,16.9,61.0,22.7,0.0,13.59225632796611,0.005107495,0.00016979082,0.0058823529411764705,0.868274150416255,327,0
50_-104,2026-09-15,0,Saskatchewan,50.5,-103.5,11.593958898141818,62.17959999979647,18.43632926184912,22.790787585931533,0.004868950148461581,0.0020446682,0.00010140445,0.0,,520,0
50_-104,2026-09-16,1,Saskatchewan,50.5,-103.5,8.8,95.0,7.2,6.2,2.4687255837351693e-05,0.0015167142,0.00010140445,0.0,,550,0
50_-104,2026-09-17,2,Saskatchewan,50.5,-103.5,12.2,78.0,17.1,0.0,0.05863220677263063,0.0015167142,0.0,0.0,,542,0
50_-104,2026-09-18,3,Saskatchewan,50.5,-103.5,15.5,88.0,12.0,3.5999999999999996,0.013127326508998342,0.0007248675,0.0,0.0,,584,0
50_-104,2026-09-19,4,Saskatchewan,50.5,-103.5,16.9,66.0,20.8,4.299999999999999,0.26409661634979364,0.0012195122,0.0,0.0,,587,0
50_-104,2026-09-20,5,Saskatchewan,50.5,-103.5,13.8,80.0,15.3,0.0,0.4575987143729879,0.0007248675,0.0,0.0,,596,0
50_-104,2026-09-21,6,Saskatchewan,50.5,-103.5,18.4,67.0,19.9,0.1999999999999998,1.9725327017183707,0.0015167142,0.0,0.0,,555,0
50_-104,2026-09-22,7,Saskatchewan,50.5,-103.5,18.9,62.0,19.9,0.0,4.620352584607843,0.0015167142,0.0,0.0,,559,0
50_-105,2026-09-15,0,Saskatchewan,50.5,-104.5,11.899194039577107,62.01052942985053,16.640397097407956,10.891181666513589,0.052151578875926474,0.0020446682,0.00010140445,0.0,,521,0
50_-105,2026-09-16,1,Saskatchewan,50.5,-104.5,9.7,93.0,7.2,2.3,0.004176749668693906,0.0015167142,0.00010140445,0.0,,551,0
50_-105,2026-09-17,2,Saskatchewan,50.5,-104.5,10.1,94.0,19.6,0.0,0.04732970428292218,0.0015167142,0.0,0.0,,543,0
50_-105,2026-09-18,3,Saskatchewan,50.5,-104.5,17.7,82.0,19.5,0.6000000000000001,0.4972930233196531,0.0007248675,0.0,0.0,,585,0
50_-105,2026-09-19,4,Saskatchewan,50.5,-104.5,17.7,61.0,20.3,4.300000000000001,0.5451023421237097,0.0015167142,0.0,0.0,,534,0
50_-105,2026-09-20,5,Saskatchewan,50.5,-104.5,14.4,82.0,19.4,0.0,0.7769853103424854,0.0007248675,0.0,0.0,,597,0
50_-105,2026-09-21,6,Saskatchewan,50.5,-104.5,15.8,79.0,22.3,0.2,2.1005410174610692,0.0007248675,0.0,0.0,,606,0
50_-105,2026-09-22,7,Saskatchewan,50.5,-104.5,18.8,64.0,20.7,0.0,4.590970494702747,0.0015167142,0.0,0.0,,560,0
50_-106,2026-09-15,0,Saskatchewan,50.5,-105.5,11.751991612562591,60.45343338204947,12.448879065519888,8.090235047678348,0.014673765961825255,0.0020446682,0.0,0.0,,522,0
50_-106,2026-09-16,1,Saskatchewan,50.5,-105.5,10.8,87.0,7.4,0.8,0.08935333410050442,0.0020446682,0.0,0.0,,500,0
50_-106,2026-09-17,2,Saskatchewan,50.5,-105.5,13.1,81.0,17.0,0.0,0.6109229214340753,0.0015167142,0.0,0.0,,544,0
50_-106,2026-09-18,3,Saskatchewan,50.5,-105.5,16.5,88.0,1.8,2.1,0.08752912381957743,0.0007248675,0.0,0.0,,586,0
50_-106,2026-09-19,4,Saskatchewan,50.5,-105.5,17.7,60.0,18.8,1.0999999999999999,0.9569418169768179,0.0015167142,0.0,0.0,,535,0
50_-106,2026-09-20,5,Saskatchewan,50.5,-105.5,14.8,83.0,20.0,0.0,2.04231017159215,0.0015167142,0.0,0.0,,539,0
50_-106,2026-09-21,6,Saskatchewan,50.5,-105.5,16.8,70.0,24.5,0.0,5.264564940980438,0.0015167142,0.0,0.0,,556,0
50_-106,2026-09-22,7,Saskatchewan,50.5,-105.5,20.2,61.0,16.5,0.0,5.9369351143349,0.0020446682,0.0,0.0,,514,0
50_-108,2026-09-15,0,Saskatchewan,50.5,-107.5,10.926566981099835,71.31404918513884,6.957289182275076,17.59107145623416,0.024771765681530833,0.0020446682,0.0,0.00196078431372549,1.0427807760424912,523,0
50_-108,2026-09-16,1,Saskatchewan,50.5,-107.5,11.7,83.0,4.7,1.1,0.020499510122455492,0.0020446682,0.0,0.00196078431372549,1.0427807760424912,501,0
50_-108,2026-09-17,2,Saskatchewan,50.5,-107.5,13.5,80.0,18.8,0.0,0.5962279753723276,0.0022243848,0.0,0.00196078431372549,1.1344362515956163,478,0
50_-108,2026-09-18,3,Saskatchewan,50.5,-107.5,19.7,59.0,11.0,0.0,1.3674192961684235,0.0022243848,0.0,0.00196078431372549,1.1344362515956163,469,0
50_-108,2026-09-19,4,Saskatchewan,50.5,-107.5,17.4,58.0,17.7,0.0,5.755256652927946,0.0020446682,0.0,0.00196078431372549,1.0427807760424912,484,0
50_-108,2026-09-20,5,Saskatchewan,50.5,-107.5,17.2,73.0,21.4,0.0,7.291082698708813,0.0022243848,0.0,0.00196078431372549,1.1344362515956163,468,0
50_-108,2026-09-21,6,Saskatchewan,50.5,-107.5,20.3,59.0,23.4,0.0,10.779469935331832,0.003292181,0.00010140445,0.00196078431372549,1.6790123423561454,465,0
50_-108,2026-09-22,7,Saskatchewan,50.5,-107.5,22.2,45.0,13.6,0.0,10.728625940778247,0.0034599912,0.00013172916,0.00196078431372549,1.764595506247133,394,0
50_-115,2026-09-15,0,Alberta,50.5,-114.5,6.237900551100568,93.94230554815532,4.339689114063742,8.452091420833924,0.0,0.031681307,0.00019753922,0.1,0.31681306660175323,36,1
50_-115,2026-09-16,1,Alberta,50.5,-114.5,10.5,57.0,4.9,0.0,0.03461941300035169,0.03278111,0.00016979082,0.1,0.3278110921382904,25,1
50_-115,2026-09-17,2,Alberta,50.5,-114.5,14.2,52.0,3.2,0.0,0.32571875334204137,0.03429977,0.00016979082,0.1,0.3429976850748062,31,1
50_-115,2026-09-18,3,Alberta,50.5,-114.5,16.3,45.0,7.9,0.0,1.4061046132403037,0.039974753,0.00019753922,0.1,0.3997475281357765,33,1
50_-115,2026-09-19,4,Alberta,50.5,-114.5,17.7,42.0,9.9,0.0,5.475991885684957,0.054577813,0.00036769436,0.1,0.5457781255245209,27,1
50_-115,2026-09-20,5,Alberta,50.5,-114.5,20.3,33.0,5.2,0.0,7.841986984072517,0.06966412,0.00083361124,0.1,0.696641206741333,14,1
50_-115,2026-09-21,6,Alberta,50.5,-114.5,20.3,32.0,5.3,0.0,9.87970075706695,0.06966412,0.00083361124,0.1,0.696641206741333,14,1
50_-115,2026-09-22,7,Alberta,50.5,-114.5,17.2,41.0,8.9,0.0,11.818032350316178,0.06966412,0.0007264472,0.1,0.696641206741333,15,1
50_-116,2026-09-15,0,British Columbia,50.5,-115.5,11.053476498031305,86.6844139793707,4.905269415897677,1.1080542575831933,0.08352291668065295,0.013233952,0.00019753922,0.03137254901960784,0.42183222714811563,139,0
50_-116,2026-09-16,1,British Columbia,50.5,-115.5,4.5,75.0,6.5,4.199999999999999,0.01083436740142532,0.008910148,0.00019753922,0.03137254901960784,0.2840109803946689,199,0
50_-116,2026-09-17,2,British Columbia,50.5,-115.5,9.2,69.0,2.6,0.0,0.16295172945540523,0.01158889,0.00019753922,0.03137254901960784,0.3693958721123636,175,0
50_-116,2026-09-18,3,British Columbia,50.5,-115.5,13.0,35.0,6.4,0.0,0.925255111082659,0.019046638,0.00019753922,0.03137254901960784,0.6071115913800895,123,0
50_-116,2026-09-19,4,British Columbia,50.5,-115.5,12.6,41.0,6.3,0.0,3.7657249009549756,0.024334805,0.00019753922,0.03137254901960784,0.7756719121243805,106,0
50_-116,2026-09-20,5,British Columbia,50.5,-115.5,12.9,43.0,6.6,0.0,6.284776182054192,0.026660934,0.00036769436,0.03137254901960784,0.8498172741383314,104,0
50_-116,2026-09-21,6,British Columbia,50.5,-115.5,12.6,43.0,6.8,0.0,7.687271281621299,0.026660934,0.00036769436,0.03137254901960784,0.8498172741383314,104,0
50_-116,2026-09-22,7,British Columbia,50.5,-115.5,11.9,42.0,9.9,0.0,9.710632236137277,0.026660934,0.00036769436,0.03137254901960784,0.8498172741383314,107,0
50_-117,2026-09-15,0,British Columbia,50.5,-116.5,9.375311967851781,96.06464034958215,3.932577050889687,1.5037487772099387,0.024008227301383165,0.019046638,0.00019753922,0.049019607843137254,0.3885514184832573,98,0
50_-117,2026-09-16,1,British Columbia,50.5,-116.5,0.0,73.0,5.1,0.0,0.03355960312595882,0.016953317,0.00019753922,0.049019607843137254,0.3458476759493351,123,0
50_-117,2026-09-17,2,British Columbia,50.5,-116.5,3.5,77.0,3.0,0.0,0.14842483754330463,0.013666987,0.00019753922,0.049019607843137254,0.2788065433502197,139,0
50_-117,2026-09-18,3,British Columbia,50.5,-116.5,7.4,33.0,0.7,0.0,0.48285094800275347,0.021778585,0.00019753922,0.049019607843137254,0.4442831419408321,112,0
50_-117,2026-09-19,4,British Columbia,50.5,-116.5,7.2,35.0,1.9,0.0,0.8775696190862203,0.029426603,0.00019753922,0.049019607843137254,0.6003026939928532,72,1
50_-117,2026-09-20,5,British Columbia,50.5,-116.5,8.6,37.0,4.2,0.0,3.4477160748420608,0.03278111,0.00036769436,0.049019607843137254,0.6687346279621125,55,1
50_-117,2026-09-21,6,British Columbia,50.5,-116.5,8.3,35.0,5.1,0.0,5.75785488362401,0.03278111,0.00036769436,0.049019607843137254,0.6687346279621125,52,1
50_-117,2026-09-22,7,British Columbia,50.5,-116.5,7.6,34.0,9.6,0.0,8.719643065810118,0.03278111,0.00036769436,0.049019607843137254,0.6687346279621125,57,1
50_-118,2026-09-15,0,British Columbia,50.5,-117.5,11.03401092732401,95.08100932069969,2.018284489850986,6.880696603445652,0.0,0.029426603,0.00019753922,0.08431372549019608,0.34901319418189136,49,1
50_-118,2026-09-16,1,British Columbia,50.5,-117.5,6.4,72.0,5.7,1.5,0.002118085087641924,0.029426603,0.00019753922,0.08431372549019608,0.34901319418189136,51,1
50_-118,2026-09-17,2,British Columbia,50.5,-117.5,10.0,50.0,6.6,0.0,0.28262416870334633,0.031681307,0.00019753922,0.08431372549019608,0.37575503248114916,43,1
50_-118,2026-09-18,3,British Columbia,50.5,-117.5,14.3,30.0,4.9,0.0,0.9129237138380103,0.039974753,0.00019753922,0.08431372549019608,0.4741191612773163,34,1
50_-118,2026-09-19,4,British Columbia,50.5,-117.5,14.8,33.0,4.3,0.0,4.520230808401878,0.055568106,0.00036769436,0.08431372549019608,0.659063588394675,25,1
50_-118,2026-09-20,5,British Columbia,50.5,-117.5,15.2,33.0,4.9,0.0,7.581581463663342,0.06739664,0.00036769436,0.08431372549019608,0.7993555068969727,16,1
50_-118,2026-09-21,6,British Columbia,50.5,-117.5,14.1,37.0,6.9,0.0,9.111317397440688,0.06966412,0.00046264168,0.08431372549019608,0.8262488731118135,15,1
50_-118,2026-09-22,7,British Columbia,50.5,-117.5,12.2,38.0,8.8,0.0,10.467489726172962,0.062472697,0.00046264168,0.08431372549019608,0.7409552476087281,23,1
50_-119,2026-09-15,0,British Columbia,50.5,-118.5,11.169170320055983,93.42637758377566,2.9772484124406877,4.719103979422981,0.03185128975058459,0.027721774,0.00019753922,0.08235294117647059,0.3366215394011566,54,1
50_-119,2026-09-16,1,British Columbia,50.5,-118.5,9.2,82.0,5.8,0.0,0.1195674013188484,0.031681307,0.00019753922,0.08235294117647059,0.3847015808735575,38,1
50_-119,2026-09-17,2,British Columbia,50.5,-118.5,14.3,41.0,4.6,0.0,0.9607239982384905,0.03278111,0.00019753922,0.08235294117647059,0.3980563261679241,35,1
50_-119,2026-09-18,3,British Columbia,50.5,-118.5,18.5,27.0,6.5,0.0,7.720309631804379,0.054577813,0.00046264168,0.08235294117647059,0.6627305809940611,21,1
50_-119,2026-09-19,4,British Columbia,50.5,-118.5,19.1,32.0,6.4,0.0,12.571772237705426,0.062472697,0.0007264472,0.08235294117647059,0.7585970392184598,15,1
50_-119,2026-09-20,5,British Columbia,50.5,-118.5,19.7,31.0,7.1,0.0,15.441509016637626,0.06739664,0.00083361124,0.08235294117647059,0.8183877808707101,17,1
50_-119,2026-09-21,6,British Columbia,50.5,-118.5,18.0,33.0,7.2,0.0,16.24917623122103,0.06739664,0.0007264472,0.08235294117647059,0.8183877808707101,18,1
50_-119,2026-09-22,7,British Columbia,50.5,-118.5,13.6,36.0,6.4,0.0,15.963964185985517,0.076548226,0.0007264472,0.08235294117647059,0.9295141750148365,11,1
50_-120,2026-09-15,0,British Columbia,50.5,-119.5,12.936732933534806,88.7918235775891,2.4149373059971384,2.554953593282878,1.1286568376899258,0.04981479,0.00036769436,0.12745098039215685,0.390854509977194,5,1
50_-120,2026-09-16,1,British Columbia,50.5,-119.5,14.8,53.0,5.9,0.0,3.407984659107887,0.039974753,0.00036769436,0.12745098039215685,0.3136480605373016,12,1
50_-120,2026-09-17,2,British Columbia,50.5,-119.5,20.6,29.0,5.6,0.0,12.820279154618046,0.06739664,0.00046264168,0.12745098039215685,0.5288044122549204,6,1
50_-120,2026-09-18,3,British Columbia,50.5,-119.5,21.9,32.0,2.6,0.0,16.127784974247103,0.0862069,0.00086677365,0.12745098039215685,0.6763925850391388,1,1
50_-120,2026-09-19,4,British Columbia,50.5,-119.5,20.6,36.0,3.8,0.0,17.456695218678313,0.10668066,0.00086677365,0.12745098039215685,0.8370328820668734,2,1
50_-120,2026-09-20,5,British Columbia,50.5,-119.5,21.1,34.0,7.1,0.0,20.84349884782282,0.11399712,0.0014834086,0.12745098039215685,0.894438915527784,2,1
50_-120,2026-09-21,6,British Columbia,50.5,-119.5,21.1,26.0,1.6,0.0,20.038712656189805,0.11399712,0.001759457,0.12745098039215685,0.894438915527784,2,1
50_-120,2026-09-22,7,British Columbia,50.5,-119.5,16.6,39.0,6.0,0.0,21.821331661768404,0.10668066,0.0010075296,0.12745098039215685,0.8370328820668734,5,1
50_-121,2026-09-15,0,British Columbia,50.5,-120.5,11.173376186991087,82.89030943436748,6.421493675590976,3.2648824248404256,3.374110521161557,0.04981479,0.00036769436,0.11372549019607843,0.4380266060089243,6,1
50_-121,2026-09-16,1,British Columbia,50.5,-120.5,12.9,43.0,1.3,0.0,5.040994297793507,0.04981479,0.00019753922,0.11372549019607843,0.4380266060089243,5,1
50_-121,2026-09-17,2,British Columbia,50.5,-120.5,17.8,27.0,6.9,0.0,19.611603110255427,0.076548226,0.0007264472,0.11372549019607843,0.6730964715624678,1,1
50_-121,2026-09-18,3,British Columbia,50.5,-120.5,18.5,32.0,6.1,0.0,25.243979906411646,0.08461878,0.00086677365,0.11372549019607843,0.7440616601500017,2,1
50_-121,2026-09-19,4,British Columbia,50.5,-120.5,17.7,33.0,4.2,0.0,24.70362883117096,0.10668066,0.00086677365,0.11372549019607843,0.938054091971496,3,1
50_-121,2026-09-20,5,British Columbia,50.5,-120.5,17.8,29.0,6.3,0.0,28.711545731076264,0.11399712,0.001759457,0.11372549019607843,1.00238843981562,3,1
50_-121,2026-09-21,6,British Columbia,50.5,-120.5,17.8,33.0,3.7,0.0,26.456093588911912,0.10668066,0.001759457,0.11372549019607843,0.938054091971496,4,1
50_-121,2026-09-22,7,British Columbia,50.5,-120.5,13.5,42.0,4.7,0.0,25.095362774740018,0.11399712,0.00086677365,0.11372549019607843,1.00238843981562,4,1
50_-122,2026-09-15,0,British Columbia,50.5,-121.5,11.587687701262697,86.13487061506402,6.0673324492299985,14.952814304418014,0.04833426109285931,0.039974753,0.00036769436,0.11568627450980393,0.3455444734732983,13,1
50_-122,2026-09-16,1,British Columbia,50.5,-121.5,12.5,47.0,5.4,0.0,0.9071298700061489,0.039974753,0.00036769436,0.11568627450980393,0.3455444734732983,13,1
50_-122,2026-09-17,2,British Columbia,50.5,-121.5,17.0,28.0,3.4,0.0,4.700905691232343,0.06137425,0.0007264472,0.11568627450980393,0.5305231848763207,8,1
50_-122,2026-09-18,3,British Columbia,50.5,-121.5,17.4,36.0,7.5,0.0,12.795349746628384,0.06966412,0.00086677365,0.11568627450980393,0.6021813820984404,8,1
50_-122,2026-09-19,4,British Columbia,50.5,-121.5,15.5,47.0,8.0,0.0,13.517101587790082,0.06966412,0.00083361124,0.11568627450980393,0.6021813820984404,13,1
50_-122,2026-09-20,5,British Columbia,50.5,-121.5,16.6,34.0,9.2,0.0,18.018931487905075,0.076548226,0.00086677365,0.11568627450980393,0.6616880567902226,11,1
50_-122,2026-09-21,6,British Columbia,50.5,-121.5,15.4,38.0,7.5,0.0,17.388665064802193,0.076548226,0.00086677365,0.11568627450980393,0.6616880567902226,10,1
50_-122,2026-09-22,7,British Columbia,50.5,-121.5,13.3,39.0,9.3,0.0,19.03874337948235,0.071680374,0.0007264472,0.11568627450980393,0.6196100163762852,13,1
50_-123,2026-09-15,0,British Columbia,50.5,-122.5,16.2149990679084,95.66635794246919,0.019801802365342694,1.99271096251228,0.8467131146318221,0.039974753,0.00036769436,0.043137254901960784,0.9266874515874819,14,1
50_-123,2026-09-16,1,British Columbia,50.5,-122.5,19.2,41.0,3.6,0.2,4.590140807804858,0.039974753,0.00036769436,0.043137254901960784,0.9266874515874819,14,1
50_-123,2026-09-17,2,British Columbia,50.5,-122.5,22.1,33.0,4.0,0.0,13.528631949929016,0.04981479,0.0007264472,0.043137254901960784,1.1547974158417096,17,1
50_-123,2026-09-18,3,British Columbia,50.5,-122.5,21.2,43.0,5.6,0.0,15.81523105083603,0.062472697,0.00083361124,0.043137254901960784,1.4482307112352415,10,1
50_-123,2026-09-19,4,British Columbia,50.5,-122.5,19.1,61.0,5.2,0.0,13.762148665681615,0.055568106,0.0007264472,0.043137254901960784,1.2881697409532287,26,1
50_-123,2026-09-20,5,British Columbia,50.5,-122.5,20.6,48.0,6.8,0.0,15.569741845432027,0.05585831,0.00083361124,0.043137254901960784,1.2948971935971216,25,1
50_-123,2026-09-21,6,British Columbia,50.5,-122.5,20.2,40.0,8.7,0.0,19.380397842236963,0.055568106,0.00086677365,0.043137254901960784,1.2881697409532287,26,1
50_-123,2026-09-22,7,British Columbia,50.5,-122.5,14.0,64.0,7.2,1.3,6.1803867212986106,0.039974753,0.00036769436,0.043137254901960784,0.9266874515874819,40,1
50_-124,2026-09-15,0,British Columbia,50.5,-123.5,17.08734522158906,68.3409115445954,1.743375143689551,2.189706218183932,0.9251314872647659,0.024334805,0.00019753922,0.027450980392156862,0.8864821852850062,70,1
50_-124,2026-09-16,1,British Columbia,50.5,-123.5,12.7,45.0,1.9,0.3,2.0843329680281357,0.019046638,0.00019753922,0.027450980392156862,0.6938418187201023,99,0
50_-124,2026-09-17,2,British Columbia,50.5,-123.5,15.2,45.0,2.0,0.0,4.839324263070019,0.024334805,0.00036769436,0.027450980392156862,0.8864821852850062,82,0
50_-124,2026-09-18,3,British Columbia,50.5,-123.5,15.3,50.0,3.6,0.0,6.935536677260363,0.023706896,0.00036769436,0.027450980392156862,0.8636083626853568,103,0
50_-124,2026-09-19,4,British Columbia,50.5,-123.5,13.9,56.0,3.1,0.0,7.026866838006419,0.023706896,0.00036769436,0.027450980392156862,0.8636083626853568,112,0
50_-124,2026-09-20,5,British Columbia,50.5,-123.5,13.9,48.0,4.3,0.0,8.397035738620321,0.023706896,0.00036769436,0.027450980392156862,0.8636083626853568,121,0
50_-124,2026-09-21,6,British Columbia,50.5,-123.5,12.8,47.0,9.4,0.0,11.092091795228905,0.023706896,0.00036769436,0.027450980392156862,0.8636083626853568,119,0
50_-124,2026-09-22,7,British Columbia,50.5,-123.5,6.9,65.0,6.5,1.4000000000000001,2.74138378565188,0.01158889,0.00016979082,0.027450980392156862,0.42216671098555836,194,0
50_-125,2026-09-15,0,British Columbia,50.5,-124.5,20.80270710660912,57.560229923601874,3.7698085382281707,0.5203700156739449,4.179251547272477,0.00510037,0.00016979082,0.0,,346,0
50_-125,2026-09-16,1,British Columbia,50.5,-124.5,15.8,42.0,2.3,0.0,6.342012925980814,0.0034599912,0.00013172916,0.0,,383,0
50_-125,2026-09-17,2,British Columbia,50.5,-124.5,17.5,41.0,2.1,0.0,8.061136802103487,0.0034599912,0.00016979082,0.0,,375,0
50_-125,2026-09-18,3,British Columbia,50.5,-124.5,15.9,58.0,3.8,0.0,8.303395952007577,0.0034599912,0.00016979082,0.0,,367,0
50_-125,2026-09-19,4,British Columbia,50.5,-124.5,14.5,64.0,2.0,0.0,6.910200387016803,0.0034599912,0.00013172916,0.0,,367,0
50_-125,2026-09-20,5,British Columbia,50.5,-124.5,15.2,56.0,1.4,0.0,6.9595926451730135,0.0034599912,0.00013172916,0.0,,374,0
50_-125,2026-09-21,6,British Columbia,50.5,-124.5,14.0,65.0,5.9,0.1,8.081744311415134,0.0034599912,0.00013172916,0.0,,388,0
50_-125,2026-09-22,7,British Columbia,50.5,-124.5,8.5,75.0,2.1,4.5,0.14310007730463636,0.0020446682,0.0,0.0,,515,0
50_-126,2026-09-15,0,British Columbia,50.5,-125.5,18.183649383718027,61.49467943857568,14.956096223581403,0.0,9.681539622375968,0.03278111,0.00036769436,0.03333333333333333,0.9834332764148712,22,1
50_-126,2026-09-16,1,British Columbia,50.5,-125.5,15.1,67.0,7.3,0.0,7.429279146937207,0.031681307,0.00019753922,0.03333333333333333,0.9504391998052597,39,1
50_-126,2026-09-17,2,British Columbia,50.5,-125.5,14.2,77.0,9.2,0.0,6.806568920112457,0.029426603,0.00019753922,0.03333333333333333,0.8827980794012547,52,1
50_-126,2026-09-18,3,British Columbia,50.5,-125.5,15.0,73.0,3.7,0.0,5.364828736105592,0.031681307,0.00019753922,0.03333333333333333,0.9504391998052597,50,1
50_-126,2026-09-19,4,British Columbia,50.5,-125.5,15.7,71.0,4.9,0.0,5.8633314820977755,0.029426603,0.00019753922,0.03333333333333333,0.8827980794012547,73,1
50_-126,2026-09-20,5,British Columbia,50.5,-125.5,14.6,78.0,3.1,0.0,5.077675724418486,0.031681307,0.00019753922,0.03333333333333333,0.9504391998052597,69,1
50_-126,2026-09-21,6,British Columbia,50.5,-125.5,15.7,72.0,9.6,0.7000000000000001,5.572367060279916,0.027218936,0.00016979082,0.03333333333333333,0.8165680803358555,101,0
50_-126,2026-09-22,7,British Columbia,50.5,-125.5,10.5,86.0,2.0,9.0,0.004098488124901648,0.01158889,0.00013172916,0.03333333333333333,0.3476667031645775,195,0
50_-127,2026-09-15,0,British Columbia,50.5,-126.5,15.997403398510919,67.94934796577522,13.73575525064075,0.0,7.676977629053086,0.023706896,0.00019753922,0.027450980392156862,0.8636083626853568,78,1
50_-127,2026-09-16,1,British Columbia,50.5,-126.5,15.7,82.0,10.9,0.2,5.241758998148154,0.020055054,0.00019753922,0.027450980392156862,0.7305769582412073,89,0
50_-127,2026-09-17,2,British Columbia,50.5,-126.5,15.6,78.0,12.6,0.0,5.880646095558039,0.024334805,0.00019753922,0.027450980392156862,0.8864821852850062,83,0
50_-127,2026-09-18,3,British Columbia,50.5,-126.5,16.4,79.0,2.8,0.0,3.6209896211004655,0.022222223,0.00019753922,0.027450980392156862,0.8095238291259323,111,0
50_-127,2026-09-19,4,British Columbia,50.5,-126.5,15.9,78.0,1.2,0.0,3.4143501373928027,0.024334805,0.00019753922,0.027450980392156862,0.8864821852850062,107,0
50_-127,2026-09-20,5,British Columbia,50.5,-126.5,17.2,75.0,4.6,0.0,4.3000653656199255,0.024334805,0.00016979082,0.027450980392156862,0.8864821852850062,112,0
50_-127,2026-09-21,6,British Columbia,50.5,-126.5,18.8,82.0,6.1,4.8,0.22185563899077942,0.017114606,0.00016979082,0.027450980392156862,0.6234606382037913,147,0
50_-127,2026-09-22,7,British Columbia,50.5,-126.5,13.3,91.0,6.9,5.2,0.00293431464292767,0.01158889,0.00010140445,0.027450980392156862,0.42216671098555836,196,0
50_-128,2026-09-15,0,British Columbia,50.5,-127.5,15.809560993363391,73.41235928329228,12.691139675957645,0.0,2.5437488854065013,0.005107495,0.00013172916,0.00980392156862745,0.520964490249753,316,0
50_-128,2026-09-16,1,British Columbia,50.5,-127.5,14.4,71.0,6.4,0.0,1.9206919609432127,0.005107495,0.00013172916,0.00980392156862745,0.520964490249753,291,0
50_-128,2026-09-17,2,British Columbia,50.5,-127.5,14.8,71.0,6.5,0.0,2.3622920657612583,0.006459243,0.00013172916,0.00980392156862745,0.6588427992537618,264,0
50_-128,2026-09-18,3,British Columbia,50.5,-127.5,15.9,66.0,1.5,0.0,2.0681340240662056,0.006459243,0.00013172916,0.00980392156862745,0.6588427992537618,267,0
50_-128,2026-09-19,4,British Columbia,50.5,-127.5,13.9,80.0,2.0,0.30000000000000004,2.0150087060830058,0.006459243,0.00010140445,0.00980392156862745,0.6588427992537618,273,0
50_-128,2026-09-20,5,British Columbia,50.5,-127.5,16.3,68.0,4.5,0.0,2.8879957276379518,0.006459243,0.00013172916,0.00980392156862745,0.6588427992537618,273,0
50_-128,2026-09-21,6,British Columbia,50.5,-127.5,13.7,100.0,7.5,5.2,0.0026877761244709277,0.00510037,0.0,0.00980392156862745,0.5202377317473292,333,0
50_-128,2026-09-22,7,British Columbia,50.5,-127.5,10.3,89.0,7.9,7.0,0.00011624574955929149,0.0034599912,0.0,0.00980392156862745,0.3529191012494266,395,0
50_-57,2026-09-15,0,Quebec,50.5,-56.5,14.478738321185602,67.15539478632434,11.114549455086657,15.33480412954234,0.019827381082711447,0.0034599912,0.0,0.0058823529411764705,0.5881985020823777,406,0
50_-57,2026-09-16,1,Quebec,50.5,-56.5,16.3,59.0,9.5,0.0,0.41714467586095444,0.0039100684,0.0,0.0058823529411764705,0.664711631834507,361,0
50_-57,2026-09-17,2,Quebec,50.5,-56.5,14.2,55.0,18.7,0.0,2.5108154853155455,0.0034599912,0.0,0.0058823529411764705,0.5881985020823777,376,0
50_-57,2026-09-18,3,Quebec,50.5,-56.5,10.4,76.0,9.3,0.0,1.3608699122130108,0.0034599912,0.0,0.0058823529411764705,0.5881985020823777,368,0
50_-57,2026-09-19,4,Quebec,50.5,-56.5,6.8,65.0,29.6,40.3,0.09817925306709918,0.0020446682,0.0,0.0058823529411764705,0.34759359201416373,485,0
50_-57,2026-09-20,5,Quebec,50.5,-56.5,6.7,54.0,13.0,0.0,0.4169672632949731,0.0020446682,0.0,0.0058823529411764705,0.34759359201416373,487,0
50_-57,2026-09-21,6,Quebec,50.5,-56.5,8.2,64.0,9.0,0.0,0.5242282462323696,0.0022243848,0.0,0.0058823529411764705,0.3781454171985388,484,0
50_-57,2026-09-22,7,Quebec,50.5,-56.5,10.3,69.0,14.4,1.2,0.7125731778643214,0.003292181,0.0,0.0058823529411764705,0.5596707807853818,464,0
50_-58,2026-09-15,0,Quebec,50.5,-57.5,14.189311239649427,68.3517732143169,10.344240510007866,10.712612387339913,0.06631290935857471,0.0034599912,0.0,0.0058823529411764705,0.5881985020823777,407,0
50_-58,2026-09-16,1,Quebec,50.5,-57.5,15.8,70.0,21.3,0.0,0.8936451167436292,0.0034599912,0.0,0.0058823529411764705,0.5881985020823777,384,0
50_-58,2026-09-17,2,Quebec,50.5,-57.5,14.4,64.0,21.6,0.0,3.0539428713533723,0.0034599912,0.0,0.0058823529411764705,0.5881985020823777,377,0
50_-58,2026-09-18,3,Quebec,50.5,-57.5,14.6,59.0,5.4,0.0,1.9243835929183533,0.0034599912,0.0,0.0058823529411764705,0.5881985020823777,369,0
50_-58,2026-09-19,4,Quebec,50.5,-57.5,9.3,60.0,29.6,18.2,0.35080870052592567,0.0034599912,0.0,0.0058823529411764705,0.5881985020823777,368,0
50_-58,2026-09-20,5,Quebec,50.5,-57.5,8.7,54.0,10.1,0.9,0.4603296516099396,0.0034599912,0.0,0.0058823529411764705,0.5881985020823777,375,0
50_-58,2026-09-21,6,Quebec,50.5,-57.5,9.6,77.0,10.6,0.7000000000000001,0.5836512778895451,0.002782071,0.0,0.0058823529411764705,0.47295207157731056,477,0
50_-58,2026-09-22,7,Quebec,50.5,-57.5,11.0,80.0,11.0,0.5,0.7551711743112798,0.003292181,0.0,0.0058823529411764705,0.5596707807853818,465,0
50_-61,2026-09-15,0,Quebec,50.5,-60.5,14.839600244125565,65.79388291051043,12.697603150300111,11.125668462109138,0.0,0.000774332,0.0,0.0,,623,0
50_-61,2026-09-16,1,Quebec,50.5,-60.5,15.5,74.0,24.2,0.0,0.7425534352072749,0.0015167142,0.0,0.0,,552,0
50_-61,2026-09-17,2,Quebec,50.5,-60.5,16.0,46.0,13.8,0.5,1.941204695297252,0.0020446682,0.0,0.0,,501,0
50_-61,2026-09-18,3,Quebec,50.5,-60.5,12.9,66.0,12.7,0.30000000000000004,2.5655592627630734,0.0015167142,0.0,0.0,,539,0
50_-61,2026-09-19,4,Quebec,50.5,-60.5,12.6,54.0,14.4,8.1,0.28088471915689944,0.0015167142,0.0,0.0,,536,0
50_-61,2026-09-20,5,Quebec,50.5,-60.5,10.4,41.0,7.3,3.9,0.18534524462263796,0.0015167142,0.0,0.0,,540,0
50_-61,2026-09-21,6,Quebec,50.5,-60.5,12.3,62.0,8.8,1.5,0.3702886059266827,0.0015167142,0.0,0.0,,557,0
50_-61,2026-09-22,7,Quebec,50.5,-60.5,13.5,47.0,11.2,0.0,0.9751936647191863,0.0015167142,0.0,0.0,,561,0
50_-63,2026-09-15,0,Quebec,50.5,-62.5,15.479232658950345,50.12682403866436,15.151018690827359,2.3452723924342367,1.506475627650733,0.0015167142,0.0,0.0,,564,0
50_-63,2026-09-16,1,Quebec,50.5,-62.5,15.4,70.0,15.2,0.5,1.2557766076336625,0.0007248675,0.0,0.0,,610,0
50_-63,2026-09-17,2,Quebec,50.5,-62.5,14.8,44.0,11.8,0.1,4.186036264268537,0.0015167142,0.0,0.0,,545,0
50_-63,2026-09-18,3,Quebec,50.5,-62.5,11.1,81.0,11.0,0.4,3.3631963369292683,0.0007248675,0.0,0.0,,587,0
50_-63,2026-09-19,4,Quebec,50.5,-62.5,10.6,62.0,19.4,5.5,0.5577839643698624,0.0007248675,0.0,0.0,,593,0
50_-63,2026-09-20,5,Quebec,50.5,-62.5,9.4,42.0,6.9,0.2,0.6847225158816087,0.0007248675,0.0,0.0,,598,0
50_-63,2026-09-21,6,Quebec,50.5,-62.5,11.5,67.0,8.4,1.7000000000000002,0.5902692478472857,0.0007248675,0.0,0.0,,607,0
50_-63,2026-09-22,7,Quebec,50.5,-62.5,12.3,52.0,13.2,1.0,1.5107088905766677,0.0007248675,0.0,0.0,,617,0
50_-64,2026-09-15,0,Quebec,50.5,-63.5,16.0738011080734,54.580164406517234,13.431343639068613,4.508979190768175,0.08264215527799011,0.0034599912,0.00010140445,0.0058823529411764705,0.5881985020823777,408,0
50_-64,2026-09-16,1,Quebec,50.5,-63.5,12.9,87.0,16.3,0.5,0.46828728818317816,0.0020446682,0.0,0.0058823529411764705,0.34759359201416373,502,0
50_-64,2026-09-17,2,Quebec,50.5,-63.5,15.0,44.0,11.7,0.0,1.2843082849557932,0.0034599912,0.0,0.0058823529411764705,0.5881985020823777,378,0
50_-64,2026-09-18,3,Quebec,50.5,-63.5,9.7,81.0,6.4,0.30000000000000004,0.8481161263877514,0.0020446682,0.0,0.0058823529411764705,0.34759359201416373,488,0
50_-64,2026-09-19,4,Quebec,50.5,-63.5,11.1,48.0,22.6,5.2,0.7080819659347947,0.0022243848,0.0,0.0058823529411764705,0.3781454171985388,465,0
50_-64,2026-09-20,5,Quebec,50.5,-63.5,9.2,44.0,8.1,0.0,0.6748271150629724,0.0022243848,0.0,0.0058823529411764705,0.3781454171985388,469,0
50_-64,2026-09-21,6,Quebec,50.5,-63.5,9.7,81.0,4.6,1.2,0.4145631495812822,0.0020446682,0.0,0.0058823529411764705,0.34759359201416373,501,0
50_-64,2026-09-22,7,Quebec,50.5,-63.5,12.2,51.0,13.1,1.2,0.9025931414359932,0.002782071,0.0,0.0058823529411764705,0.47295207157731056,479,0
50_-65,2026-09-15,0,Quebec,50.5,-64.5,14.352824256634337,65.18428708825853,9.57885878822407,5.311869384000699,0.0,0.0020446682,0.0,0.00196078431372549,1.0427807760424912,524,0
50_-65,2026-09-16,1,Quebec,50.5,-64.5,14.8,76.0,17.0,0.30000000000000004,0.44944928456453537,0.0020446682,0.0,0.00196078431372549,1.0427807760424912,503,0
50_-65,2026-09-17,2,Quebec,50.5,-64.5,13.9,45.0,8.6,0.0,0.7389550704111927,0.0020446682,0.0,0.00196078431372549,1.0427807760424912,502,0
50_-65,2026-09-18,3,Quebec,50.5,-64.5,8.8,91.0,9.9,1.2,0.48611807349584213,0.0012195122,0.0,0.00196078431372549,0.6219512200914323,574,0
50_-65,2026-09-19,4,Quebec,50.5,-64.5,10.6,41.0,21.7,7.3,0.49662622656093486,0.0015167142,0.0,0.00196078431372549,0.7735242554917932,537,0
50_-65,2026-09-20,5,Quebec,50.5,-64.5,8.6,48.0,9.0,0.0,0.5567675217236883,0.0015167142,0.0,0.00196078431372549,0.7735242554917932,541,0
50_-65,2026-09-21,6,Quebec,50.5,-64.5,10.3,69.0,2.0,0.2,0.5250889860378404,0.0020446682,0.0,0.00196078431372549,1.0427807760424912,502,0
50_-65,2026-09-22,7,Quebec,50.5,-64.5,11.9,53.0,13.2,1.3,0.9616924043717421,0.0015167142,0.0,0.00196078431372549,0.7735242554917932,562,0
50_-66,2026-09-15,0,Quebec,50.5,-65.5,12.142652546733716,61.20248908382908,11.693186921360972,0.0022902213916862787,0.12974272972507844,0.0015167142,0.0,0.0,,565,0
50_-66,2026-09-16,1,Quebec,50.5,-65.5,15.5,73.0,15.5,0.9,0.7043020720651356,0.0007248675,0.0,0.0,,611,0
50_-66,2026-09-17,2,Quebec,50.5,-65.5,13.1,45.0,10.0,0.1,1.9534466654673204,0.0007248675,0.0,0.0,,603,0
50_-66,2026-09-18,3,Quebec,50.5,-65.5,7.9,95.0,11.7,2.6999999999999997,0.13429907640901198,0.0007248675,0.0,0.0,,588,0
50_-66,2026-09-19,4,Quebec,50.5,-65.5,9.9,39.0,20.5,3.8000000000000003,0.50644308597862,0.0007248675,0.0,0.0,,594,0
50_-66,2026-09-20,5,Quebec,50.5,-65.5,7.0,63.0,8.9,0.0,0.470109146617093,0.0007248675,0.0,0.0,,599,0
50_-66,2026-09-21,6,Quebec,50.5,-65.5,9.8,67.0,3.4,0.0,0.49697802302121036,0.0007248675,0.0,0.0,,608,0
50_-66,2026-09-22,7,Quebec,50.5,-65.5,11.5,53.0,7.2,1.8,0.4712927258186499,0.0007248675,0.0,0.0,,618,0
50_-67,2026-09-15,0,Quebec,50.5,-66.5,12.870467065138053,60.82519904399595,10.520556292334897,0.0024548204638472166,0.16558667067525507,0.00510037,0.00013172916,0.00980392156862745,0.5202377317473292,347,0
50_-67,2026-09-16,1,Quebec,50.5,-66.5,13.9,83.0,13.7,2.0,0.30525575330064036,0.00510037,0.00013172916,0.00980392156862745,0.5202377317473292,330,0
50_-67,2026-09-17,2,Quebec,50.5,-66.5,11.4,49.0,9.3,0.30000000000000004,0.5721476198193113,0.00510037,0.00016979082,0.00980392156862745,0.5202377317473292,323,0
50_-67,2026-09-18,3,Quebec,50.5,-66.5,7.4,96.0,10.8,5.2,0.00308077087516449,0.0034599912,0.00013172916,0.00980392156862745,0.3529191012494266,370,0
50_-67,2026-09-19,4,Quebec,50.5,-66.5,7.6,48.0,20.8,3.0,0.19056107731175004,0.0034599912,0.00013172916,0.00980392156862745,0.3529191012494266,369,0
50_-67,2026-09-20,5,Quebec,50.5,-66.5,6.9,66.0,13.8,0.0,0.400495805697989,0.0034599912,0.00013172916,0.00980392156862745,0.3529191012494266,376,0
50_-67,2026-09-21,6,Quebec,50.5,-66.5,7.6,79.0,7.6,1.0,0.30806511306243084,0.0034599912,0.00013172916,0.00980392156862745,0.3529191012494266,389,0
50_-67,2026-09-22,7,Quebec,50.5,-66.5,11.0,53.0,9.6,1.7000000000000002,0.3929453606646612,0.0034599912,0.00013172916,0.00980392156862745,0.3529191012494266,396,0
50_-68,2026-09-15,0,Quebec,50.5,-67.5,15.69234613767769,50.54340494484891,10.116583490100076,0.0,0.8240844213536048,0.0034599912,0.00010140445,0.00392156862745098,0.8822977531235665,409,0
50_-68,2026-09-16,1,Quebec,50.5,-67.5,13.6,85.0,17.1,2.1,0.5264013631374468,0.002782071,0.0,0.00392156862745098,0.7094281073659658,470,0
50_-68,2026-09-17,2,Quebec,50.5,-67.5,10.3,50.0,8.5,0.4,0.6760225071951311,0.0022243848,0.0,0.00392156862745098,0.5672181257978082,479,0
50_-68,2026-09-18,3,Quebec,50.5,-67.5,8.6,61.0,23.6,9.4,0.25108002804368834,0.0020446682,0.0,0.00392156862745098,0.5213903880212456,489,0
50_-68,2026-09-19,4,Quebec,50.5,-67.5,7.3,43.0,18.9,2.4,0.47373998080169005,0.0020446682,0.0,0.00392156862745098,0.5213903880212456,486,0
50_-68,2026-09-20,5,Quebec,50.5,-67.5,6.3,70.0,13.4,0.4,0.5518876641134991,0.0020446682,0.0,0.00392156862745098,0.5213903880212456,488,0
50_-68,2026-09-21,6,Quebec,50.5,-67.5,6.5,85.0,14.4,5.4,0.02257352863675682,0.0020446682,0.0,0.00392156862745098,0.5213903880212456,503,0
50_-68,2026-09-22,7,Quebec,50.5,-67.5,10.2,54.0,8.8,1.1,0.24299866206852558,0.0020446682,0.0,0.00392156862745098,0.5213903880212456,516,0
50_-69,2026-09-15,0,Quebec,50.5,-68.5,14.665366121198256,49.56815345547198,9.716380734484574,0.0,1.4273373750563005,0.005107495,0.00013172916,0.01568627450980392,0.3256028064060956,317,0
50_-69,2026-09-16,1,Quebec,50.5,-68.5,17.6,65.0,19.4,1.9000000000000001,1.2872716056156766,0.006459243,0.00013172916,0.01568627450980392,0.4117767495336011,265,0
50_-69,2026-09-17,2,Quebec,50.5,-68.5,11.8,45.0,5.9,0.0,1.605532112438695,0.005107495,0.00013172916,0.01568627450980392,0.3256028064060956,295,0
50_-69,2026-09-18,3,Quebec,50.5,-68.5,10.8,50.0,22.3,7.6,0.5732487613658709,0.00510037,0.00012125925,0.01568627450980392,0.32514858234208077,318,0
50_-69,2026-09-19,4,Quebec,50.5,-68.5,9.9,38.0,18.0,0.8,1.5150184095198365,0.006459243,0.00013172916,0.01568627450980392,0.4117767495336011,274,0
50_-69,2026-09-20,5,Quebec,50.5,-68.5,10.4,55.0,10.1,0.0,2.072970020494239,0.005107495,0.00013172916,0.01568627450980392,0.3256028064060956,299,0
50_-69,2026-09-21,6,Quebec,50.5,-68.5,9.3,63.0,16.4,4.3,0.4196898330552977,0.003771806,0.00010140445,0.01568627450980392,0.2404526263126172,364,0
50_-69,2026-09-22,7,Quebec,50.5,-68.5,11.5,53.0,7.9,0.2,0.597725231591298,0.0039100684,0.00010140445,0.01568627450980392,0.24926686193794012,379,0
50_-70,2026-09-15,0,Quebec,50.5,-69.5,13.675966895688234,46.82815975336402,11.541979830385946,0.09890102018042707,4.0399087882797,0.00510037,0.00013172916,0.011764705882352941,0.43353144312277436,348,0
50_-70,2026-09-16,1,Quebec,50.5,-69.5,16.6,63.0,23.4,0.7000000000000001,6.1938403232582795,0.005107495,0.00013172916,0.011764705882352941,0.4341370752081275,292,0
50_-70,2026-09-17,2,Quebec,50.5,-69.5,10.6,44.0,5.5,0.0,3.714580825156273,0.00510037,0.00013172916,0.011764705882352941,0.43353144312277436,324,0
50_-70,2026-09-18,3,Quebec,50.5,-69.5,7.9,64.0,30.4,5.0,1.2679622471610972,0.0034599912,0.00010140445,0.011764705882352941,0.29409925104118884,371,0
50_-70,2026-09-19,4,Quebec,50.5,-69.5,8.6,40.0,14.4,0.30000000000000004,1.4254937217237489,0.0034599912,0.00013172916,0.011764705882352941,0.29409925104118884,370,0
50_-70,2026-09-20,5,Quebec,50.5,-69.5,9.3,54.0,8.7,0.0,2.1767414779799394,0.0034599912,0.00010140445,0.011764705882352941,0.29409925104118884,377,0
50_-70,2026-09-21,6,Quebec,50.5,-69.5,8.8,51.0,16.5,2.7,0.8214256087848193,0.0034599912,0.00010140445,0.011764705882352941,0.29409925104118884,390,0
50_-70,2026-09-22,7,Quebec,50.5,-69.5,10.4,53.0,3.6,0.0,0.6906853445878148,0.0034599912,0.00010140445,0.011764705882352941,0.29409925104118884,397,0
50_-71,2026-09-15,0,Quebec,50.5,-70.5,12.41608460570066,52.53785198068554,16.63323455667785,0.03343474365234094,5.303402333557126,0.0015167142,0.0,0.0,,566,0
50_-71,2026-09-16,1,Quebec,50.5,-70.5,15.5,63.0,23.8,1.4000000000000001,4.131284173259873,0.0015167142,0.0,0.0,,553,0
50_-71,2026-09-17,2,Quebec,50.5,-70.5,8.7,61.0,6.0,0.0,1.9438069511084217,0.0015167142,0.0,0.0,,546,0
50_-71,2026-09-18,3,Quebec,50.5,-70.5,7.2,77.0,28.4,4.7,0.5729237381013113,0.0007248675,0.0,0.0,,589,0
50_-71,2026-09-19,4,Quebec,50.5,-70.5,7.1,53.0,11.1,2.0,0.3816156019881387,0.0007248675,0.0,0.0,,595,0
50_-71,2026-09-20,5,Quebec,50.5,-70.5,9.4,53.0,8.0,0.1,0.6268453449397339,0.0007248675,0.0,0.0,,600,0
50_-71,2026-09-21,6,Quebec,50.5,-70.5,7.0,61.0,17.1,3.1,0.49701031739149537,0.0007248675,0.0,0.0,,609,0
50_-71,2026-09-22,7,Quebec,50.5,-70.5,9.6,58.0,6.4,0.19999999999999996,0.5157971153273534,0.0007248675,0.0,0.0,,619,0
50_-72,2026-09-15,0,Quebec,50.5,-71.5,12.020940679465697,58.65700813395282,20.478577217960577,0.0701608681887404,4.998245016144271,0.003292181,0.0,0.00392156862745098,0.8395061711780727,479,0
50_-72,2026-09-16,1,Quebec,50.5,-71.5,14.1,63.0,25.0,1.6,3.3289048821959466,0.003292181,0.0,0.00392156862745098,0.8395061711780727,451,0
50_-72,2026-09-17,2,Quebec,50.5,-71.5,8.2,61.0,5.6,0.0,1.2021719182149646,0.0022243848,0.0,0.00392156862745098,0.5672181257978082,480,0
50_-72,2026-09-18,3,Quebec,50.5,-71.5,6.3,82.0,27.0,6.9,0.13368962504930612,0.0020446682,0.0,0.00392156862745098,0.5213903880212456,490,0
50_-72,2026-09-19,4,Quebec,50.5,-71.5,6.8,51.0,8.8,1.3,0.31584512660459874,0.0020446682,0.0,0.00392156862745098,0.5213903880212456,487,0
50_-72,2026-09-20,5,Quebec,50.5,-71.5,9.5,56.0,9.1,0.0,0.6313811786352722,0.0020446682,0.0,0.00392156862745098,0.5213903880212456,489,0
50_-72,2026-09-21,6,Quebec,50.5,-71.5,6.7,59.0,16.2,0.9,1.3878466104118568,0.0020446682,0.0,0.00392156862745098,0.5213903880212456,504,0
50_-72,2026-09-22,7,Quebec,50.5,-71.5,9.3,56.0,3.7,0.0,0.9156329110531627,0.0020446682,0.0,0.00392156862745098,0.5213903880212456,517,0
50_-73,2026-09-15,0,Quebec,50.5,-72.5,12.0368492044867,60.06021629437964,19.075453391192912,0.05331903469600724,2.4501310949758115,0.006459243,0.00013172916,0.01764705882352941,0.36602377736320096,274,0
50_-73,2026-09-16,1,Quebec,50.5,-72.5,12.6,69.0,22.4,3.0,0.6583440260761653,0.005107495,0.00010140445,0.01764705882352941,0.2894247168054183,293,0
50_-73,2026-09-17,2,Quebec,50.5,-72.5,7.9,65.0,6.8,0.0,0.44614394649614897,0.00510037,0.00013172916,0.01764705882352941,0.2890209620818496,325,0
50_-73,2026-09-18,3,Quebec,50.5,-72.5,8.2,67.0,29.4,5.2,0.46102380763613293,0.003771806,0.00010140445,0.01764705882352941,0.21373566783343753,339,0
50_-73,2026-09-19,4,Quebec,50.5,-72.5,6.6,56.0,5.4,1.9000000000000001,0.16005238094190588,0.0034599912,0.00010140445,0.01764705882352941,0.19606616736079255,371,0
50_-73,2026-09-20,5,Quebec,50.5,-72.5,7.9,80.0,7.3,0.6000000000000001,0.2799696003092167,0.0034599912,0.00010140445,0.01764705882352941,0.19606616736079255,378,0
50_-73,2026-09-21,6,Quebec,50.5,-72.5,6.9,62.0,15.5,1.5,0.5056829523204035,0.0034599912,0.00010140445,0.01764705882352941,0.19606616736079255,391,0
50_-73,2026-09-22,7,Quebec,50.5,-72.5,9.6,58.0,2.2,0.0,0.39559923861096846,0.00510037,0.00010140445,0.01764705882352941,0.2890209620818496,354,0
50_-74,2026-09-15,0,Quebec,50.5,-73.5,12.471546606161018,58.72560948538598,17.11215074240008,0.07817492275288812,1.9526557132435063,0.0020446682,0.0,0.00196078431372549,1.0427807760424912,525,0
50_-74,2026-09-16,1,Quebec,50.5,-73.5,11.7,73.0,25.9,0.0,4.339609139576139,0.0020446682,0.0,0.00196078431372549,1.0427807760424912,504,0
50_-74,2026-09-17,2,Quebec,50.5,-73.5,6.7,76.0,11.2,0.0,1.8152783928153249,0.0015167142,0.0,0.00196078431372549,0.7735242554917932,547,0
50_-74,2026-09-18,3,Quebec,50.5,-73.5,4.4,87.0,24.5,3.3000000000000003,0.31633534351770676,0.0007248675,0.0,0.00196078431372549,0.3696824301732704,590,0
50_-74,2026-09-19,4,Quebec,50.5,-73.5,7.3,50.0,6.3,1.4000000000000001,0.3240789130436361,0.0007248675,0.0,0.00196078431372549,0.3696824301732704,596,0
50_-74,2026-09-20,5,Quebec,50.5,-73.5,6.3,81.0,12.3,0.1,0.5992056453917587,0.0007248675,0.0,0.00196078431372549,0.3696824301732704,601,0
50_-74,2026-09-21,6,Quebec,50.5,-73.5,5.5,61.0,17.7,1.5,0.8218872579594532,0.0007248675,0.0,0.00196078431372549,0.3696824301732704,610,0
50_-74,2026-09-22,7,Quebec,50.5,-73.5,10.8,50.0,6.5,0.0,0.8552076118896638,0.0015167142,0.0,0.00196078431372549,0.7735242554917932,563,0
50_-75,2026-09-15,0,Quebec,50.5,-74.5,12.302862647258577,61.893361728317934,19.17856183509948,0.04967543313448645,2.8001655413812974,0.006459243,0.00016979082,0.0196078431372549,0.3294213996268809,275,0
50_-75,2026-09-16,1,Quebec,50.5,-74.5,11.0,75.0,21.5,0.4,3.816740577751009,0.008237548,0.00016979082,0.0196078431372549,0.4201149567961693,237,0
50_-75,2026-09-17,2,Quebec,50.5,-74.5,7.0,80.0,9.5,0.0,1.7326749590789772,0.005107495,0.00016979082,0.0196078431372549,0.2604822451248765,296,0
50_-75,2026-09-18,3,Quebec,50.5,-74.5,4.2,94.0,17.7,6.28,0.007021590837453137,0.00510037,0.00016979082,0.0196078431372549,0.2601188658736646,319,0
50_-75,2026-09-19,4,Quebec,50.5,-74.5,8.8,47.0,2.7,0.4,0.1717479277610119,0.00510037,0.00010140445,0.0196078431372549,0.2601188658736646,327,0
50_-75,2026-09-20,5,Quebec,50.5,-74.5,6.1,85.0,9.1,0.1,0.40094845880457525,0.0034599912,0.00010140445,0.0196078431372549,0.1764595506247133,379,0
50_-75,2026-09-21,6,Quebec,50.5,-74.5,7.8,48.0,14.1,0.7000000000000001,0.9094800686451575,0.00510037,0.00010140445,0.0196078431372549,0.2601188658736646,334,0
50_-75,2026-09-22,7,Quebec,50.5,-74.5,11.3,48.0,8.4,0.0,2.219697057198865,0.005107495,0.00013172916,0.0196078431372549,0.2604822451248765,328,0
50_-76,2026-09-15,0,Quebec,50.5,-75.5,12.063385318933644,66.4916581576442,20.87754920775297,0.03169265946682252,0.9920768351332944,0.003771806,0.00012485629,0.0058823529411764705,0.6412070035003126,377,0
50_-76,2026-09-16,1,Quebec,50.5,-75.5,11.3,74.0,22.1,1.6,0.9086975986542041,0.0034599912,0.00010140445,0.0058823529411764705,0.5881985020823777,385,0
50_-76,2026-09-17,2,Quebec,50.5,-75.5,6.1,84.0,9.2,0.0,0.5439905672555285,0.0034599912,0.00010140445,0.0058823529411764705,0.5881985020823777,379,0
50_-76,2026-09-18,3,Quebec,50.5,-75.5,4.4,92.0,19.6,4.73,0.019083568761627326,0.003292181,0.00010140445,0.0058823529411764705,0.5596707807853818,441,0
50_-76,2026-09-19,4,Quebec,50.5,-75.5,8.0,51.0,6.3,0.6000000000000002,0.2203214083966001,0.0022243848,0.0,0.0058823529411764705,0.3781454171985388,466,0
50_-76,2026-09-20,5,Quebec,50.5,-75.5,6.1,90.0,10.5,0.30000000000000027,0.3595673327138038,0.0020446682,0.0,0.0058823529411764705,0.34759359201416373,490,0
50_-76,2026-09-21,6,Quebec,50.5,-75.5,7.9,48.0,12.7,0.5000000000000002,0.7725760957582841,0.0034599912,0.0,0.0058823529411764705,0.5881985020823777,392,0
50_-76,2026-09-22,7,Quebec,50.5,-75.5,13.1,43.0,9.9,0.0,2.8784162274369653,0.0034599912,0.0,0.0058823529411764705,0.5881985020823777,398,0
50_-77,2026-09-15,0,Quebec,50.5,-76.5,12.000000000000002,79.71627558075589,21.56861467499126,0.1371824411413304,1.1683255919377724,0.005107495,0.00012874148,0.011764705882352941,0.4341370752081275,318,0
50_-77,2026-09-16,1,Quebec,50.5,-76.5,12.4,72.0,20.4,0.4,2.1587793237056125,0.005107495,0.00010931204,0.011764705882352941,0.4341370752081275,294,0
50_-77,2026-09-17,2,Quebec,50.5,-76.5,7.3,84.0,13.5,0.0,1.1882868869576533,0.00510037,0.00013172916,0.011764705882352941,0.43353144312277436,326,0
50_-77,2026-09-18,3,Quebec,50.5,-76.5,5.7,87.0,17.7,3.78,0.11648550539463627,0.0034599912,0.00010140445,0.011764705882352941,0.29409925104118884,372,0
50_-77,2026-09-19,4,Quebec,50.5,-76.5,9.0,49.0,7.1,0.7,0.36795212103839575,0.0034599912,0.00010140445,0.011764705882352941,0.29409925104118884,372,0
50_-77,2026-09-20,5,Quebec,50.5,-76.5,6.5,92.0,12.8,0.6000000000000001,0.5168381523790475,0.0034599912,8.7872366e-05,0.011764705882352941,0.29409925104118884,380,0
50_-77,2026-09-21,6,Quebec,50.5,-76.5,8.4,50.0,10.0,0.1,0.8035890382996581,0.0034599912,0.00010140445,0.011764705882352941,0.29409925104118884,393,0
50_-77,2026-09-22,7,Quebec,50.5,-76.5,13.7,43.0,10.6,0.0,3.654970545936439,0.006459243,0.00013172916,0.011764705882352941,0.5490356660448015,299,0
50_-78,2026-09-15,0,Quebec,50.5,-77.5,11.988897626474964,78.929955300422,27.5982591832751,0.02258126570047739,3.5558202542539408,0.003292181,0.0,0.00392156862745098,0.8395061711780727,480,0
50_-78,2026-09-16,1,Quebec,50.5,-77.5,12.6,66.0,24.8,0.4,5.476012762651916,0.003292181,0.0,0.00392156862745098,0.8395061711780727,452,0
50_-78,2026-09-17,2,Quebec,50.5,-77.5,7.8,92.0,9.6,1.5,0.5832201568611054,0.0020446682,0.0,0.00392156862745098,0.5213903880212456,503,0
50_-78,2026-09-18,3,Quebec,50.5,-77.5,5.8,90.0,18.6,1.71,0.468048590463932,0.0020446682,0.0,0.00392156862745098,0.5213903880212456,491,0
50_-78,2026-09-19,4,Quebec,50.5,-77.5,8.9,48.0,8.6,0.6,0.7064843057153914,0.0020446682,0.0,0.00392156862745098,0.5213903880212456,488,0
50_-78,2026-09-20,5,Quebec,50.5,-77.5,5.3,91.0,14.7,0.4,1.108842269660699,0.0015167142,0.0,0.00392156862745098,0.3867621277458966,542,0
50_-78,2026-09-21,6,Quebec,50.5,-77.5,8.8,49.0,8.7,0.1,2.090954109958066,0.0020446682,0.0,0.00392156862745098,0.5213903880212456,505,0
50_-78,2026-09-22,7,Quebec,50.5,-77.5,13.6,45.0,10.2,0.0,5.186453925021472,0.003292181,0.0,0.00392156862745098,0.8395061711780727,466,0
50_-79,2026-09-15,0,Quebec,50.5,-78.5,12.224966920384919,83.57361275362021,22.426074252747508,0.0,2.4516054780216088,0.0007248675,0.0,0.0,,625,0
50_-79,2026-09-16,1,Quebec,50.5,-78.5,12.5,68.0,23.7,0.4,4.334143292902696,0.0007248675,0.0,0.0,,612,0
50_-79,2026-09-17,2,Quebec,50.5,-78.5,8.0,96.0,2.6,3.1999999999999997,0.0324979466730284,0.0007248675,0.0,0.0,,604,0
50_-79,2026-09-18,3,Quebec,50.5,-78.5,4.9,95.0,18.1,1.0,0.07869147127109342,0.00038029242,0.0,0.0,,669,0
50_-79,2026-09-19,4,Quebec,50.5,-78.5,9.8,48.0,10.9,0.6,0.5762649193139917,0.0006170935,0.0,0.0,,675,0
50_-79,2026-09-20,5,Quebec,50.5,-78.5,4.7,91.0,13.8,1.1,0.5339649147889183,0.00038029242,0.0,0.0,,682,0
50_-79,2026-09-21,6,Quebec,50.5,-78.5,8.9,58.0,6.2,0.9,0.5440055208031014,0.0007248675,0.0,0.0,,611,0
50_-79,2026-09-22,7,Quebec,50.5,-78.5,14.5,43.0,10.7,0.0,3.0285289427143964,0.0015167142,0.0,0.0,,564,0
50_-82,2026-09-15,0,Ontario,50.5,-81.5,13.317236003838609,95.13140035269329,14.078232740273537,1.2716726028716256,0.585370703678428,0.0022243848,0.00010140445,0.00392156862745098,0.5672181257978082,506,0
50_-82,2026-09-16,1,Ontario,50.5,-81.5,11.8,61.0,16.6,0.0,0.9220912917956414,0.0020446682,0.00010140445,0.00392156862745098,0.5213903880212456,505,0
50_-82,2026-09-17,2,Ontario,50.5,-81.5,13.6,63.0,11.8,0.0,1.8894375662133234,0.0022243848,0.0,0.00392156862745098,0.5672181257978082,481,0
50_-82,2026-09-18,3,Ontario,50.5,-81.5,7.9,69.0,13.0,0.0,2.5909902632851103,0.0020446682,0.0,0.00392156862745098,0.5213903880212456,492,0
50_-82,2026-09-19,4,Ontario,50.5,-81.5,12.0,47.0,14.3,0.0,5.223802789804964,0.0022243848,4.15846e-05,0.00392156862745098,0.5672181257978082,467,0
50_-82,2026-09-20,5,Ontario,50.5,-81.5,6.8,66.0,13.7,0.8,2.774225616549357,0.0020446682,0.0,0.00392156862745098,0.5213903880212456,491,0
50_-82,2026-09-21,6,Ontario,50.5,-81.5,11.9,46.0,8.2,0.0,3.9614538643770065,0.0022243848,0.0,0.00392156862745098,0.5672181257978082,485,0
50_-82,2026-09-22,7,Ontario,50.5,-81.5,15.7,42.0,11.7,0.0,7.421839812456405,0.0034599912,0.00013172916,0.00392156862745098,0.8822977531235665,399,0
50_-85,2026-09-15,0,Ontario,50.5,-84.5,16.122229630798724,83.54604676049644,18.354131364977572,2.078505832466831,0.5749686990263397,0.002782071,0.00013172916,0.00392156862745098,0.7094281073659658,492,0
50_-85,2026-09-16,1,Ontario,50.5,-84.5,12.0,58.0,10.3,0.0,0.7558300073549822,0.0020446682,0.00010140445,0.00392156862745098,0.5213903880212456,506,0
50_-85,2026-09-17,2,Ontario,50.5,-84.5,14.5,58.0,18.8,0.0,4.223661349748352,0.0020446682,0.00010140445,0.00392156862745098,0.5213903880212456,504,0
50_-85,2026-09-18,3,Ontario,50.5,-84.5,9.9,52.0,7.2,0.0,3.0346782887668753,0.0020446682,0.0,0.00392156862745098,0.5213903880212456,493,0
50_-85,2026-09-19,4,Ontario,50.5,-84.5,13.4,46.0,12.1,0.0,5.881976739129133,0.003292181,0.00010140445,0.00392156862745098,0.8395061711780727,437,0
50_-85,2026-09-20,5,Ontario,50.5,-84.5,10.0,51.0,15.8,1.2000000000000002,3.399534717078874,0.0020446682,0.00010140445,0.00392156862745098,0.5213903880212456,492,0
50_-85,2026-09-21,6,Ontario,50.5,-84.5,12.6,44.0,7.0,0.0,4.235696906857805,0.003292181,0.00010140445,0.00392156862745098,0.8395061711780727,466,0
50_-85,2026-09-22,7,Ontario,50.5,-84.5,15.5,39.0,9.4,0.0,7.633089344563829,0.0034599912,0.00016979082,0.00392156862745098,0.8822977531235665,400,0
50_-86,2026-09-15,0,Ontario,50.5,-85.5,16.467553035719344,76.48402009449414,23.445746278802662,3.0182913122008443,0.9284724249838808,0.0015167142,0.0,0.0,,567,0
50_-86,2026-09-16,1,Ontario,50.5,-85.5,10.5,65.0,9.3,0.0,0.6112417842254005,0.0007248675,0.0,0.0,,613,0
50_-86,2026-09-17,2,Ontario,50.5,-85.5,13.0,70.0,19.5,0.0,2.7859423248355006,0.0015167142,0.0,0.0,,548,0
50_-86,2026-09-18,3,Ontario,50.5,-85.5,9.5,44.0,5.9,0.0,2.5022923970568662,0.0007248675,0.0,0.0,,591,0
50_-86,2026-09-19,4,Ontario,50.5,-85.5,13.7,39.0,11.1,0.0,6.342704647124468,0.0015167142,0.0,0.0,,538,0
50_-86,2026-09-20,5,Ontario,50.5,-85.5,9.7,50.0,14.5,0.2,7.9335190976136785,0.0015167142,0.0,0.0,,543,0
50_-86,2026-09-21,6,Ontario,50.5,-85.5,12.8,41.0,6.5,0.0,6.363724603142447,0.0020446682,0.0,0.0,,506,0
50_-86,2026-09-22,7,Ontario,50.5,-85.5,15.5,37.0,8.8,0.0,8.833406744545483,0.002782071,0.00010140445,0.0,,480,0
50_-87,2026-09-15,0,Ontario,50.5,-86.5,16.33607075798057,74.13929242019432,25.46805940344946,3.664101332079017,1.0574378686735735,0.008237548,0.00016979082,0.00980392156862745,0.8402299135923386,244,0
50_-87,2026-09-16,1,Ontario,50.5,-86.5,9.5,69.0,9.7,0.0,0.5658395200341418,0.005107495,0.00016979082,0.00980392156862745,0.520964490249753,295,0
50_-87,2026-09-17,2,Ontario,50.5,-86.5,11.5,70.0,19.8,0.0,2.393463434098156,0.005107495,0.00016979082,0.00980392156862745,0.520964490249753,297,0
50_-87,2026-09-18,3,Ontario,50.5,-86.5,9.3,44.0,4.2,1.4,0.5875221076442789,0.0034599912,0.00010140445,0.00980392156862745,0.3529191012494266,373,0
50_-87,2026-09-19,4,Ontario,50.5,-86.5,12.9,37.0,12.0,0.0,4.549711759948324,0.008237548,0.00016979082,0.00980392156862745,0.8402299135923386,249,0
50_-87,2026-09-20,5,Ontario,50.5,-86.5,9.1,49.0,14.8,0.39999999999999997,6.3751339733092856,0.006459243,0.00016979082,0.00980392156862745,0.6588427992537618,274,0
50_-87,2026-09-21,6,Ontario,50.5,-86.5,12.3,40.0,6.8,0.0,5.974500789879736,0.0085633695,0.00016979082,0.00980392156862745,0.8734636902809143,242,0
50_-87,2026-09-22,7,Ontario,50.5,-86.5,14.9,39.0,8.1,0.0,7.983355621965203,0.01158889,0.00019753922,0.00980392156862745,1.1820667907595634,197,0
50_-88,2026-09-15,0,Ontario,50.5,-87.5,16.42319471429953,70.87148076186791,28.41468823385508,3.34106490476651,1.7054231114133338,0.0034599912,0.00010140445,0.00196078431372549,1.764595506247133,410,0
50_-88,2026-09-16,1,Ontario,50.5,-87.5,9.7,65.0,9.0,0.0,0.7030606673048999,0.0034599912,0.00010140445,0.00196078431372549,1.764595506247133,386,0
50_-88,2026-09-17,2,Ontario,50.5,-87.5,11.3,71.0,17.8,0.0,2.7145177350234184,0.0034599912,0.0,0.00196078431372549,1.764595506247133,380,0
50_-88,2026-09-18,3,Ontario,50.5,-87.5,9.9,41.0,3.0,0.0,2.3244163293488307,0.0034599912,0.0,0.00196078431372549,1.764595506247133,374,0
50_-88,2026-09-19,4,Ontario,50.5,-87.5,12.6,48.0,12.2,0.0,5.866168303875398,0.0034599912,0.0,0.00196078431372549,1.764595506247133,373,0
50_-88,2026-09-20,5,Ontario,50.5,-87.5,9.3,46.0,13.1,0.2,6.905625391454188,0.0034599912,0.0,0.00196078431372549,1.764595506247133,381,0
50_-88,2026-09-21,6,Ontario,50.5,-87.5,12.5,38.0,6.9,0.0,6.801407245486695,0.0034599912,0.0,0.00196078431372549,1.764595506247133,394,0
50_-88,2026-09-22,7,Ontario,50.5,-87.5,14.5,40.0,9.4,0.0,8.741484104567778,0.005107495,0.00013172916,0.00196078431372549,2.604822451248765,329,0
50_-89,2026-09-15,0,Ontario,50.5,-88.5,15.974677655763092,72.44384000751943,25.840872193885836,3.1030893450705634,1.9883735836037615,0.009431681,0.00016979082,0.01568627450980392,0.6012696423567832,195,0
50_-89,2026-09-16,1,Ontario,50.5,-88.5,8.4,68.0,7.7,0.0,0.7267895412341489,0.008237548,0.00019753922,0.01568627450980392,0.5251436959952116,238,0
50_-89,2026-09-17,2,Ontario,50.5,-88.5,11.0,71.0,18.1,0.0,3.0827432470389144,0.008237548,0.00016979082,0.01568627450980392,0.5251436959952116,240,0
50_-89,2026-09-18,3,Ontario,50.5,-88.5,9.7,41.0,5.5,0.0,3.143764561547993,0.006459243,0.00016979082,0.01568627450980392,0.4117767495336011,268,0
50_-89,2026-09-19,4,Ontario,50.5,-88.5,9.3,60.0,9.7,0.0,4.268525430759258,0.006459243,0.00016979082,0.01568627450980392,0.4117767495336011,275,0
50_-89,2026-09-20,5,Ontario,50.5,-88.5,9.2,46.0,12.0,0.5,6.221013345637504,0.008237548,0.00016979082,0.01568627450980392,0.5251436959952116,252,0
50_-89,2026-09-21,6,Ontario,50.5,-88.5,12.0,46.0,8.7,0.0,6.334884426767232,0.008910148,0.00016979082,0.01568627450980392,0.5680219607893378,228,0
50_-89,2026-09-22,7,Ontario,50.5,-88.5,13.2,37.0,12.6,0.0,9.930298887092864,0.01158889,0.00036769436,0.01568627450980392,0.7387917442247272,198,0
50_-90,2026-09-15,0,Ontario,50.5,-89.5,15.489919072326092,73.14229390845284,27.791817557166414,6.634065963776438,1.8699419569123663,0.01158889,0.00019753922,0.025490196078431372,0.45464107336906284,167,0
50_-90,2026-09-16,1,Ontario,50.5,-89.5,8.7,73.0,6.0,0.0,0.5610754079159587,0.009431681,0.00019753922,0.025490196078431372,0.37001208760417426,187,0
50_-90,2026-09-17,2,Ontario,50.5,-89.5,10.2,80.0,15.3,0.4,1.5074206608369665,0.008910148,0.00019753922,0.025490196078431372,0.3495519758703617,212,0
50_-90,2026-09-18,3,Ontario,50.5,-89.5,10.3,45.0,10.3,0.0,3.1928205371453764,0.008910148,0.00016979082,0.025490196078431372,0.3495519758703617,213,0
50_-90,2026-09-19,4,Ontario,50.5,-89.5,8.6,80.0,8.3,0.0,2.562779363110845,0.006459243,0.00016979082,0.025490196078431372,0.2534010766360622,276,0
50_-90,2026-09-20,5,Ontario,50.5,-89.5,9.3,49.0,10.9,0.5,4.650952816381301,0.008910148,0.00016979082,0.025490196078431372,0.3495519758703617,219,0
50_-90,2026-09-21,6,Ontario,50.5,-89.5,13.2,38.0,7.8,0.0,6.407632380141695,0.013233952,0.00019753922,0.025490196078431372,0.5191781257207577,171,0
50_-90,2026-09-22,7,Ontario,50.5,-89.5,14.1,30.0,10.8,0.0,10.535226745772247,0.027721774,0.00036769436,0.025490196078431372,1.087546511911429,94,0
50_-91,2026-09-15,0,Ontario,50.5,-90.5,11.654335034658017,79.60189657766288,31.047623462121525,18.148769139902683,0.3259482888314411,0.008237548,0.00016979082,0.01568627450980392,0.5251436959952116,245,0
50_-91,2026-09-16,1,Ontario,50.5,-90.5,9.3,73.0,5.3,0.0,0.26777120173816676,0.006459243,0.00016979082,0.01568627450980392,0.4117767495336011,266,0
50_-91,2026-09-17,2,Ontario,50.5,-90.5,9.3,77.0,15.4,0.0,0.7174699665650314,0.005107495,0.00013172916,0.01568627450980392,0.3256028064060956,298,0
50_-91,2026-09-18,3,Ontario,50.5,-90.5,11.9,38.0,10.6,0.0,2.428573473831854,0.008237548,0.00016979082,0.01568627450980392,0.5251436959952116,239,0
50_-91,2026-09-19,4,Ontario,50.5,-90.5,8.5,95.0,11.6,1.2000000000000002,0.6640728251615352,0.005107495,0.00013172916,0.01568627450980392,0.3256028064060956,300,0
50_-91,2026-09-20,5,Ontario,50.5,-90.5,10.2,47.0,9.5,0.30000000000000004,1.5970594754538645,0.005107495,0.00016979082,0.01568627450980392,0.3256028064060956,300,0
50_-91,2026-09-21,6,Ontario,50.5,-90.5,14.3,36.0,8.7,0.0,5.255449959641586,0.01158889,0.00019753922,0.01568627450980392,0.7387917442247272,189,0
50_-91,2026-09-22,7,Ontario,50.5,-90.5,15.2,28.0,12.3,0.0,10.881278379371498,0.020055054,0.00036769436,0.01568627450980392,1.2785096769221127,138,0
50_-92,2026-09-15,0,Ontario,50.5,-91.5,11.202542029605121,77.26940720604937,26.872258837977885,9.240877691575404,0.34474053779727,0.01158889,0.00016979082,0.029411764705882353,0.39402226358652115,168,0
50_-92,2026-09-16,1,Ontario,50.5,-91.5,9.8,70.0,6.2,0.0,0.3396446104193886,0.008910148,0.00016979082,0.029411764705882353,0.30294504575431347,200,0
50_-92,2026-09-17,2,Ontario,50.5,-91.5,10.2,71.0,16.0,1.8,0.5624369110070957,0.0085633695,0.00016979082,0.029411764705882353,0.29115456342697144,224,0
50_-92,2026-09-18,3,Ontario,50.5,-91.5,12.3,37.0,10.6,0.0,1.5814112779228062,0.01158889,0.00016979082,0.029411764705882353,0.39402226358652115,175,0
50_-92,2026-09-19,4,Ontario,50.5,-91.5,9.3,97.0,10.1,3.1,0.05276054326756016,0.008237548,0.00016979082,0.029411764705882353,0.28007663786411285,250,0
50_-92,2026-09-20,5,Ontario,50.5,-91.5,10.8,44.0,8.7,1.2,0.43275765571808916,0.008910148,0.00016979082,0.029411764705882353,0.30294504575431347,220,0
50_-92,2026-09-21,6,Ontario,50.5,-91.5,13.9,37.0,8.6,0.0,1.7054011676755305,0.013233952,0.00019753922,0.029411764705882353,0.4499543756246567,172,0
50_-92,2026-09-22,7,Ontario,50.5,-91.5,14.7,32.0,12.2,0.0,7.28031082770194,0.024334805,0.00036769436,0.029411764705882353,0.8273833729326725,115,0
50_-93,2026-09-15,0,Ontario,50.5,-92.5,11.842998865348816,74.01438214282334,26.374591166268573,10.447133566426789,0.5361123650355814,0.013666987,0.00030950375,0.049019607843137254,0.2788065433502197,131,0
50_-93,2026-09-16,1,Ontario,50.5,-92.5,10.6,68.0,6.6,0.0,0.40074881116363725,0.01158889,0.00036769436,0.049019607843137254,0.2364133581519127,167,0
50_-93,2026-09-17,2,Ontario,50.5,-92.5,10.3,70.0,14.9,1.8,0.5808223126794693,0.01158889,0.00019753922,0.049019607843137254,0.2364133581519127,176,0
50_-93,2026-09-18,3,Ontario,50.5,-92.5,12.5,38.0,11.2,0.0,1.9093781365623754,0.016953317,0.00036769436,0.049019607843137254,0.3458476759493351,141,0
50_-93,2026-09-19,4,Ontario,50.5,-92.5,11.2,97.0,9.4,2.7,0.0975734118888701,0.009431681,0.00019753922,0.049019607843137254,0.1924062855541706,215,0
50_-93,2026-09-20,5,Ontario,50.5,-92.5,11.0,47.0,9.7,0.8,0.5547879474607178,0.01158889,0.00019753922,0.049019607843137254,0.2364133581519127,190,0
50_-93,2026-09-21,6,Ontario,50.5,-92.5,13.6,42.0,9.5,0.0,2.162428221293109,0.016953317,0.00036769436,0.049019607843137254,0.3458476759493351,157,0
50_-93,2026-09-22,7,Ontario,50.5,-92.5,14.0,38.0,13.0,0.0,6.738997452998424,0.024334805,0.00036769436,0.049019607843137254,0.4964300237596035,116,0
50_-94,2026-09-15,0,Ontario,50.5,-93.5,12.683853319389367,70.97157771248257,23.59403211758784,14.839898627970724,0.3403137407458823,0.020055054,0.00036769436,0.06666666666666667,0.30082580633461475,91,0
50_-94,2026-09-16,1,Ontario,50.5,-93.5,10.5,71.0,2.9,3.6,0.023101608833565632,0.019046638,0.00036769436,0.06666666666666667,0.2856995724141598,100,0
50_-94,2026-09-17,2,Ontario,50.5,-93.5,10.7,70.0,15.0,2.3000000000000003,0.17550738071641164,0.017114606,0.00036769436,0.06666666666666667,0.25671908631920815,125,0
50_-94,2026-09-18,3,Ontario,50.5,-93.5,13.5,39.0,11.5,0.0,0.7044816175289377,0.023706896,0.00036769436,0.06666666666666667,0.35560344345867634,104,0
50_-94,2026-09-19,4,Ontario,50.5,-93.5,12.0,99.0,9.2,6.4,0.0003879059826933663,0.013666987,0.00036769436,0.06666666666666667,0.20500481128692627,154,0
50_-94,2026-09-20,5,Ontario,50.5,-93.5,11.7,49.0,11.2,0.5,0.25432703817701324,0.017114606,0.00036769436,0.06666666666666667,0.25671908631920815,144,0
50_-94,2026-09-21,6,Ontario,50.5,-93.5,14.8,52.0,8.7,0.0,0.6191497854482443,0.020055054,0.00036769436,0.06666666666666667,0.30082580633461475,131,0
50_-94,2026-09-22,7,Ontario,50.5,-93.5,14.2,39.0,13.3,0.0,4.292824184366014,0.029426603,0.00036769436,0.06666666666666667,0.4413990397006273,84,0
50_-95,2026-09-15,0,Ontario,50.5,-94.5,13.424657154616998,78.32176088251842,18.187486873714047,19.14415629975786,0.2039540631215079,0.026660934,0.00046264168,0.06666666666666667,0.3999140113592148,65,1
50_-95,2026-09-16,1,Ontario,50.5,-94.5,10.7,65.0,1.1,0.0,0.16852867186669837,0.023706896,0.00046264168,0.06666666666666667,0.35560344345867634,77,1
50_-95,2026-09-17,2,Ontario,50.5,-94.5,10.9,71.0,10.9,4.7,0.08167293687201123,0.019046638,0.00036769436,0.06666666666666667,0.2856995724141598,108,0
50_-95,2026-09-18,3,Ontario,50.5,-94.5,13.3,41.0,14.3,0.0,0.8217469076905247,0.023706896,0.00036769436,0.06666666666666667,0.35560344345867634,105,0
50_-95,2026-09-19,4,Ontario,50.5,-94.5,12.4,98.0,7.8,3.8000000000000003,0.008194449654326332,0.016953317,0.00036769436,0.06666666666666667,0.2542997617274523,147,0
50_-95,2026-09-20,5,Ontario,50.5,-94.5,11.3,58.0,11.7,0.1,0.3854148599888715,0.017114606,0.00036769436,0.06666666666666667,0.25671908631920815,145,0
50_-95,2026-09-21,6,Ontario,50.5,-94.5,15.0,52.0,10.8,0.0,0.892378185529516,0.019046638,0.00036769436,0.06666666666666667,0.2856995724141598,135,0
50_-95,2026-09-22,7,Ontario,50.5,-94.5,14.2,51.0,15.2,0.0,4.386950235044464,0.027721774,0.00036769436,0.06666666666666667,0.41582660749554634,95,0
50_-96,2026-09-15,0,Manitoba,50.5,-95.5,12.858217034849474,84.30071471862395,15.780867507759055,25.96687693474065,0.019624404130995407,0.008910148,0.00036769436,0.027450980392156862,0.3245839775939073,206,0
50_-96,2026-09-16,1,Manitoba,50.5,-95.5,11.2,70.0,3.6,0.0,0.09437316012093237,0.0085633695,0.00036769436,0.027450980392156862,0.3119513179574694,212,0
50_-96,2026-09-17,2,Manitoba,50.5,-95.5,12.7,61.0,12.7,5.1000000000000005,0.1442995762310454,0.008237548,0.00019753922,0.027450980392156862,0.30008211199726376,241,0
50_-96,2026-09-18,3,Manitoba,50.5,-95.5,15.1,42.0,14.6,0.0,0.9285226604538173,0.01158889,0.00019753922,0.027450980392156862,0.42216671098555836,176,0
50_-96,2026-09-19,4,Manitoba,50.5,-95.5,13.5,98.0,8.0,14.600000000000001,1.861296186741901e-05,0.0085633695,0.00019753922,0.027450980392156862,0.3119513179574694,234,0
50_-96,2026-09-20,5,Manitoba,50.5,-95.5,13.8,54.0,11.0,0.0,0.16775212801806338,0.008910148,0.00019753922,0.027450980392156862,0.3245839775939073,221,0
50_-96,2026-09-21,6,Manitoba,50.5,-95.5,16.4,53.0,11.2,0.0,0.7049007613659303,0.01158889,0.00036769436,0.027450980392156862,0.42216671098555836,190,0
50_-96,2026-09-22,7,Manitoba,50.5,-95.5,15.6,61.0,15.8,0.0,3.1173606849549937,0.01158889,0.00036769436,0.027450980392156862,0.42216671098555836,199,0
50_-97,2026-09-15,0,Manitoba,50.5,-96.5,14.010079477197964,76.1743637095141,27.16404470224825,26.716068769021234,0.2058508560335434,0.00510037,0.00016979082,0.00784313725490196,0.6502971646841615,349,0
50_-97,2026-09-16,1,Manitoba,50.5,-96.5,11.6,74.0,6.2,0.0,0.3173669104377757,0.003771806,0.00016979082,0.00784313725490196,0.4809052526252344,364,0
50_-97,2026-09-17,2,Manitoba,50.5,-96.5,13.7,62.0,9.2,5.9,0.12764777966817273,0.0039100684,0.00013172916,0.00784313725490196,0.49853372387588024,351,0
50_-97,2026-09-18,3,Manitoba,50.5,-96.5,16.2,45.0,15.2,0.0,1.1066540782593102,0.00510037,0.00016979082,0.00784313725490196,0.6502971646841615,320,0
50_-97,2026-09-19,4,Manitoba,50.5,-96.5,14.2,96.0,12.4,21.9,4.461758625684598e-05,0.00510037,0.00016979082,0.00784313725490196,0.6502971646841615,328,0
50_-97,2026-09-20,5,Manitoba,50.5,-96.5,14.5,54.0,10.4,0.0,0.19473225589198873,0.00510037,0.00016979082,0.00784313725490196,0.6502971646841615,323,0
50_-97,2026-09-21,6,Manitoba,50.5,-96.5,16.6,58.0,12.6,0.0,0.7529742854904227,0.00510037,0.00019753922,0.00784313725490196,0.6502971646841615,335,0
50_-97,2026-09-22,7,Manitoba,50.5,-96.5,16.8,64.0,18.7,0.0,3.6398584767287128,0.005107495,0.00019753922,0.00784313725490196,0.6512056128121912,330,0
51_-100,2026-09-15,0,Manitoba,51.5,-99.5,12.179731485809949,61.55369920037713,23.062657715848296,23.42329108717593,0.4984797360230837,0.0034599912,0.00010140445,0.00196078431372549,1.764595506247133,411,0
51_-100,2026-09-16,1,Manitoba,51.5,-99.5,10.8,74.0,15.4,0.0,0.7465141042079084,0.002782071,0.00010140445,0.00196078431372549,1.4188562147319317,471,0
51_-100,2026-09-17,2,Manitoba,51.5,-99.5,13.2,76.0,7.9,1.1,0.6083392660333499,0.003292181,0.0,0.00196078431372549,1.6790123423561454,457,0
51_-100,2026-09-18,3,Manitoba,51.5,-99.5,13.4,62.0,21.7,0.0,4.074818451840262,0.0022243848,0.0,0.00196078431372549,1.1344362515956163,470,0
51_-100,2026-09-19,4,Manitoba,51.5,-99.5,14.2,85.0,18.2,5.0,0.21122454803673216,0.0022243848,0.0,0.00196078431372549,1.1344362515956163,468,0
51_-100,2026-09-20,5,Manitoba,51.5,-99.5,14.6,64.0,13.0,0.0,0.7728895733106944,0.0020446682,0.0,0.00196078431372549,1.0427807760424912,493,0
51_-100,2026-09-21,6,Manitoba,51.5,-99.5,18.0,58.0,18.4,0.0,4.4007653074478155,0.0034599912,0.0,0.00196078431372549,1.764595506247133,395,0
51_-100,2026-09-22,7,Manitoba,51.5,-99.5,19.2,58.0,18.9,0.0,7.609463516187594,0.0034599912,0.00010140445,0.00196078431372549,1.764595506247133,401,0
51_-102,2026-09-15,0,Saskatchewan,51.5,-101.5,10.647463501821656,62.05289637432666,11.794951936361917,29.850169867082872,0.07353529860959343,0.0015167142,0.0,0.0,,568,0
51_-102,2026-09-16,1,Saskatchewan,51.5,-101.5,9.4,89.0,19.9,0.0,0.30037013549851216,0.0015167142,0.0,0.0,,554,0
51_-102,2026-09-17,2,Saskatchewan,51.5,-101.5,12.2,82.0,9.6,0.0,0.4485378247125922,0.0007248675,0.0,0.0,,605,0
51_-102,2026-09-18,3,Saskatchewan,51.5,-101.5,14.0,72.0,22.5,0.0,2.3784795763789934,0.0015167142,0.0,0.0,,540,0
51_-102,2026-09-19,4,Saskatchewan,51.5,-101.5,11.4,87.0,19.5,2.5,0.47148709148701967,0.0007248675,0.0,0.0,,597,0
51_-102,2026-09-20,5,Saskatchewan,51.5,-101.5,13.3,63.0,15.1,0.0,0.88414725249882,0.0007248675,0.0,0.0,,602,0
51_-102,2026-09-21,6,Saskatchewan,51.5,-101.5,16.7,74.0,20.7,0.0,3.335154661257456,0.0007248675,0.0,0.0,,612,0
51_-102,2026-09-22,7,Saskatchewan,51.5,-101.5,16.8,65.0,24.9,0.0,6.915561838494697,0.0012195122,0.0,0.0,,606,0
51_-103,2026-09-15,0,Saskatchewan,51.5,-102.5,11.136054826159029,58.29313050108112,24.609366320061497,25.452367158746117,0.132425787237376,0.0015167142,0.0,0.0,,569,0
51_-103,2026-09-16,1,Saskatchewan,51.5,-102.5,11.4,77.0,23.1,0.0,0.8274022719772556,0.0015167142,0.0,0.0,,555,0
51_-103,2026-09-17,2,Saskatchewan,51.5,-102.5,14.7,71.0,17.4,0.0,1.353312326155212,0.0015167142,0.0,0.0,,549,0
51_-103,2026-09-18,3,Saskatchewan,51.5,-102.5,15.3,72.0,20.1,0.0,3.485971342198528,0.0007248675,0.0,0.0,,592,0
51_-103,2026-09-19,4,Saskatchewan,51.5,-102.5,13.4,77.0,18.7,1.2999999999999998,1.7388059274501764,0.0007248675,0.0,0.0,,598,0
51_-103,2026-09-20,5,Saskatchewan,51.5,-102.5,16.0,64.0,14.7,0.0,3.2523104973033705,0.0007248675,0.0,0.0,,603,0
51_-103,2026-09-21,6,Saskatchewan,51.5,-102.5,19.1,65.0,21.3,0.0,7.185713278160053,0.0015167142,0.0,0.0,,558,0
51_-103,2026-09-22,7,Saskatchewan,51.5,-102.5,19.5,60.0,20.6,0.0,8.948248766284207,0.0020446682,0.0,0.0,,518,0
51_-104,2026-09-15,0,Saskatchewan,51.5,-103.5,10.571201787469626,61.372657645472366,19.420718655311614,26.398537586089432,0.06938623777162292,0.0015167142,0.0,0.0,,570,0
51_-104,2026-09-16,1,Saskatchewan,51.5,-103.5,11.3,74.0,23.7,0.0,0.8162116341689156,0.0015167142,0.0,0.0,,556,0
51_-104,2026-09-17,2,Saskatchewan,51.5,-103.5,13.9,64.0,19.5,0.0,1.944155871003322,0.0007248675,0.0,0.0,,606,0
51_-104,2026-09-18,3,Saskatchewan,51.5,-103.5,17.0,73.0,13.7,0.0,2.4117834619409213,0.0007248675,0.0,0.0,,593,0
51_-104,2026-09-19,4,Saskatchewan,51.5,-103.5,15.4,71.0,17.2,1.6,1.381637289270696,0.0007248675,0.0,0.0,,599,0
51_-104,2026-09-20,5,Saskatchewan,51.5,-103.5,15.3,71.0,19.7,0.0,3.5963947706903614,0.0007248675,0.0,0.0,,604,0
51_-104,2026-09-21,6,Saskatchewan,51.5,-103.5,16.4,73.0,22.7,0.0,5.690761587532488,0.0007248675,0.0,0.0,,613,0
51_-104,2026-09-22,7,Saskatchewan,51.5,-103.5,18.9,64.0,19.6,0.0,6.947666621175613,0.0012195122,0.0,0.0,,607,0
51_-107,2026-09-15,0,Saskatchewan,51.5,-106.5,11.697669880790228,65.32959029976259,7.529486444053726,9.071882055321183,0.05743715785306947,0.0022243848,0.00010140445,0.00196078431372549,1.1344362515956163,507,0
51_-107,2026-09-16,1,Saskatchewan,51.5,-106.5,13.5,68.0,14.1,0.0,0.6719156231639793,0.0020446682,0.00010140445,0.00196078431372549,1.0427807760424912,507,0
51_-107,2026-09-17,2,Saskatchewan,51.5,-106.5,14.4,79.0,21.8,0.0,2.3157470150452646,0.0020446682,0.0,0.00196078431372549,1.0427807760424912,505,0
51_-107,2026-09-18,3,Saskatchewan,51.5,-106.5,18.7,61.0,7.9,0.0,2.384416882891678,0.0020446682,0.0,0.00196078431372549,1.0427807760424912,494,0
51_-107,2026-09-19,4,Saskatchewan,51.5,-106.5,17.3,54.0,15.2,0.0,6.555301279412777,0.0022243848,0.0,0.00196078431372549,1.1344362515956163,469,0
51_-107,2026-09-20,5,Saskatchewan,51.5,-106.5,17.9,69.0,20.0,0.0,8.675520098770837,0.003292181,0.0,0.00196078431372549,1.6790123423561454,445,0
51_-107,2026-09-21,6,Saskatchewan,51.5,-106.5,19.8,64.0,23.2,0.0,10.631266667522185,0.0034599912,0.00010140445,0.00196078431372549,1.764595506247133,396,0
51_-107,2026-09-22,7,Saskatchewan,51.5,-106.5,21.5,55.0,19.7,0.0,11.46116555505364,0.0034599912,0.00013172916,0.00196078431372549,1.764595506247133,402,0
51_-108,2026-09-15,0,Saskatchewan,51.5,-107.5,11.931430155767487,66.15628339101038,8.401865377218405,7.145988913895312,0.06865960565073728,0.0020446682,0.0,0.00196078431372549,1.0427807760424912,526,0
51_-108,2026-09-16,1,Saskatchewan,51.5,-107.5,13.1,72.0,9.8,0.0,0.46180322514715877,0.0020446682,0.0,0.00196078431372549,1.0427807760424912,508,0
51_-108,2026-09-17,2,Saskatchewan,51.5,-107.5,15.2,73.0,20.6,0.0,2.2448744644463177,0.0015167142,0.0,0.00196078431372549,0.7735242554917932,550,0
51_-108,2026-09-18,3,Saskatchewan,51.5,-107.5,19.3,56.0,10.8,0.0,3.709300137785738,0.0020446682,0.0,0.00196078431372549,1.0427807760424912,495,0
51_-108,2026-09-19,4,Saskatchewan,51.5,-107.5,17.4,53.0,15.2,0.0,7.241951474707413,0.0020446682,0.0,0.00196078431372549,1.0427807760424912,489,0
51_-108,2026-09-20,5,Saskatchewan,51.5,-107.5,19.4,64.0,16.0,0.0,8.076095697138483,0.003292181,0.00010140445,0.00196078431372549,1.6790123423561454,446,0
51_-108,2026-09-21,6,Saskatchewan,51.5,-107.5,21.1,59.0,17.8,0.0,9.727314964853491,0.0034599912,0.00010140445,0.00196078431372549,1.764595506247133,397,0
51_-108,2026-09-22,7,Saskatchewan,51.5,-107.5,22.8,46.0,14.0,0.0,11.606139854379872,0.0034599912,0.00016979082,0.00196078431372549,1.764595506247133,403,0
51_-115,2026-09-15,0,Alberta,51.5,-114.5,8.203691919971156,76.59510891182263,6.708991631694704,3.832698425431849,0.9697294156311993,0.03278111,0.00019753922,0.0784313725490196,0.41795914247632027,23,1
51_-115,2026-09-16,1,Alberta,51.5,-114.5,12.8,53.0,10.9,0.0,1.1174598740520798,0.03278111,0.00016979082,0.0784313725490196,0.41795914247632027,26,1
51_-115,2026-09-17,2,Alberta,51.5,-114.5,15.7,43.0,3.6,0.0,2.733859749531474,0.03429977,0.00019753922,0.0784313725490196,0.4373220484703779,32,1
51_-115,2026-09-18,3,Alberta,51.5,-114.5,15.7,51.0,7.4,0.0,5.784932752262898,0.039974753,0.00019753922,0.0784313725490196,0.5096780983731151,35,1
51_-115,2026-09-19,4,Alberta,51.5,-114.5,16.9,52.0,22.3,0.0,13.573545143083349,0.039974753,0.00036769436,0.0784313725490196,0.5096780983731151,36,1
51_-115,2026-09-20,5,Alberta,51.5,-114.5,19.5,38.0,14.5,0.0,14.322547912057491,0.054577813,0.00036769436,0.0784313725490196,0.6958671100437641,33,1
51_-115,2026-09-21,6,Alberta,51.5,-114.5,18.4,44.0,7.8,0.0,11.61305593230095,0.055568106,0.00046264168,0.0784313725490196,0.7084933575242758,27,1
51_-115,2026-09-22,7,Alberta,51.5,-114.5,13.0,64.0,13.0,0.0,10.96734957996391,0.061514195,0.00036769436,0.0784313725490196,0.7843059869483113,24,1
51_-116,2026-09-15,0,Alberta,51.5,-115.5,7.766303685841497,78.61924693624314,4.647792712092667,13.535836351729712,0.0,0.039974753,0.00019753922,0.13725490196078433,0.29124462764178,15,1
51_-116,2026-09-16,1,Alberta,51.5,-115.5,4.6,64.0,25.5,0.0,0.8326171291003801,0.03278111,0.00013172916,0.13725490196078433,0.23883379570075441,27,1
51_-116,2026-09-17,2,Alberta,51.5,-115.5,8.2,51.0,5.2,0.0,0.705657685005678,0.039974753,0.00013172916,0.13725490196078433,0.29124462764178,25,1
51_-116,2026-09-18,3,Alberta,51.5,-115.5,10.7,43.0,5.2,0.0,2.1241676534608,0.055568106,0.00019753922,0.13725490196078433,0.404853347156729,18,1
51_-116,2026-09-19,4,Alberta,51.5,-115.5,10.3,41.0,7.1,0.0,5.067440228937795,0.081350304,0.00019753922,0.13725490196078433,0.5926950733576501,7,1
51_-116,2026-09-20,5,Alberta,51.5,-115.5,11.6,38.0,10.5,0.0,8.661335252814721,0.081350304,0.00036769436,0.13725490196078433,0.5926950733576501,7,1
51_-116,2026-09-21,6,Alberta,51.5,-115.5,11.3,36.0,7.9,0.0,9.183547956820988,0.081350304,0.00036769436,0.13725490196078433,0.5926950733576501,8,1
51_-116,2026-09-22,7,Alberta,51.5,-115.5,10.3,36.0,12.2,0.0,11.765856197946135,0.10246174,0.00036769436,0.13725490196078433,0.7465069655861173,7,1
51_-117,2026-09-15,0,British Columbia,51.5,-116.5,8.016805046524603,85.8201871463541,12.227997639270882,9.252913335133353,0.19294853778747126,0.00510037,0.00013172916,0.01568627450980392,0.32514858234208077,350,0
51_-117,2026-09-16,1,British Columbia,51.5,-116.5,9.2,59.0,2.5,0.8,0.2152356687648757,0.00510037,0.00010140445,0.01568627450980392,0.32514858234208077,331,0
51_-117,2026-09-17,2,British Columbia,51.5,-116.5,12.7,43.0,1.9,0.0,0.6006813101719742,0.006459243,0.00016979082,0.01568627450980392,0.4117767495336011,265,0
51_-117,2026-09-18,3,British Columbia,51.5,-116.5,14.6,37.0,0.9,0.0,1.953397028450567,0.008910148,0.00019753922,0.01568627450980392,0.5680219607893378,214,0
51_-117,2026-09-19,4,British Columbia,51.5,-116.5,14.6,42.0,3.0,0.0,4.750349066068148,0.01158889,0.00019753922,0.01568627450980392,0.7387917442247272,187,0
51_-117,2026-09-20,5,British Columbia,51.5,-116.5,15.0,43.0,3.3,0.0,6.338126564034017,0.01158889,0.00019753922,0.01568627450980392,0.7387917442247272,191,0
51_-117,2026-09-21,6,British Columbia,51.5,-116.5,15.3,43.0,5.0,0.0,7.854322628553078,0.013233952,0.00036769436,0.01568627450980392,0.8436644542962313,173,0
51_-117,2026-09-22,7,British Columbia,51.5,-116.5,13.5,49.0,11.1,0.0,10.71417136076346,0.01158889,0.00036769436,0.01568627450980392,0.7387917442247272,200,0
51_-118,2026-09-15,0,British Columbia,51.5,-117.5,13.023417803928684,76.95213138203519,1.8512878515657758,3.5597746238133983,0.911417834548967,0.013233952,0.00016979082,0.027450980392156862,0.48209397388356073,140,0
51_-118,2026-09-16,1,British Columbia,51.5,-117.5,14.7,59.0,4.1,0.30000000000000004,1.5851475904943364,0.013666987,0.00016979082,0.027450980392156862,0.49786882741110666,133,0
51_-118,2026-09-17,2,British Columbia,51.5,-117.5,16.9,48.0,2.5,0.0,4.027637063047475,0.019046638,0.00019753922,0.027450980392156862,0.6938418187201023,109,0
51_-118,2026-09-18,3,British Columbia,51.5,-117.5,18.8,51.0,2.4,0.0,6.329809249766555,0.023706896,0.00019753922,0.027450980392156862,0.8636083626853568,106,0
51_-118,2026-09-19,4,British Columbia,51.5,-117.5,19.0,44.0,3.5,0.0,9.051836251218546,0.03278111,0.00036769436,0.027450980392156862,1.1941689785037721,50,1
51_-118,2026-09-20,5,British Columbia,51.5,-117.5,19.9,44.0,4.3,0.0,10.724092249283933,0.031681307,0.00036769436,0.027450980392156862,1.1541047426206725,70,1
51_-118,2026-09-21,6,British Columbia,51.5,-117.5,19.9,45.0,4.9,0.0,11.554196088902003,0.031681307,0.00046264168,0.027450980392156862,1.1541047426206725,68,1
51_-118,2026-09-22,7,British Columbia,51.5,-117.5,19.7,33.0,7.9,0.0,16.50470876031676,0.031681307,0.00083361124,0.027450980392156862,1.1541047426206725,71,1
51_-119,2026-09-15,0,British Columbia,51.5,-118.5,13.526817170133773,80.57756112575169,3.0799236060310946,4.658709963314673,0.6289537652811052,0.024334805,0.00019753922,0.045098039215686274,0.5395978519126126,71,1
51_-119,2026-09-16,1,British Columbia,51.5,-118.5,19.5,51.0,1.5,0.0,0.6828180637023679,0.027721774,0.00036769436,0.045098039215686274,0.6147002023847207,56,1
51_-119,2026-09-17,2,British Columbia,51.5,-118.5,21.2,41.0,1.7,0.0,3.5243021467743763,0.03278111,0.00036769436,0.045098039215686274,0.7268854651762092,36,1
51_-119,2026-09-18,3,British Columbia,51.5,-118.5,22.7,41.0,1.9,0.0,7.216061598707371,0.055568106,0.00046264168,0.045098039215686274,1.232162360911784,19,1
51_-119,2026-09-19,4,British Columbia,51.5,-118.5,23.7,42.0,2.7,0.0,9.430723189691763,0.062472697,0.0007264472,0.045098039215686274,1.3852641585728396,16,1
51_-119,2026-09-20,5,British Columbia,51.5,-118.5,24.1,42.0,4.6,0.0,11.384888935178598,0.06739664,0.00086677365,0.045098039215686274,1.494447252024775,18,1
51_-119,2026-09-21,6,British Columbia,51.5,-118.5,24.2,42.0,7.6,0.0,13.719971827152532,0.0695651,0.00086677365,0.045098039215686274,1.542530532764352,17,1
51_-119,2026-09-22,7,British Columbia,51.5,-118.5,19.2,49.0,7.5,0.1,13.574821339365496,0.06739664,0.0007264472,0.045098039215686274,1.494447252024775,20,1
51_-120,2026-09-15,0,British Columbia,51.5,-119.5,14.664601500394385,67.56985710779188,2.2852468910039505,2.276536977666186,2.821135712627987,0.031681307,0.00019753922,0.054901960784313725,0.5770523713103363,37,1
51_-120,2026-09-16,1,British Columbia,51.5,-119.5,17.5,48.0,4.1,0.30000000000000004,3.622857385030664,0.031681307,0.00036769436,0.054901960784313725,0.5770523713103363,40,1
51_-120,2026-09-17,2,British Columbia,51.5,-119.5,20.2,40.0,2.0,0.0,7.229996610478919,0.039974753,0.00036769436,0.054901960784313725,0.7281115691044501,26,1
51_-120,2026-09-18,3,British Columbia,51.5,-119.5,21.3,37.0,2.2,0.0,10.335916856479356,0.062472697,0.00083361124,0.054901960784313725,1.1378955588276898,11,1
51_-120,2026-09-19,4,British Columbia,51.5,-119.5,22.0,40.0,6.3,0.0,13.358823656581507,0.062472697,0.00086677365,0.054901960784313725,1.1378955588276898,17,1
51_-120,2026-09-20,5,British Columbia,51.5,-119.5,21.9,44.0,7.7,0.0,14.805837955794264,0.06966412,0.00086677365,0.054901960784313725,1.2688821979931424,15,1
51_-120,2026-09-21,6,British Columbia,51.5,-119.5,22.0,43.0,8.7,0.0,16.088906762223452,0.06739664,0.00086677365,0.054901960784313725,1.2275816713060652,19,1
51_-120,2026-09-22,7,British Columbia,51.5,-119.5,15.5,55.0,2.7,0.1,11.097244386790086,0.055568106,0.0007264472,0.054901960784313725,1.0121333678918225,26,1
51_-121,2026-09-15,0,British Columbia,51.5,-120.5,16.65931723778934,48.221514713137765,7.998076758148399,0.5214290819866558,8.167030836273344,0.027721774,0.00036769436,0.052941176470588235,0.5236335057351325,55,1
51_-121,2026-09-16,1,British Columbia,51.5,-120.5,14.1,37.0,2.3,0.0,8.03597456706344,0.031681307,0.00036769436,0.052941176470588235,0.5984246813588673,41,1
51_-121,2026-09-17,2,British Columbia,51.5,-120.5,16.6,34.0,1.1,0.0,9.752955585907753,0.039974753,0.00046264168,0.052941176470588235,0.7550786642564667,27,1
51_-121,2026-09-18,3,British Columbia,51.5,-120.5,17.8,31.0,1.6,0.0,11.968310636221755,0.039974753,0.0007264472,0.052941176470588235,0.7550786642564667,36,1
51_-121,2026-09-19,4,British Columbia,51.5,-120.5,17.1,36.0,7.2,0.0,15.599428441823186,0.039974753,0.0007264472,0.052941176470588235,0.7550786642564667,37,1
51_-121,2026-09-20,5,British Columbia,51.5,-120.5,17.0,38.0,10.7,0.0,18.50260244494484,0.039974753,0.00086677365,0.052941176470588235,0.7550786642564667,43,1
51_-121,2026-09-21,6,British Columbia,51.5,-120.5,16.3,38.0,12.9,0.0,20.762637317140996,0.039974753,0.00086677365,0.052941176470588235,0.7550786642564667,42,1
51_-121,2026-09-22,7,British Columbia,51.5,-120.5,11.0,61.0,3.5,0.7000000000000001,8.179266598009184,0.032122906,0.00036769436,0.052941176470588235,0.6067660078406334,60,1
51_-122,2026-09-15,0,British Columbia,51.5,-121.5,14.513576646539347,61.39028463772427,8.775042672400168,3.000108990315647,2.956926231123275,0.03429977,0.00036769436,0.052941176470588235,0.6478845162524117,19,1
51_-122,2026-09-16,1,British Columbia,51.5,-121.5,16.1,38.0,7.2,0.0,6.469235851137277,0.03278111,0.00036769436,0.052941176470588235,0.6191987295945486,28,1
51_-122,2026-09-17,2,British Columbia,51.5,-121.5,18.6,32.0,2.0,0.0,10.44414925669049,0.04981479,0.00046264168,0.052941176470588235,0.9409460425376892,18,1
51_-122,2026-09-18,3,British Columbia,51.5,-121.5,19.1,32.0,4.4,0.0,14.842394576101686,0.055568106,0.00086677365,0.052941176470588235,1.049619788924853,20,1
51_-122,2026-09-19,4,British Columbia,51.5,-121.5,18.8,40.0,1.4,0.0,13.726030175531795,0.05585831,0.00086677365,0.052941176470588235,1.055101417005062,19,1
51_-122,2026-09-20,5,British Columbia,51.5,-121.5,18.4,36.0,9.9,0.0,19.656294717903666,0.04981479,0.00086677365,0.052941176470588235,0.9409460425376892,35,1
51_-122,2026-09-21,6,British Columbia,51.5,-121.5,17.1,33.0,17.3,0.0,26.436525436088267,0.04981479,0.001759457,0.052941176470588235,0.9409460425376892,33,1
51_-122,2026-09-22,7,British Columbia,51.5,-121.5,12.8,49.0,5.8,2.4,2.8952607240004236,0.039974753,0.00046264168,0.052941176470588235,0.7550786642564667,41,1
51_-123,2026-09-15,0,British Columbia,51.5,-122.5,12.934118948913346,60.75501872947783,9.798404526294588,1.2871168837098141,7.809449431999211,0.013666987,0.00019753922,0.027450980392156862,0.49786882741110666,132,0
51_-123,2026-09-16,1,British Columbia,51.5,-122.5,16.4,36.0,7.4,0.1,10.309288250559527,0.020055054,0.00036769436,0.027450980392156862,0.7305769582412073,90,0
51_-123,2026-09-17,2,British Columbia,51.5,-122.5,16.9,39.0,5.4,0.0,11.535391218774992,0.026660934,0.00036769436,0.027450980392156862,0.9712197418723788,73,1
51_-123,2026-09-18,3,British Columbia,51.5,-122.5,16.9,39.0,6.5,0.0,13.091866717605972,0.027721774,0.00036769436,0.027450980392156862,1.0098646182034696,77,1
51_-123,2026-09-19,4,British Columbia,51.5,-122.5,17.0,43.0,7.3,0.0,14.035970412534233,0.029426603,0.00046264168,0.027450980392156862,1.0719690964158093,74,1
51_-123,2026-09-20,5,British Columbia,51.5,-122.5,19.2,36.0,8.0,0.0,16.355408184114925,0.031681307,0.00046264168,0.027450980392156862,1.1541047426206725,71,1
51_-123,2026-09-21,6,British Columbia,51.5,-122.5,18.0,32.0,7.7,0.0,17.90372252094822,0.03278111,0.00086677365,0.027450980392156862,1.1941689785037721,53,1
51_-123,2026-09-22,7,British Columbia,51.5,-122.5,12.6,46.0,5.8,0.30000000000000004,15.08147141653613,0.027721774,0.00036769436,0.027450980392156862,1.0098646182034696,96,0
51_-124,2026-09-15,0,British Columbia,51.5,-123.5,14.111228282457187,59.714366249526705,5.464455007240554,3.911492789316199,2.972805030981117,0.01158889,0.00019753922,0.011764705882352941,0.9850556589663029,169,0
51_-124,2026-09-16,1,British Columbia,51.5,-123.5,15.3,28.0,4.9,0.9,3.537943147401124,0.01158889,0.00036769436,0.011764705882352941,0.9850556589663029,168,0
51_-124,2026-09-17,2,British Columbia,51.5,-123.5,16.7,31.0,3.0,0.0,8.783220236797069,0.01158889,0.00036769436,0.011764705882352941,0.9850556589663029,177,0
51_-124,2026-09-18,3,British Columbia,51.5,-123.5,17.4,32.0,4.9,0.0,13.41977826410957,0.01158889,0.00036769436,0.011764705882352941,0.9850556589663029,177,0
51_-124,2026-09-19,4,British Columbia,51.5,-123.5,14.8,38.0,6.1,0.0,14.574178371449653,0.01158889,0.00036769436,0.011764705882352941,0.9850556589663029,188,0
51_-124,2026-09-20,5,British Columbia,51.5,-123.5,15.4,29.0,12.2,0.0,20.877287094384887,0.015813954,0.00046264168,0.011764705882352941,1.3441861048340797,157,0
51_-124,2026-09-21,6,British Columbia,51.5,-123.5,14.5,34.0,18.3,0.0,26.710680881344462,0.013233952,0.0007264472,0.011764705882352941,1.1248859390616417,174,0
51_-124,2026-09-22,7,British Columbia,51.5,-123.5,8.5,40.0,14.9,0.0,21.813483982599738,0.01158889,0.00036769436,0.011764705882352941,0.9850556589663029,201,0
51_-125,2026-09-15,0,British Columbia,51.5,-124.5,17.49366982789624,46.79848831411191,6.45709974222444,1.1260676572340829,12.015915335944756,0.006459243,0.00019753922,0.00392156862745098,1.6471069981344044,276,0
51_-125,2026-09-16,1,British Columbia,51.5,-124.5,14.7,32.0,4.7,0.0,13.196018541861568,0.005107495,0.00019753922,0.00392156862745098,1.3024112256243825,296,0
51_-125,2026-09-17,2,British Columbia,51.5,-124.5,15.8,34.0,4.6,0.0,15.85204181781959,0.006459243,0.00019753922,0.00392156862745098,1.6471069981344044,266,0
51_-125,2026-09-18,3,British Columbia,51.5,-124.5,15.9,35.0,6.4,0.0,17.960114050916427,0.006459243,0.00036769436,0.00392156862745098,1.6471069981344044,269,0
51_-125,2026-09-19,4,British Columbia,51.5,-124.5,12.7,51.0,7.5,0.0,16.78024581743138,0.005107495,0.00019753922,0.00392156862745098,1.3024112256243825,301,0
51_-125,2026-09-20,5,British Columbia,51.5,-124.5,12.5,45.0,8.4,0.0,17.678178248600773,0.005107495,0.00019753922,0.00392156862745098,1.3024112256243825,301,0
51_-125,2026-09-21,6,British Columbia,51.5,-124.5,11.0,55.0,16.3,0.0,21.204444604564596,0.00510037,0.00019753922,0.00392156862745098,1.300594329368323,336,0
51_-125,2026-09-22,7,British Columbia,51.5,-124.5,5.5,59.0,10.8,1.2000000000000002,6.8932306440292095,0.0034599912,0.00013172916,0.00392156862745098,0.8822977531235665,404,0
51_-126,2026-09-15,0,British Columbia,51.5,-125.5,21.516347671872794,41.01636945508545,2.438377665863823,0.32339055537085065,10.455027817651455,0.003771806,0.00019753922,0.00196078431372549,1.9236210105009377,378,0
51_-126,2026-09-16,1,British Columbia,51.5,-125.5,10.4,42.0,4.0,0.0,10.327850897804186,0.0034599912,0.00013172916,0.00196078431372549,1.764595506247133,387,0
51_-126,2026-09-17,2,British Columbia,51.5,-125.5,12.0,38.0,4.6,0.0,11.893259956810088,0.0034599912,0.00016979082,0.00196078431372549,1.764595506247133,381,0
51_-126,2026-09-18,3,British Columbia,51.5,-125.5,11.4,45.0,5.4,0.0,12.579365700027381,0.0034599912,0.00016979082,0.00196078431372549,1.764595506247133,375,0
51_-126,2026-09-19,4,British Columbia,51.5,-125.5,9.1,57.0,5.0,0.0,11.035752836802795,0.003292181,0.00013172916,0.00196078431372549,1.6790123423561454,438,0
51_-126,2026-09-20,5,British Columbia,51.5,-125.5,8.4,50.0,6.9,0.0,12.138740720049661,0.0020446682,0.00013172916,0.00196078431372549,1.0427807760424912,494,0
51_-126,2026-09-21,6,British Columbia,51.5,-125.5,6.1,73.0,10.5,1.0,5.652271112313042,0.0015167142,0.00010140445,0.00196078431372549,0.7735242554917932,559,0
51_-126,2026-09-22,7,British Columbia,51.5,-125.5,1.5,67.0,7.2,5.7,0.12553080421516122,0.0007248675,0.0,0.00196078431372549,0.3696824301732704,620,0
51_-127,2026-09-15,0,British Columbia,51.5,-126.5,19.704730360917342,54.096096653784926,2.6359474078181315,0.0,5.114083686755269,0.0034599912,0.00013172916,0.0,,412,0
51_-127,2026-09-16,1,British Columbia,51.5,-126.5,11.2,55.0,5.3,0.0,6.184970190567314,0.0015167142,0.00010140445,0.0,,557,0
51_-127,2026-09-17,2,British Columbia,51.5,-126.5,11.4,51.0,6.5,0.0,6.839608767164884,0.0015167142,0.00010140445,0.0,,551,0
51_-127,2026-09-18,3,British Columbia,51.5,-126.5,12.9,47.0,1.9,0.0,6.049070337511725,0.0020446682,0.00010140445,0.0,,496,0
51_-127,2026-09-19,4,British Columbia,51.5,-126.5,10.0,69.0,9.8,0.0,7.2155326786696214,0.0015167142,0.0,0.0,,539,0
51_-127,2026-09-20,5,British Columbia,51.5,-126.5,8.7,72.0,10.0,0.0,6.505602530736247,0.0007248675,0.0,0.0,,605,0
51_-127,2026-09-21,6,British Columbia,51.5,-126.5,4.7,96.0,12.2,9.600000000000001,0.0009252910235703897,0.00038029242,0.0,0.0,,692,0
51_-127,2026-09-22,7,British Columbia,51.5,-126.5,1.6,87.0,11.7,17.7,9.36704382145354e-06,0.00038029242,0.0,0.0,,691,0
51_-128,2026-09-15,0,British Columbia,51.5,-127.5,16.396206708815914,71.11130315644857,14.644835760470631,0.0,3.371438320070582,0.0015167142,0.0,0.0,,571,0
51_-128,2026-09-16,1,British Columbia,51.5,-127.5,13.8,79.0,4.4,0.0,1.78373107875183,0.0007248675,0.0,0.0,,614,0
51_-128,2026-09-17,2,British Columbia,51.5,-127.5,16.0,68.0,5.8,0.0,2.749199247715716,0.0015167142,0.0,0.0,,552,0
51_-128,2026-09-18,3,British Columbia,51.5,-127.5,16.1,74.0,4.2,0.0,2.643135984083697,0.0007248675,0.0,0.0,,594,0
51_-128,2026-09-19,4,British Columbia,51.5,-127.5,14.2,75.0,6.0,0.0,3.133915198016876,0.0007248675,0.0,0.0,,600,0
51_-128,2026-09-20,5,British Columbia,51.5,-127.5,15.1,72.0,10.9,0.30000000000000004,4.376917404302314,0.0007248675,0.0,0.0,,606,0
51_-128,2026-09-21,6,British Columbia,51.5,-127.5,12.7,91.0,8.9,24.999999999999996,0.00045512744143716465,0.0006170935,0.0,0.0,,686,0
51_-128,2026-09-22,7,British Columbia,51.5,-127.5,8.7,98.0,11.6,21.1,2.9876745390377135e-08,0.00038029242,0.0,0.0,,692,0
51_-56,2026-09-15,0,Quebec,51.5,-55.5,15.507547257144868,60.59979343699675,17.78753112222251,17.456188833588694,0.20986903553986097,0.0015167142,0.0,0.0,,572,0
51_-56,2026-09-16,1,Quebec,51.5,-55.5,13.4,68.0,15.8,0.0,0.7789225030060772,0.0015167142,0.0,0.0,,558,0
51_-56,2026-09-17,2,Quebec,51.5,-55.5,14.1,59.0,24.9,0.0,4.747637941032512,0.0015167142,0.0,0.0,,553,0
51_-56,2026-09-18,3,Quebec,51.5,-55.5,10.4,73.0,13.4,0.4,2.929086290141192,0.0007248675,0.0,0.0,,595,0
51_-56,2026-09-19,4,Quebec,51.5,-55.5,7.1,74.0,44.9,4.499999999999999,3.2291068944631593,0.0007248675,0.0,0.0,,601,0
51_-56,2026-09-20,5,Quebec,51.5,-55.5,7.3,60.0,17.3,0.1,0.9252416840186889,0.0007248675,0.0,0.0,,607,0
51_-56,2026-09-21,6,Quebec,51.5,-55.5,10.7,55.0,7.4,0.0,0.9989896348629216,0.0007248675,0.0,0.0,,614,0
51_-56,2026-09-22,7,Quebec,51.5,-55.5,8.5,74.0,12.9,0.30000000000000004,2.4279072479345563,0.0007248675,0.0,0.0,,621,0
51_-57,2026-09-15,0,Quebec,51.5,-56.5,14.887659681496332,63.37545191444665,17.839910872925014,20.811352342193047,0.13324357215316532,0.0012195122,0.0,0.0,,617,0
51_-57,2026-09-16,1,Quebec,51.5,-56.5,14.5,60.0,18.5,0.0,0.9305612322742062,0.0015167142,0.0,0.0,,559,0
51_-57,2026-09-17,2,Quebec,51.5,-56.5,14.2,62.0,23.9,0.0,4.433994803090392,0.0007248675,0.0,0.0,,607,0
51_-57,2026-09-18,3,Quebec,51.5,-56.5,12.2,69.0,10.1,0.0,2.561858411420334,0.0007248675,0.0,0.0,,596,0
51_-57,2026-09-19,4,Quebec,51.5,-56.5,8.2,63.0,32.0,6.6,0.8110946227179662,0.0007248675,0.0,0.0,,602,0
51_-57,2026-09-20,5,Quebec,51.5,-56.5,7.9,55.0,11.1,0.09999999999999956,0.6411615401786255,0.0007248675,0.0,0.0,,608,0
51_-57,2026-09-21,6,Quebec,51.5,-56.5,11.0,56.0,13.6,0.0,2.1168267019395755,0.0007248675,0.0,0.0,,615,0
51_-57,2026-09-22,7,Quebec,51.5,-56.5,8.9,76.0,9.7,0.0,1.7944385563510474,0.0007248675,0.0,0.0,,622,0
51_-62,2026-09-15,0,Quebec,51.5,-61.5,15.601308237423218,50.61645924204144,7.9550323148334385,3.466280978955352,0.0,0.0020446682,0.0,0.0,,527,0
51_-62,2026-09-16,1,Quebec,51.5,-61.5,11.6,90.0,20.5,2.0,0.1791245810614309,0.0007248675,0.0,0.0,,615,0
51_-62,2026-09-17,2,Quebec,51.5,-61.5,11.1,48.0,15.9,0.3999999999999998,1.082390256319313,0.0015167142,0.0,0.0,,554,0
51_-62,2026-09-18,3,Quebec,51.5,-61.5,8.2,76.0,8.8,0.4999999999999998,0.8809471588821888,0.0007248675,0.0,0.0,,597,0
51_-62,2026-09-19,4,Quebec,51.5,-61.5,3.8,96.0,15.5,20.1,3.2564659488111035e-05,0.00038029242,0.0,0.0,,684,0
51_-62,2026-09-20,5,Quebec,51.5,-61.5,6.9,41.0,7.2,2.1999999999999993,0.0331727705465908,0.0006170935,0.0,0.0,,672,0
51_-62,2026-09-21,6,Quebec,51.5,-61.5,10.4,51.0,8.5,0.0,0.4128674087769801,0.0007248675,0.0,0.0,,616,0
51_-62,2026-09-22,7,Quebec,51.5,-61.5,6.7,64.0,13.0,0.0,0.7662030754602932,0.0007248675,0.0,0.0,,623,0
51_-64,2026-09-15,0,Quebec,51.5,-63.5,14.31223755247364,53.58745841829791,8.429248546369617,3.181759641626065,0.0,0.0034599912,0.0,0.00392156862745098,0.8822977531235665,413,0
51_-64,2026-09-16,1,Quebec,51.5,-63.5,14.1,69.0,20.5,1.3,0.6246003895865003,0.003292181,0.0,0.00392156862745098,0.8395061711780727,453,0
51_-64,2026-09-17,2,Quebec,51.5,-63.5,10.8,46.0,15.4,0.1,1.4463110137827604,0.0022243848,0.0,0.00392156862745098,0.5672181257978082,482,0
51_-64,2026-09-18,3,Quebec,51.5,-63.5,5.4,95.0,9.2,3.0,0.05394557832064835,0.0020446682,0.0,0.00392156862745098,0.5213903880212456,497,0
51_-64,2026-09-19,4,Quebec,51.5,-63.5,4.1,68.0,24.7,5.9,0.05121262708904299,0.0015167142,0.0,0.00392156862745098,0.3867621277458966,540,0
51_-64,2026-09-20,5,Quebec,51.5,-63.5,7.2,40.0,7.5,1.1,0.24419316258780954,0.0020446682,0.0,0.00392156862745098,0.5213903880212456,495,0
51_-64,2026-09-21,6,Quebec,51.5,-63.5,9.6,57.0,7.5,0.1,0.4559806079048331,0.0020446682,0.0,0.00392156862745098,0.5213903880212456,507,0
51_-64,2026-09-22,7,Quebec,51.5,-63.5,6.9,66.0,12.5,0.8,0.6901362161503306,0.0020446682,0.0,0.00392156862745098,0.5213903880212456,519,0
51_-65,2026-09-15,0,Quebec,51.5,-64.5,13.681206274075498,54.026801224084,11.187358855256413,1.7665314389161526,0.0,0.002782071,0.0,0.00392156862745098,0.7094281073659658,493,0
51_-65,2026-09-16,1,Quebec,51.5,-64.5,10.7,82.0,21.5,1.0999999999999999,0.543801477859096,0.0020446682,0.0,0.00392156862745098,0.5213903880212456,509,0
51_-65,2026-09-17,2,Quebec,51.5,-64.5,7.6,50.0,14.5,0.9000000000000001,0.7369051329403494,0.0020446682,0.0,0.00392156862745098,0.5213903880212456,506,0
51_-65,2026-09-18,3,Quebec,51.5,-64.5,2.5,98.0,13.8,3.6,0.010525221083077832,0.0015167142,0.0,0.00392156862745098,0.3867621277458966,541,0
51_-65,2026-09-19,4,Quebec,51.5,-64.5,2.3,61.0,24.3,10.600000000000001,0.012991506617385414,0.0015167142,0.0,0.00392156862745098,0.3867621277458966,541,0
51_-65,2026-09-20,5,Quebec,51.5,-64.5,3.7,55.0,13.3,0.0,0.21057398988262888,0.0015167142,0.0,0.00392156862745098,0.3867621277458966,544,0
51_-65,2026-09-21,6,Quebec,51.5,-64.5,4.9,81.0,7.9,0.4,0.25998687541270143,0.0015167142,0.0,0.00392156862745098,0.3867621277458966,560,0
51_-65,2026-09-22,7,Quebec,51.5,-64.5,4.8,66.0,13.0,0.6000000000000001,0.474726218161286,0.0015167142,0.0,0.00392156862745098,0.3867621277458966,565,0
51_-67,2026-09-15,0,Quebec,51.5,-66.5,11.30643381553136,59.241112238282426,16.788709955369054,0.16469366529627755,0.1470341840756927,0.0012195122,0.0,0.00196078431372549,0.6219512200914323,618,0
51_-67,2026-09-16,1,Quebec,51.5,-66.5,11.6,88.0,19.1,1.7,0.30828795980611395,0.0007248675,0.0,0.00196078431372549,0.3696824301732704,616,0
51_-67,2026-09-17,2,Quebec,51.5,-66.5,8.5,48.0,11.1,0.8999999999999999,0.4584955439237713,0.0007248675,0.0,0.00196078431372549,0.3696824301732704,608,0
51_-67,2026-09-18,3,Quebec,51.5,-66.5,3.9,97.0,13.2,8.3,0.00013776046374691875,0.00038029242,0.0,0.00196078431372549,0.19394913339056075,670,0
51_-67,2026-09-19,4,Quebec,51.5,-66.5,5.0,44.0,21.8,3.0999999999999996,0.08631143766115289,0.0007248675,0.0,0.00196078431372549,0.3696824301732704,603,0
51_-67,2026-09-20,5,Quebec,51.5,-66.5,3.5,75.0,14.3,0.3999999999999997,0.24139281886704014,0.00038029242,0.0,0.00196078431372549,0.19394913339056075,683,0
51_-67,2026-09-21,6,Quebec,51.5,-66.5,5.2,88.0,14.6,3.0,0.029112688843728834,0.00038029242,0.0,0.00196078431372549,0.19394913339056075,693,0
51_-67,2026-09-22,7,Quebec,51.5,-66.5,6.5,68.0,8.6,0.4999999999999997,0.16238469231908026,0.00038029242,0.0,0.00196078431372549,0.19394913339056075,693,0
51_-68,2026-09-15,0,Manitoba,51.5,-67.5,11.90826013181059,56.08467165565682,14.202080224000058,0.10019389227225395,0.49903053863873037,0.0020446682,0.0,0.00392156862745098,0.5213903880212456,528,0
51_-68,2026-09-16,1,Manitoba,51.5,-67.5,12.7,88.0,21.4,4.1,0.07906362966080029,0.0020446682,0.0,0.00392156862745098,0.5213903880212456,510,0
51_-68,2026-09-17,2,Manitoba,51.5,-67.5,8.1,49.0,8.6,0.29999999999999993,0.3099361934970113,0.0020446682,0.0,0.00392156862745098,0.5213903880212456,507,0
51_-68,2026-09-18,3,Manitoba,51.5,-67.5,4.8,94.0,6.1,6.9,0.0002450183010679077,0.0012195122,0.0,0.00392156862745098,0.31097561004571617,575,0
51_-68,2026-09-19,4,Manitoba,51.5,-67.5,5.7,41.0,18.0,2.2,0.12172493521597784,0.0015167142,0.0,0.00392156862745098,0.3867621277458966,542,0
51_-68,2026-09-20,5,Manitoba,51.5,-67.5,5.0,71.0,12.9,0.6000000000000001,0.2860064867368624,0.0007248675,0.0,0.00392156862745098,0.1848412150866352,609,0
51_-68,2026-09-21,6,Manitoba,51.5,-67.5,6.3,72.0,14.7,2.4,0.1770450109133227,0.0015167142,0.0,0.00392156862745098,0.3867621277458966,561,0
51_-68,2026-09-22,7,Manitoba,51.5,-67.5,7.7,62.0,7.6,0.30000000000000004,0.2836430888354842,0.0015167142,0.0,0.00392156862745098,0.3867621277458966,566,0
51_-69,2026-09-15,0,Quebec,51.5,-68.5,11.49522480346984,58.968520200750035,12.19532430599631,0.030975980645022414,2.0218574599022934,0.0007248675,0.0,0.0,,626,0
51_-69,2026-09-16,1,Quebec,51.5,-68.5,16.0,68.0,20.7,1.1,2.613101799709107,0.0007248675,0.0,0.0,,617,0
51_-69,2026-09-17,2,Quebec,51.5,-68.5,9.4,51.0,9.8,0.0,2.6103481065722565,0.0007248675,0.0,0.0,,609,0
51_-69,2026-09-18,3,Quebec,51.5,-68.5,7.9,75.0,22.7,8.8,0.13636698310206363,0.00038029242,0.0,0.0,,671,0
51_-69,2026-09-19,4,Quebec,51.5,-68.5,8.3,39.0,17.2,1.4000000000000001,0.6802406470360086,0.0006170935,0.0,0.0,,676,0
51_-69,2026-09-20,5,Quebec,51.5,-68.5,8.7,62.0,12.1,1.1,0.6547574788129013,0.00038029242,0.0,0.0,,684,0
51_-69,2026-09-21,6,Quebec,51.5,-68.5,8.3,65.0,15.3,5.199999999999999,0.18718928495335552,0.00038029242,0.0,0.0,,694,0
51_-69,2026-09-22,7,Quebec,51.5,-68.5,9.7,60.0,6.5,0.6,0.379022379302871,0.00038029242,0.0,0.0,,694,0
51_-70,2026-09-15,0,Quebec,51.5,-69.5,11.351684357883997,57.88140495859864,13.343304204169355,0.11567613832850257,3.8241962234166906,0.0007248675,0.0,0.0,,627,0
51_-70,2026-09-16,1,Quebec,51.5,-69.5,15.0,60.0,29.4,1.1,7.0830909265987545,0.0007248675,0.0,0.0,,618,0
51_-70,2026-09-17,2,Quebec,51.5,-69.5,8.1,56.0,8.7,0.0,3.2107040159102502,0.0007248675,0.0,0.0,,610,0
51_-70,2026-09-18,3,Quebec,51.5,-69.5,5.0,93.0,21.7,8.3,0.006730163799600739,0.00038029242,0.0,0.0,,672,0
51_-70,2026-09-19,4,Quebec,51.5,-69.5,7.6,40.0,13.8,0.8,0.45977198949484954,0.0007248675,0.0,0.0,,604,0
51_-70,2026-09-20,5,Quebec,51.5,-69.5,8.8,58.0,12.7,0.7000000000000001,0.7767460917508368,0.0007248675,0.0,0.0,,610,0
51_-70,2026-09-21,6,Quebec,51.5,-69.5,7.5,61.0,14.6,1.6,0.7868214092825713,0.0007248675,0.0,0.0,,617,0
51_-70,2026-09-22,7,Quebec,51.5,-69.5,8.6,61.0,7.3,0.2,0.8008352784600403,0.0007248675,0.0,0.0,,624,0
51_-71,2026-09-15,0,Quebec,51.5,-70.5,11.976101575661255,54.65552211831284,19.21691158101198,0.1544069087448328,5.534634493864493,0.0015167142,0.0,0.0,,573,0
51_-71,2026-09-16,1,Quebec,51.5,-70.5,13.1,64.0,28.3,3.6,2.1615436555703837,0.0015167142,0.0,0.0,,560,0
51_-71,2026-09-17,2,Quebec,51.5,-70.5,6.9,59.0,8.8,0.30000000000000004,0.7635362493389117,0.0007248675,0.0,0.0,,611,0
51_-71,2026-09-18,3,Quebec,51.5,-70.5,4.3,95.0,21.7,10.3,0.000693022998291758,0.00038029242,0.0,0.0,,673,0
51_-71,2026-09-19,4,Quebec,51.5,-70.5,5.7,53.0,8.5,0.7000000000000001,0.09108516510492275,0.00038029242,0.0,0.0,,685,0
51_-71,2026-09-20,5,Quebec,51.5,-70.5,8.4,56.0,14.9,0.8,0.5876133801630082,0.0007248675,0.0,0.0,,611,0
51_-71,2026-09-21,6,Quebec,51.5,-70.5,6.4,59.0,16.0,1.2,0.7542256557984,0.0007248675,0.0,0.0,,618,0
51_-71,2026-09-22,7,Quebec,51.5,-70.5,8.3,60.0,7.2,0.0,0.7297647025852508,0.0007248675,0.0,0.0,,625,0
51_-72,2026-09-15,0,Quebec,51.5,-71.5,11.925229570196429,56.85584282961682,23.96394005361051,0.11607576918340652,4.178868285399062,0.0034599912,0.00010140445,0.00784313725490196,0.44114887656178325,414,0
51_-72,2026-09-16,1,Quebec,51.5,-71.5,11.0,78.0,28.0,7.4,0.2677304558788603,0.0034599912,0.0,0.00784313725490196,0.44114887656178325,388,0
51_-72,2026-09-17,2,Quebec,51.5,-71.5,6.9,65.0,7.5,0.40000000000000013,0.32589226412778655,0.003292181,0.0,0.00784313725490196,0.41975308558903635,458,0
51_-72,2026-09-18,3,Quebec,51.5,-71.5,6.1,79.0,26.6,3.6999999999999997,0.22089390179483437,0.0020446682,0.0,0.00784313725490196,0.2606951940106228,498,0
51_-72,2026-09-19,4,Quebec,51.5,-71.5,6.1,54.0,6.8,1.5999999999999999,0.17946242564506465,0.0020446682,0.0,0.00784313725490196,0.2606951940106228,490,0
51_-72,2026-09-20,5,Quebec,51.5,-71.5,7.6,70.0,10.7,0.4,0.4031575405104663,0.0020446682,0.0,0.00784313725490196,0.2606951940106228,496,0
51_-72,2026-09-21,6,Quebec,51.5,-71.5,6.4,62.0,15.7,2.4000000000000004,0.3453260267915283,0.0020446682,0.0,0.00784313725490196,0.2606951940106228,508,0
51_-72,2026-09-22,7,Quebec,51.5,-71.5,7.8,66.0,6.1,0.0,0.3386056336525293,0.0022243848,0.0,0.00784313725490196,0.2836090628989041,496,0
51_-73,2026-09-15,0,Quebec,51.5,-72.5,11.845380607871705,58.03035288990508,22.465540660724876,0.0,1.7127844740479508,0.0007248675,0.0,0.0,,628,0
51_-73,2026-09-16,1,Quebec,51.5,-72.5,12.1,65.0,29.4,12.3,0.36485758528959344,0.0007248675,0.0,0.0,,619,0
51_-73,2026-09-17,2,Quebec,51.5,-72.5,6.9,74.0,6.5,0.7000000000000001,0.2542364252216979,0.0007248675,0.0,0.0,,612,0
51_-73,2026-09-18,3,Quebec,51.5,-72.5,6.6,81.0,23.4,4.300000000000001,0.09190885111446213,0.00038029242,0.0,0.0,,674,0
51_-73,2026-09-19,4,Quebec,51.5,-72.5,7.8,42.0,1.4,1.9000000000000001,0.08988195522956101,0.0007248675,0.0,0.0,,605,0
51_-73,2026-09-20,5,Quebec,51.5,-72.5,7.5,84.0,8.7,0.7000000000000001,0.22225322996418617,0.00038029242,0.0,0.0,,685,0
51_-73,2026-09-21,6,Quebec,51.5,-72.5,6.3,71.0,12.6,1.9000000000000001,0.22184374688457978,0.00038029242,0.0,0.0,,695,0
51_-73,2026-09-22,7,Quebec,51.5,-72.5,8.0,70.0,3.4,0.0,0.24412412141889767,0.00038029242,0.0,0.0,,695,0
51_-75,2026-09-15,0,Quebec,51.5,-74.5,12.351608957248638,63.68788542198278,23.21085822334636,0.0,1.9486022430229475,0.0007248675,0.0,0.0,,629,0
51_-75,2026-09-16,1,Quebec,51.5,-74.5,11.9,74.0,26.6,12.9,0.1506249466286325,0.0007248675,0.0,0.0,,620,0
51_-75,2026-09-17,2,Quebec,51.5,-74.5,9.1,60.0,7.4,0.2999999999999996,0.30245391794684995,0.0007248675,0.0,0.0,,613,0
51_-75,2026-09-18,3,Quebec,51.5,-74.5,8.3,71.0,26.4,4.9,0.24998139419952395,0.00038029242,0.0,0.0,,675,0
51_-75,2026-09-19,4,Quebec,51.5,-74.5,8.1,53.0,6.2,1.3999999999999995,0.23220905666201724,0.0007248675,0.0,0.0,,606,0
51_-75,2026-09-20,5,Quebec,51.5,-74.5,8.0,94.0,12.4,1.2999999999999996,0.1931021207343679,0.00038029242,0.0,0.0,,686,0
51_-75,2026-09-21,6,Quebec,51.5,-74.5,8.5,69.0,14.2,2.9999999999999996,0.1480817044077525,0.00038029242,0.0,0.0,,696,0
51_-75,2026-09-22,7,Quebec,51.5,-74.5,9.6,64.0,3.2,0.19999999999999957,0.2394335995511493,0.0006170935,0.0,0.0,,682,0
51_-76,2026-09-15,0,Quebec,51.5,-75.5,12.985588169149652,64.09102347305219,32.818144659831354,0.0,3.9769793918265917,0.0034599912,0.00010140445,0.0058823529411764705,0.5881985020823777,415,0
51_-76,2026-09-16,1,Quebec,51.5,-75.5,12.5,66.0,26.1,6.1000000000000005,0.5025037327168332,0.0034599912,0.0,0.0058823529411764705,0.5881985020823777,389,0
51_-76,2026-09-17,2,Quebec,51.5,-75.5,9.2,61.0,9.2,0.2,0.4247389235758572,0.002782071,0.0,0.0058823529411764705,0.47295207157731056,470,0
51_-76,2026-09-18,3,Quebec,51.5,-75.5,9.2,62.0,27.6,3.0,0.7621515824964216,0.0022243848,0.0,0.0058823529411764705,0.3781454171985388,471,0
51_-76,2026-09-19,4,Quebec,51.5,-75.5,8.2,56.0,8.6,0.6000000000000001,0.4628787847503596,0.0022243848,0.0,0.0058823529411764705,0.3781454171985388,470,0
51_-76,2026-09-20,5,Quebec,51.5,-75.5,7.9,87.0,16.6,1.9000000000000001,0.3578749183471134,0.0020446682,0.0,0.0058823529411764705,0.34759359201416373,497,0
51_-76,2026-09-21,6,Quebec,51.5,-75.5,7.8,78.0,15.5,0.6,0.5184095890137388,0.0020446682,0.0,0.0058823529411764705,0.34759359201416373,509,0
51_-76,2026-09-22,7,Quebec,51.5,-75.5,10.4,60.0,2.7,0.5,0.4097586364626906,0.0020446682,0.0,0.0058823529411764705,0.34759359201416373,520,0
51_-77,2026-09-15,0,Quebec,51.5,-76.5,12.18935634507313,69.86633550028407,22.581239318648674,0.0,2.9657522159603706,0.0015167142,0.0,0.0,,574,0
51_-77,2026-09-16,1,Quebec,51.5,-76.5,11.6,65.0,26.6,11.3,0.3501279791223096,0.0015167142,0.0,0.0,,561,0
51_-77,2026-09-17,2,Quebec,51.5,-76.5,9.9,60.0,11.3,0.5,0.509467475676223,0.0007248675,0.0,0.0,,614,0
51_-77,2026-09-18,3,Quebec,51.5,-76.5,9.6,61.0,28.6,2.7,0.9661490192914899,0.0007248675,0.0,0.0,,598,0
51_-77,2026-09-19,4,Quebec,51.5,-76.5,8.2,57.0,8.8,0.0,0.5788958978856321,0.0007248675,0.0,0.0,,607,0
51_-77,2026-09-20,5,Quebec,51.5,-76.5,7.6,79.0,19.5,1.0,0.8931932180017247,0.0006170935,0.0,0.0,,673,0
51_-77,2026-09-21,6,Quebec,51.5,-76.5,7.8,76.0,14.9,0.39999999999999997,0.919599775151953,0.0006170935,0.0,0.0,,687,0
51_-77,2026-09-22,7,Quebec,51.5,-76.5,9.8,62.0,4.5,0.19999999999999996,0.808576403354518,0.0007248675,0.0,0.0,,626,0
51_-78,2026-09-15,0,Manitoba,51.5,-77.5,12.493989234750705,76.67462229776766,28.55004991142505,0.0,3.0462302120981533,0.0015167142,0.0,0.00196078431372549,0.7735242554917932,575,0
51_-78,2026-09-16,1,Manitoba,51.5,-77.5,10.4,71.0,25.1,6.0,0.3335305520458953,0.0015167142,0.0,0.00196078431372549,0.7735242554917932,562,0
51_-78,2026-09-17,2,Manitoba,51.5,-77.5,10.4,66.0,10.4,0.29999999999999993,0.4418461368377428,0.0015167142,0.0,0.00196078431372549,0.7735242554917932,555,0
51_-78,2026-09-18,3,Manitoba,51.5,-77.5,9.9,61.0,26.2,4.1,0.5724947656565295,0.0015167142,0.0,0.00196078431372549,0.7735242554917932,542,0
51_-78,2026-09-19,4,Manitoba,51.5,-77.5,9.6,57.0,9.6,0.0,0.49538038925012556,0.0015167142,0.0,0.00196078431372549,0.7735242554917932,543,0
51_-78,2026-09-20,5,Manitoba,51.5,-77.5,8.6,67.0,20.4,0.8,1.387963712070481,0.0015167142,0.0,0.00196078431372549,0.7735242554917932,545,0
51_-78,2026-09-21,6,Manitoba,51.5,-77.5,8.5,72.0,13.3,0.1,1.1525670643817039,0.0015167142,0.0,0.00196078431372549,0.7735242554917932,562,0
51_-78,2026-09-22,7,Manitoba,51.5,-77.5,10.7,60.0,3.2,0.2,0.8966968275239376,0.0015167142,0.0,0.00196078431372549,0.7735242554917932,567,0
51_-86,2026-09-15,0,Ontario,51.5,-85.5,15.281474323526417,84.5123504509824,14.587996963249518,4.219297579659982,0.2,0.005107495,0.00016979082,0.00980392156862745,0.520964490249753,319,0
51_-86,2026-09-16,1,Ontario,51.5,-85.5,9.3,62.0,13.8,0.0,0.6651483898400824,0.0034599912,0.00016979082,0.00980392156862745,0.3529191012494266,390,0
51_-86,2026-09-17,2,Ontario,51.5,-85.5,11.3,69.0,20.5,1.9,0.8372475594093595,0.0034599912,0.00013172916,0.00980392156862745,0.3529191012494266,382,0
51_-86,2026-09-18,3,Ontario,51.5,-85.5,8.7,44.0,6.9,0.0,0.7948477725687505,0.0034599912,0.00013172916,0.00980392156862745,0.3529191012494266,376,0
51_-86,2026-09-19,4,Ontario,51.5,-85.5,10.7,49.0,11.3,0.0,3.2749573522249102,0.0039100684,0.00016979082,0.00980392156862745,0.3988269791007042,343,0
51_-86,2026-09-20,5,Ontario,51.5,-85.5,8.0,54.0,14.1,0.7,3.641742878541017,0.003771806,0.00016979082,0.00980392156862745,0.38472420210018754,351,0
51_-86,2026-09-21,6,Ontario,51.5,-85.5,12.7,41.0,11.2,0.0,5.908472619447898,0.00510037,0.00016979082,0.00980392156862745,0.5202377317473292,337,0
51_-86,2026-09-22,7,Ontario,51.5,-85.5,15.6,39.0,10.3,0.0,8.02025317319038,0.008237548,0.00036769436,0.00980392156862745,0.8402299135923386,275,0
51_-87,2026-09-15,0,Ontario,51.5,-86.5,15.231162100583797,84.54589193294413,14.826980022226953,4.27170614522521,0.19999999999999998,0.0015167142,0.0,0.0,,576,0
51_-87,2026-09-16,1,Ontario,51.5,-86.5,9.1,62.0,10.2,0.0,0.5528124178180546,0.0015167142,0.0,0.0,,563,0
51_-87,2026-09-17,2,Ontario,51.5,-86.5,11.3,67.0,25.2,4.7,0.5447533089705422,0.0007248675,0.0,0.0,,615,0
51_-87,2026-09-18,3,Ontario,51.5,-86.5,9.3,42.0,5.0,0.0,0.4741520871300232,0.0007248675,0.0,0.0,,599,0
51_-87,2026-09-19,4,Ontario,51.5,-86.5,9.9,55.0,10.0,0.0,1.431114040129914,0.0007248675,0.0,0.0,,608,0
51_-87,2026-09-20,5,Ontario,51.5,-86.5,8.4,49.0,14.3,0.4,4.025237925302559,0.0015167142,0.0,0.0,,546,0
51_-87,2026-09-21,6,Ontario,51.5,-86.5,12.9,39.0,10.7,0.0,5.951685184072984,0.0020446682,0.0,0.0,,510,0
51_-87,2026-09-22,7,Ontario,51.5,-86.5,15.8,38.0,12.7,0.0,8.942639078788446,0.0034599912,0.00010140445,0.0,,405,0
51_-88,2026-09-15,0,Ontario,51.5,-87.5,14.913584938266183,84.75761004115586,16.335471543235624,4.602515689306058,0.2,0.00510037,0.0,0.0058823529411764705,0.8670628862455487,351,0
51_-88,2026-09-16,1,Ontario,51.5,-87.5,8.5,66.0,9.8,0.0,0.5958773216008537,0.0034599912,0.0,0.0058823529411764705,0.5881985020823777,391,0
51_-88,2026-09-17,2,Ontario,51.5,-87.5,10.3,67.0,22.4,3.4000000000000004,0.6631752999542965,0.0034599912,0.0,0.0058823529411764705,0.5881985020823777,383,0
51_-88,2026-09-18,3,Ontario,51.5,-87.5,9.4,44.0,4.1,0.0,0.5420905290731647,0.0034599912,0.0,0.0058823529411764705,0.5881985020823777,377,0
51_-88,2026-09-19,4,Ontario,51.5,-87.5,7.4,75.0,5.8,0.1,0.7274505012021867,0.003292181,0.0,0.0058823529411764705,0.5596707807853818,439,0
51_-88,2026-09-20,5,Ontario,51.5,-87.5,8.4,51.0,13.2,0.6000000000000001,2.8915168666346145,0.0034599912,0.0,0.0058823529411764705,0.5881985020823777,382,0
51_-88,2026-09-21,6,Ontario,51.5,-87.5,12.6,41.0,10.5,0.0,5.375096519027774,0.0034599912,0.0,0.0058823529411764705,0.5881985020823777,398,0
51_-88,2026-09-22,7,Ontario,51.5,-87.5,14.7,32.0,12.9,0.0,10.017917154069295,0.006459243,0.00013172916,0.0058823529411764705,1.098071332089603,300,0
51_-89,2026-09-15,0,Ontario,51.5,-88.5,13.916934779270765,83.1772565143957,23.56231741778528,12.577345685219443,0.30440869609723165,0.00510037,0.0,0.0058823529411764705,0.8670628862455487,352,0
51_-89,2026-09-16,1,Ontario,51.5,-88.5,7.7,70.0,9.3,0.0,0.5057027699019248,0.0034599912,0.0,0.0058823529411764705,0.5881985020823777,392,0
51_-89,2026-09-17,2,Ontario,51.5,-88.5,10.2,65.0,21.1,2.6,0.7670237146858446,0.0034599912,0.0,0.0058823529411764705,0.5881985020823777,384,0
51_-89,2026-09-18,3,Ontario,51.5,-88.5,9.5,45.0,6.5,0.0,0.7070832123316482,0.0034599912,0.0,0.0058823529411764705,0.5881985020823777,378,0
51_-89,2026-09-19,4,Ontario,51.5,-88.5,8.1,75.0,11.0,0.1999999999999998,1.444384825068092,0.0034599912,0.0,0.0058823529411764705,0.5881985020823777,374,0
51_-89,2026-09-20,5,Ontario,51.5,-88.5,8.7,53.0,10.1,0.6999999999999997,2.180388356321134,0.0034599912,0.0,0.0058823529411764705,0.5881985020823777,383,0
51_-89,2026-09-21,6,Ontario,51.5,-88.5,13.1,41.0,10.4,0.0,5.38588728176037,0.003771806,0.0,0.0058823529411764705,0.6412070035003126,365,0
51_-89,2026-09-22,7,Ontario,51.5,-88.5,14.9,38.0,12.9,0.0,9.043575791266608,0.006459243,0.00013172916,0.0058823529411764705,1.098071332089603,301,0
51_-90,2026-09-15,0,Ontario,51.5,-89.5,12.730359475089076,80.56679084519597,32.97581483096,24.32444119661814,0.4626187366547898,0.0034599912,0.0,0.0058823529411764705,0.5881985020823777,416,0
51_-90,2026-09-16,1,Ontario,51.5,-89.5,6.8,72.0,7.2,0.0,0.3132584497072045,0.0034599912,0.0,0.0058823529411764705,0.5881985020823777,393,0
51_-90,2026-09-17,2,Ontario,51.5,-89.5,9.3,63.0,22.0,0.4,1.8154883802475927,0.003292181,0.0,0.0058823529411764705,0.5596707807853818,459,0
51_-90,2026-09-18,3,Ontario,51.5,-89.5,9.3,46.0,9.4,0.0,2.0466553443769864,0.003292181,0.0,0.0058823529411764705,0.5596707807853818,442,0
51_-90,2026-09-19,4,Ontario,51.5,-89.5,7.3,93.0,14.0,1.3,0.7237337862500551,0.0020446682,0.0,0.0058823529411764705,0.34759359201416373,491,0
51_-90,2026-09-20,5,Ontario,51.5,-89.5,8.5,51.0,7.7,0.5,0.876624160099675,0.0022243848,0.0,0.0058823529411764705,0.3781454171985388,470,0
51_-90,2026-09-21,6,Ontario,51.5,-89.5,12.8,39.0,10.9,0.0,4.703523381397582,0.0034599912,0.0,0.0058823529411764705,0.5881985020823777,399,0
51_-90,2026-09-22,7,Ontario,51.5,-89.5,14.2,36.0,13.2,0.0,8.70323092094907,0.00510037,0.00013172916,0.0058823529411764705,0.8670628862455487,355,0
51_-91,2026-09-15,0,Ontario,51.5,-90.5,12.455647909958456,79.98788123056318,34.9663882015832,26.83536067960311,0.5077379084004776,0.009803922,0.00019753922,0.021568627450980392,0.4545454706319354,193,0
51_-91,2026-09-16,1,Ontario,51.5,-90.5,7.7,72.0,8.1,0.0,0.3190365244442881,0.008237548,0.00019753922,0.021568627450980392,0.3819226879965175,239,0
51_-91,2026-09-17,2,Ontario,51.5,-90.5,9.0,56.0,20.7,0.0,1.701485184017518,0.0085633695,0.00016979082,0.021568627450980392,0.39702895012768835,225,0
51_-91,2026-09-18,3,Ontario,51.5,-90.5,11.4,38.0,11.2,0.0,3.4365822830466812,0.008910148,0.00019753922,0.021568627450980392,0.4131068805740638,215,0
51_-91,2026-09-19,4,Ontario,51.5,-90.5,9.1,97.0,11.0,4.8,0.009718942269049624,0.006459243,0.00016979082,0.021568627450980392,0.2994739996608008,277,0
51_-91,2026-09-20,5,Ontario,51.5,-90.5,10.7,44.0,5.7,0.0,0.3115051841992418,0.008237548,0.00019393266,0.021568627450980392,0.3819226879965175,253,0
51_-91,2026-09-21,6,Ontario,51.5,-90.5,14.2,35.0,12.6,0.0,2.3181941763590053,0.01158889,0.00036769436,0.021568627450980392,0.5373030867088925,191,0
51_-91,2026-09-22,7,Ontario,51.5,-90.5,15.3,35.0,13.8,0.0,7.283943053831503,0.021778585,0.00036769436,0.021568627450980392,1.0097344135018913,132,0
51_-92,2026-09-15,0,Ontario,51.5,-91.5,12.254814356958637,79.10977433673247,32.911194349552964,23.367405404802547,0.41372507157976723,0.0085633695,0.00019753922,0.03137254901960784,0.2729574032127857,227,0
51_-92,2026-09-16,1,Ontario,51.5,-91.5,7.2,79.0,7.8,0.0,0.26073334910409984,0.008237548,0.00019753922,0.03137254901960784,0.2625718479976058,240,0
51_-92,2026-09-17,2,Ontario,51.5,-91.5,8.2,62.0,18.1,0.4,0.8868937742752934,0.006459243,0.00016979082,0.03137254901960784,0.20588837476680055,267,0
51_-92,2026-09-18,3,Ontario,51.5,-91.5,11.5,40.0,11.7,0.0,2.800033032158353,0.0085633695,0.00019753922,0.03137254901960784,0.2729574032127857,226,0
51_-92,2026-09-19,4,Ontario,51.5,-91.5,10.7,98.0,8.9,6.2,0.0014936442914810152,0.006459243,0.00016979082,0.03137254901960784,0.20588837476680055,278,0
51_-92,2026-09-20,5,Ontario,51.5,-91.5,10.2,51.0,6.1,0.4,0.18768283612123038,0.006459243,0.00016979082,0.03137254901960784,0.20588837476680055,275,0
51_-92,2026-09-21,6,Ontario,51.5,-91.5,14.1,40.0,11.6,0.0,0.9274780316231523,0.008910148,0.00019753922,0.03137254901960784,0.2840109803946689,229,0
51_-92,2026-09-22,7,Ontario,51.5,-91.5,15.3,44.0,13.6,0.0,4.905680563498758,0.013233952,0.00036769436,0.03137254901960784,0.42183222714811563,175,0
51_-93,2026-09-15,0,Ontario,51.5,-92.5,12.150792386123102,76.86616052970865,29.1826169539695,18.53236618152822,0.2985981711794265,0.008237548,0.00016979082,0.0196078431372549,0.4201149567961693,246,0
51_-93,2026-09-16,1,Ontario,51.5,-92.5,6.8,80.0,6.0,0.4,0.220517542284666,0.006459243,0.00016979082,0.0196078431372549,0.3294213996268809,267,0
51_-93,2026-09-17,2,Ontario,51.5,-92.5,8.2,64.0,16.3,0.8,0.72245539855597,0.005107495,0.00016979082,0.0196078431372549,0.2604822451248765,299,0
51_-93,2026-09-18,3,Ontario,51.5,-92.5,11.5,41.0,13.2,0.0,2.535617507263479,0.006459243,0.00016979082,0.0196078431372549,0.3294213996268809,270,0
51_-93,2026-09-19,4,Ontario,51.5,-92.5,11.6,98.0,8.5,2.8000000000000003,0.07263727146000484,0.005107495,0.00013172916,0.0196078431372549,0.2604822451248765,302,0
51_-93,2026-09-20,5,Ontario,51.5,-92.5,10.8,45.0,7.5,0.2,0.48487482359448253,0.005107495,0.00016979082,0.0196078431372549,0.2604822451248765,302,0
51_-93,2026-09-21,6,Ontario,51.5,-92.5,14.3,44.0,11.3,0.0,2.487606181928996,0.006459243,0.00016979082,0.0196078431372549,0.3294213996268809,286,0
51_-93,2026-09-22,7,Ontario,51.5,-92.5,15.3,44.0,14.6,0.0,6.595638623247616,0.01158889,0.00019753922,0.0196078431372549,0.5910333953797817,202,0
51_-94,2026-09-15,0,Ontario,51.5,-93.5,11.962831837591107,84.0537186162985,17.106127889436532,20.147979007157964,0.083519679027211,0.009431681,0.00036769436,0.029411764705882353,0.32067714259028435,196,0
51_-94,2026-09-16,1,Ontario,51.5,-93.5,8.3,78.0,5.6,0.0,0.08010138512325901,0.008910148,0.00036769436,0.029411764705882353,0.30294504575431347,201,0
51_-94,2026-09-17,2,Ontario,51.5,-93.5,8.9,57.0,14.3,0.4,0.689011626128351,0.008237548,0.00036769436,0.029411764705882353,0.28007663786411285,242,0
51_-94,2026-09-18,3,Ontario,51.5,-93.5,12.0,43.0,14.7,0.0,2.8848524447264077,0.008910148,0.00019753922,0.029411764705882353,0.30294504575431347,216,0
51_-94,2026-09-19,4,Ontario,51.5,-93.5,11.9,97.0,8.1,2.3,0.17393220718858451,0.008237548,0.00019753922,0.029411764705882353,0.28007663786411285,251,0
51_-94,2026-09-20,5,Ontario,51.5,-93.5,11.3,42.0,8.8,0.1,0.6866969706465808,0.0085633695,0.00019753922,0.029411764705882353,0.29115456342697144,234,0
51_-94,2026-09-21,6,Ontario,51.5,-93.5,14.6,47.0,12.0,0.0,3.542268378575524,0.008910148,0.00019753922,0.029411764705882353,0.30294504575431347,230,0
51_-94,2026-09-22,7,Ontario,51.5,-93.5,15.0,47.0,16.3,0.0,7.541054968060193,0.01158889,0.00036769436,0.029411764705882353,0.39402226358652115,203,0
51_-95,2026-09-15,0,Ontario,51.5,-94.5,11.586376535792654,91.29962417335734,13.74827152854989,23.540718015147235,0.0,0.01158889,0.00036769436,0.025490196078431372,0.45464107336906284,170,0
51_-95,2026-09-16,1,Ontario,51.5,-94.5,9.0,76.0,7.6,0.0,0.0448234841147511,0.008910148,0.00036769436,0.025490196078431372,0.3495519758703617,202,0
51_-95,2026-09-17,2,Ontario,51.5,-94.5,9.5,56.0,11.5,0.8,0.5322634750085655,0.008237548,0.00036769436,0.025490196078431372,0.3231653513816687,243,0
51_-95,2026-09-18,3,Ontario,51.5,-94.5,13.5,36.0,14.5,0.0,3.247689648661232,0.01158889,0.00019753922,0.025490196078431372,0.45464107336906284,178,0
51_-95,2026-09-19,4,Ontario,51.5,-94.5,12.9,93.0,8.8,1.7,0.48654646123515943,0.006459243,0.00019753922,0.025490196078431372,0.2534010766360622,279,0
51_-95,2026-09-20,5,Ontario,51.5,-94.5,12.1,38.0,11.0,0.0,2.11373879145172,0.008910148,0.00019753922,0.025490196078431372,0.3495519758703617,222,0
51_-95,2026-09-21,6,Ontario,51.5,-94.5,15.6,45.0,12.1,0.0,5.9093530257641165,0.01158889,0.00036769436,0.025490196078431372,0.45464107336906284,192,0
51_-95,2026-09-22,7,Ontario,51.5,-94.5,15.7,51.0,17.9,0.0,9.324451447099941,0.013666987,0.00036769436,0.025490196078431372,0.5361664295196533,172,0
51_-96,2026-09-15,0,Manitoba,51.5,-95.5,11.35237340801646,92.59031963694503,19.092557664335143,23.159712736813326,0.0,0.008910148,0.00036769436,0.01568627450980392,0.5680219607893378,207,0
51_-96,2026-09-16,1,Manitoba,51.5,-95.5,10.3,70.0,10.7,0.4,0.15358699639277243,0.006459243,0.00036769436,0.01568627450980392,0.4117767495336011,268,0
51_-96,2026-09-17,2,Manitoba,51.5,-95.5,10.7,58.0,7.6,1.6,0.3993527297940756,0.006459243,0.00019753922,0.01568627450980392,0.4117767495336011,268,0
51_-96,2026-09-18,3,Manitoba,51.5,-95.5,14.3,40.0,14.5,0.0,2.871870431566286,0.008237548,0.00019753922,0.01568627450980392,0.5251436959952116,240,0
51_-96,2026-09-19,4,Manitoba,51.5,-95.5,13.3,93.0,8.7,1.9000000000000001,0.4152411599658798,0.006459243,0.00019753922,0.01568627450980392,0.4117767495336011,280,0
51_-96,2026-09-20,5,Manitoba,51.5,-95.5,13.1,42.0,11.3,0.1,1.8149199235205353,0.006459243,0.00019753922,0.01568627450980392,0.4117767495336011,276,0
51_-96,2026-09-21,6,Manitoba,51.5,-95.5,16.0,48.0,12.7,0.0,5.554243912158568,0.008237548,0.00019753922,0.01568627450980392,0.5251436959952116,255,0
51_-96,2026-09-22,7,Manitoba,51.5,-95.5,16.4,57.0,18.1,0.0,8.43510833170068,0.0085633695,0.00036769436,0.01568627450980392,0.5459148064255714,253,0
51_-97,2026-09-15,0,Manitoba,51.5,-96.5,12.064581366602573,80.71452243087813,14.38240180375282,22.344273656936018,0.006551647323161919,0.0034599912,0.00019753922,0.00392156862745098,0.8822977531235665,417,0
51_-97,2026-09-16,1,Manitoba,51.5,-96.5,11.1,67.0,13.0,0.0,0.32986416710968514,0.0034599912,0.00019753922,0.00392156862745098,0.8822977531235665,394,0
51_-97,2026-09-17,2,Manitoba,51.5,-96.5,11.0,69.0,4.8,1.5,0.2917704279047763,0.0034599912,0.00016979082,0.00392156862745098,0.8822977531235665,385,0
51_-97,2026-09-18,3,Manitoba,51.5,-96.5,14.6,45.0,14.4,0.0,2.1007178966730624,0.0034599912,0.00013172916,0.00392156862745098,0.8822977531235665,379,0
51_-97,2026-09-19,4,Manitoba,51.5,-96.5,15.5,79.0,12.7,3.4,0.36587746239993413,0.0034599912,0.00010140445,0.00392156862745098,0.8822977531235665,375,0
51_-97,2026-09-20,5,Manitoba,51.5,-96.5,13.7,46.0,9.7,0.0,0.8527217626771595,0.0034599912,0.00013172916,0.00392156862745098,0.8822977531235665,384,0
51_-97,2026-09-21,6,Manitoba,51.5,-96.5,15.4,60.0,14.4,0.0,3.6740253867797983,0.0034599912,0.00013172916,0.00392156862745098,0.8822977531235665,400,0
51_-97,2026-09-22,7,Manitoba,51.5,-96.5,15.2,70.0,20.2,0.0,5.774453959860642,0.0034599912,0.00013172916,0.00392156862745098,0.8822977531235665,406,0
51_-98,2026-09-15,0,Manitoba,51.5,-97.5,12.137937835169705,78.59425253086822,13.063514277322614,23.66815976895256,0.07002707381350691,0.008237548,0.00036769436,0.013725490196078431,0.6001642239945275,247,0
51_-98,2026-09-16,1,Manitoba,51.5,-97.5,11.8,67.0,14.9,0.0,0.6595107159421139,0.006459243,0.00036769436,0.013725490196078431,0.4706019994669727,269,0
51_-98,2026-09-17,2,Manitoba,51.5,-97.5,12.4,62.0,5.6,1.2000000000000002,0.6052265948543888,0.00510037,0.00016979082,0.013725490196078431,0.3715983798195209,327,0
51_-98,2026-09-18,3,Manitoba,51.5,-97.5,16.1,47.0,15.4,0.0,4.728235282953693,0.006459243,0.00019753922,0.013725490196078431,0.4706019994669727,271,0
51_-98,2026-09-19,4,Manitoba,51.5,-97.5,15.4,77.0,13.0,3.8000000000000003,0.5049390676288795,0.005107495,0.00016979082,0.013725490196078431,0.37211749303553787,303,0
51_-98,2026-09-20,5,Manitoba,51.5,-97.5,14.1,49.0,8.4,0.0,0.9818514370053012,0.005107495,0.00016979082,0.013725490196078431,0.37211749303553787,303,0
51_-98,2026-09-21,6,Manitoba,51.5,-97.5,17.1,49.0,13.0,0.0,5.650887656109983,0.006459243,0.00019753922,0.013725490196078431,0.4706019994669727,287,0
51_-98,2026-09-22,7,Manitoba,51.5,-97.5,18.0,61.0,16.9,0.0,8.03141394230438,0.008237548,0.00036769436,0.013725490196078431,0.6001642239945275,276,0
51_-99,2026-09-15,0,Manitoba,51.5,-98.5,11.991393610609276,75.08623743272192,17.362272765443784,20.88707693176774,0.14681131110822043,0.005107495,0.00019753922,0.00784313725490196,0.6512056128121912,320,0
51_-99,2026-09-16,1,Manitoba,51.5,-98.5,11.4,75.0,16.9,0.0,0.7623020186306266,0.00510037,0.00019753922,0.00784313725490196,0.6502971646841615,332,0
51_-99,2026-09-17,2,Manitoba,51.5,-98.5,12.5,72.0,2.2,0.8,0.49560734194529105,0.0034599912,0.00016979082,0.00784313725490196,0.44114887656178325,386,0
51_-99,2026-09-18,3,Manitoba,51.5,-98.5,14.4,52.0,19.4,0.0,4.879801638066363,0.0034599912,0.00016979082,0.00784313725490196,0.44114887656178325,380,0
51_-99,2026-09-19,4,Manitoba,51.5,-98.5,14.1,85.0,18.2,5.3,0.21762104148834668,0.0034599912,0.00013172916,0.00784313725490196,0.44114887656178325,376,0
51_-99,2026-09-20,5,Manitoba,51.5,-98.5,14.9,54.0,11.2,0.0,0.8409631860308894,0.005013177,0.00013172916,0.00784313725490196,0.6391800893470645,346,0
51_-99,2026-09-21,6,Manitoba,51.5,-98.5,17.8,56.0,18.7,0.0,5.501399708889474,0.00510037,0.00016979082,0.00784313725490196,0.6502971646841615,338,0
51_-99,2026-09-22,7,Manitoba,51.5,-98.5,18.1,67.0,21.3,0.0,7.781800771393663,0.00510037,0.00019753922,0.00784313725490196,0.6502971646841615,356,0
52_-100,2026-09-15,0,Manitoba,52.5,-99.5,10.280639400536842,73.42559796662485,18.526160853690342,15.578291315480145,0.10150670279436405,0.0015167142,0.0,0.0,,577,0
52_-100,2026-09-16,1,Manitoba,52.5,-99.5,12.6,67.0,14.7,0.0,0.7400010258098653,0.0015167142,0.0,0.0,,564,0
52_-100,2026-09-17,2,Manitoba,52.5,-99.5,12.3,66.0,7.7,0.0,0.8029315411834931,0.0015167142,0.0,0.0,,556,0
52_-100,2026-09-18,3,Manitoba,52.5,-99.5,15.5,58.0,18.8,0.0,5.386789703556132,0.0015167142,0.0,0.0,,543,0
52_-100,2026-09-19,4,Manitoba,52.5,-99.5,14.9,59.0,12.3,0.0,5.322033868609814,0.0015167142,0.0,0.0,,544,0
52_-100,2026-09-20,5,Manitoba,52.5,-99.5,14.2,64.0,11.5,0.0,5.438605275036477,0.0015167142,0.0,0.0,,547,0
52_-100,2026-09-21,6,Manitoba,52.5,-99.5,18.4,61.0,15.8,0.0,7.863806769690966,0.0015167142,0.0,0.0,,563,0
52_-100,2026-09-22,7,Manitoba,52.5,-99.5,18.8,56.0,16.7,0.0,9.714869242257446,0.0020446682,0.0,0.0,,521,0
52_-101,2026-09-15,0,Manitoba,52.5,-100.5,11.97312830730778,56.51961683506042,11.168967972096686,26.03850609926734,0.11398701319721191,0.0015167142,0.0,0.0,,578,0
52_-101,2026-09-16,1,Manitoba,52.5,-100.5,13.2,69.0,16.0,0.0,0.7366259226286693,0.0015167142,0.0,0.0,,565,0
52_-101,2026-09-17,2,Manitoba,52.5,-100.5,12.8,68.0,10.9,0.0,0.881795012729301,0.0007248675,0.0,0.0,,616,0
52_-101,2026-09-18,3,Manitoba,52.5,-100.5,14.0,63.0,16.5,0.0,3.6470716940015464,0.0007248675,0.0,0.0,,600,0
52_-101,2026-09-19,4,Manitoba,52.5,-100.5,14.2,56.0,13.7,0.0,4.958872220999523,0.0007248675,0.0,0.0,,609,0
52_-101,2026-09-20,5,Manitoba,52.5,-100.5,14.1,61.0,12.1,0.0,5.051021148181472,0.0015167142,0.0,0.0,,548,0
52_-101,2026-09-21,6,Manitoba,52.5,-100.5,19.3,64.0,11.3,0.0,5.421716937252251,0.0015167142,0.0,0.0,,564,0
52_-101,2026-09-22,7,Manitoba,52.5,-100.5,19.7,56.0,11.2,0.0,6.757434898525201,0.0020446682,0.00010140445,0.0,,522,0
52_-102,2026-09-15,0,Saskatchewan,52.5,-101.5,7.216037035422519,76.67221555060851,13.191253119350769,27.25888934554485,0.0016956777578386898,0.002782071,0.00010140445,0.00392156862745098,0.7094281073659658,494,0
52_-102,2026-09-16,1,Saskatchewan,52.5,-101.5,10.9,71.0,17.9,0.0,0.3514556655928719,0.002782071,0.00010140445,0.00392156862745098,0.7094281073659658,472,0
52_-102,2026-09-17,2,Saskatchewan,52.5,-101.5,12.0,65.0,13.2,0.0,0.6215790278242216,0.0034599912,0.00010140445,0.00392156862745098,0.8822977531235665,387,0
52_-102,2026-09-18,3,Saskatchewan,52.5,-101.5,14.6,63.0,14.5,0.0,1.8427444766186005,0.003292181,0.00010140445,0.00392156862745098,0.8395061711780727,443,0
52_-102,2026-09-19,4,Saskatchewan,52.5,-101.5,12.1,63.0,10.7,0.0,2.3422002879879926,0.002782071,0.00010140445,0.00392156862745098,0.7094281073659658,455,0
52_-102,2026-09-20,5,Saskatchewan,52.5,-101.5,12.4,54.0,10.4,0.0,3.560862996588063,0.003292181,0.00013172916,0.00392156862745098,0.8395061711780727,447,0
52_-102,2026-09-21,6,Saskatchewan,52.5,-101.5,16.3,74.0,17.4,0.0,5.32558161079713,0.003292181,0.00013172916,0.00392156862745098,0.8395061711780727,467,0
52_-102,2026-09-22,7,Saskatchewan,52.5,-101.5,16.8,63.0,18.9,0.0,6.459465652513527,0.0034599912,0.00016979082,0.00392156862745098,0.8822977531235665,407,0
52_-103,2026-09-15,0,Saskatchewan,52.5,-102.5,10.463892283456953,60.62422401354704,11.633926720583673,24.412027314360653,0.17370717856794302,0.00510037,0.00016979082,0.00784313725490196,0.6502971646841615,353,0
52_-103,2026-09-16,1,Saskatchewan,52.5,-102.5,14.1,56.0,17.4,0.0,0.8982234434518805,0.00510037,0.00016979082,0.00784313725490196,0.6502971646841615,333,0
52_-103,2026-09-17,2,Saskatchewan,52.5,-102.5,16.4,53.0,15.1,0.0,3.3932654682303554,0.00510037,0.00016979082,0.00784313725490196,0.6502971646841615,328,0
52_-103,2026-09-18,3,Saskatchewan,52.5,-102.5,12.9,73.0,9.0,0.0,2.662270369629055,0.00510037,0.00016979082,0.00784313725490196,0.6502971646841615,321,0
52_-103,2026-09-19,4,Saskatchewan,52.5,-102.5,14.0,57.0,12.3,0.0,4.934026926574383,0.00510037,0.00016979082,0.00784313725490196,0.6502971646841615,329,0
52_-103,2026-09-20,5,Saskatchewan,52.5,-102.5,15.8,54.0,12.3,0.0,6.403946073459162,0.005107495,0.00016979082,0.00784313725490196,0.6512056128121912,304,0
52_-103,2026-09-21,6,Saskatchewan,52.5,-102.5,20.0,59.0,18.1,0.0,9.26130188690118,0.006459243,0.00019753922,0.00784313725490196,0.8235534990672022,288,0
52_-103,2026-09-22,7,Saskatchewan,52.5,-102.5,19.9,58.0,15.7,0.30000000000000004,9.072238220176349,0.008237548,0.00019753922,0.00784313725490196,1.0502873919904232,277,0
52_-104,2026-09-15,0,Saskatchewan,52.5,-103.5,9.713386890111321,60.95047005961903,10.18689012792254,15.472507868217251,0.004298606330939988,0.0022243848,0.0,0.0,,508,0
52_-104,2026-09-16,1,Saskatchewan,52.5,-103.5,13.5,63.0,17.9,0.0,0.8062593677992271,0.0020446682,0.0,0.0,,511,0
52_-104,2026-09-17,2,Saskatchewan,52.5,-103.5,15.4,62.0,20.2,0.0,3.167996863360111,0.0020446682,0.0,0.0,,508,0
52_-104,2026-09-18,3,Saskatchewan,52.5,-103.5,13.8,73.0,9.0,0.0,2.0584752869213827,0.0020446682,0.0,0.0,,499,0
52_-104,2026-09-19,4,Saskatchewan,52.5,-103.5,14.1,60.0,14.8,0.0,4.800407316661721,0.0020446682,0.0,0.0,,492,0
52_-104,2026-09-20,5,Saskatchewan,52.5,-103.5,16.0,64.0,14.8,0.0,5.568940040395555,0.0020446682,0.0,0.0,,498,0
52_-104,2026-09-21,6,Saskatchewan,52.5,-103.5,19.9,60.0,22.0,0.0,9.70131561782266,0.0022243848,0.00010140445,0.0,,486,0
52_-104,2026-09-22,7,Saskatchewan,52.5,-103.5,19.6,60.0,16.5,0.0,8.336608050420757,0.0034599912,0.00010140445,0.0,,408,0
52_-106,2026-09-15,0,Saskatchewan,52.5,-105.5,10.46869436488721,63.32685253080615,14.804029671165715,5.756865573244269,0.6960146818160634,0.0015167142,0.0,0.0,,579,0
52_-106,2026-09-16,1,Saskatchewan,52.5,-105.5,13.8,57.0,17.8,0.0,1.0820058665050507,0.0015167142,0.0,0.0,,566,0
52_-106,2026-09-17,2,Saskatchewan,52.5,-105.5,16.9,59.0,18.0,1.1,2.681420178339871,0.0015167142,0.0,0.0,,557,0
52_-106,2026-09-18,3,Saskatchewan,52.5,-105.5,17.5,66.0,7.4,0.0,2.4758932590826404,0.0007248675,0.0,0.0,,601,0
52_-106,2026-09-19,4,Saskatchewan,52.5,-105.5,16.9,51.0,7.5,0.0,4.637033760244095,0.0015167142,0.0,0.0,,545,0
52_-106,2026-09-20,5,Saskatchewan,52.5,-105.5,16.4,69.0,13.9,0.0,6.591112372155798,0.0007248675,0.0,0.0,,612,0
52_-106,2026-09-21,6,Saskatchewan,52.5,-105.5,18.2,71.0,17.3,0.0,7.9641730780145625,0.0007248675,0.0,0.0,,619,0
52_-106,2026-09-22,7,Saskatchewan,52.5,-105.5,18.5,66.0,27.4,0.0,12.839220615624772,0.0015167142,0.00010140445,0.0,,568,0
52_-107,2026-09-15,0,Saskatchewan,52.5,-106.5,10.696174956217146,65.24479787056131,8.893285301982791,2.6659179740615153,0.2986226268367695,0.0020446682,0.0,0.0,,529,0
52_-107,2026-09-16,1,Saskatchewan,52.5,-106.5,14.4,56.0,16.3,0.2,0.9290100926060483,0.0020446682,0.0,0.0,,512,0
52_-107,2026-09-17,2,Saskatchewan,52.5,-106.5,17.1,61.0,16.1,0.30000000000000004,3.4660952283725064,0.0020446682,0.0,0.0,,509,0
52_-107,2026-09-18,3,Saskatchewan,52.5,-106.5,18.9,59.0,6.1,0.0,3.2941847081959157,0.0020446682,0.0,0.0,,500,0
52_-107,2026-09-19,4,Saskatchewan,52.5,-106.5,18.0,49.0,10.0,0.0,6.222748618813349,0.0034599912,0.00010140445,0.0,,377,0
52_-107,2026-09-20,5,Saskatchewan,52.5,-106.5,17.3,68.0,12.5,0.0,6.624219587930615,0.003292181,0.00010140445,0.0,,448,0
52_-107,2026-09-21,6,Saskatchewan,52.5,-106.5,19.2,69.0,16.4,0.0,8.232277160339667,0.003292181,0.00010140445,0.0,,468,0
52_-107,2026-09-22,7,Saskatchewan,52.5,-106.5,19.9,61.0,23.8,0.0,11.966119965946412,0.002782071,0.00010140445,0.0,,481,0
52_-115,2026-09-15,0,Alberta,52.5,-114.5,11.341242018112348,59.36793127658897,13.132637243308592,0.04329242274555112,4.50944290828368,0.017114606,0.00016979082,0.03137254901960784,0.5455280584283173,109,0
52_-115,2026-09-16,1,Alberta,52.5,-114.5,13.6,53.0,9.4,0.8,4.728199619061044,0.017114606,0.00014168602,0.03137254901960784,0.5455280584283173,113,0
52_-115,2026-09-17,2,Alberta,52.5,-114.5,18.2,44.0,1.5,0.0,5.777949729850587,0.027721774,0.00019753922,0.03137254901960784,0.883631540928036,60,1
52_-115,2026-09-18,3,Alberta,52.5,-114.5,16.8,56.0,4.5,0.0,7.003238822327167,0.026660934,0.00019753922,0.03137254901960784,0.8498172741383314,89,0
52_-115,2026-09-19,4,Alberta,52.5,-114.5,17.8,65.0,12.0,0.0,10.100982093369693,0.029426603,0.00036769436,0.03137254901960784,0.9379729593638331,75,1
52_-115,2026-09-20,5,Alberta,52.5,-114.5,19.1,54.0,3.9,0.0,7.757031180671908,0.031681307,0.00036769436,0.03137254901960784,1.0098416497930884,72,1
52_-115,2026-09-21,6,Alberta,52.5,-114.5,20.9,42.0,8.7,0.0,12.710332885256932,0.03278111,0.00046264168,0.03137254901960784,1.0448978561908007,54,1
52_-115,2026-09-22,7,Alberta,52.5,-114.5,16.1,55.0,12.0,0.0,13.745064598990062,0.03429977,0.00036769436,0.03137254901960784,1.0933051211759448,48,1
52_-116,2026-09-15,0,Alberta,52.5,-115.5,11.553119069796372,57.36646532393649,5.981637698588886,0.5918446793052047,2.507870703705738,0.054577813,0.00019753922,0.09607843137254903,0.5680547837091952,2,1
52_-116,2026-09-16,1,Alberta,52.5,-115.5,15.8,37.0,7.3,1.2000000000000002,2.7315584826699832,0.061514195,0.00019753922,0.09607843137254903,0.6402497852639276,1,1
52_-116,2026-09-17,2,Alberta,52.5,-115.5,18.9,31.0,4.8,0.0,8.132628971153132,0.076548226,0.00036769436,0.09607843137254903,0.7967264357270026,2,1
52_-116,2026-09-18,3,Alberta,52.5,-115.5,17.2,47.0,3.5,0.0,8.117419038069844,0.076548226,0.00036769436,0.09607843137254903,0.7967264357270026,6,1
52_-116,2026-09-19,4,Alberta,52.5,-115.5,21.2,30.0,3.9,0.0,12.355063315474354,0.10668066,0.00083361124,0.09607843137254903,1.110349741517281,4,1
52_-116,2026-09-20,5,Alberta,52.5,-115.5,20.9,34.0,4.3,0.0,13.30725132105609,0.10668066,0.00086677365,0.09607843137254903,1.110349741517281,5,1
52_-116,2026-09-21,6,Alberta,52.5,-115.5,22.5,30.0,7.7,0.0,17.49146492234296,0.11399712,0.00086677365,0.09607843137254903,1.1865006022307336,3,1
52_-116,2026-09-22,7,Alberta,52.5,-115.5,15.1,49.0,9.3,0.0,15.141079987666387,0.097345136,0.0007264472,0.09607843137254903,1.0131840696748422,8,1
52_-117,2026-09-15,0,Alberta,52.5,-116.5,12.224105543599718,53.43801140469303,3.435866526133482,1.6762274547134433,0.9255643331778175,0.024334805,0.00016979082,0.0392156862745098,0.6205375296995044,72,1
52_-117,2026-09-16,1,Alberta,52.5,-116.5,11.1,24.0,2.7,5.300000000000001,0.2923813651691477,0.027218936,0.00016979082,0.0392156862745098,0.6940828682854772,62,1
52_-117,2026-09-17,2,Alberta,52.5,-116.5,13.7,26.0,3.1,0.0,0.9966856917417375,0.03278111,0.00019753922,0.0392156862745098,0.8359182849526405,37,1
52_-117,2026-09-18,3,Alberta,52.5,-116.5,12.5,47.0,6.1,0.0,4.054926546267559,0.031681307,0.00019753922,0.0392156862745098,0.8078733198344707,51,1
52_-117,2026-09-19,4,Alberta,52.5,-116.5,15.5,28.0,1.7,0.0,7.145599250307757,0.039974753,0.00036769436,0.0392156862745098,1.0193561967462301,38,1
52_-117,2026-09-20,5,Alberta,52.5,-116.5,15.8,32.0,3.6,0.0,9.774541128311302,0.039974753,0.00036769436,0.0392156862745098,1.0193561967462301,44,1
52_-117,2026-09-21,6,Alberta,52.5,-116.5,15.5,36.0,7.4,0.0,12.09669402465588,0.03429977,0.00036769436,0.0392156862745098,0.8746440969407558,48,1
52_-117,2026-09-22,7,Alberta,52.5,-116.5,10.5,57.0,2.9,0.0,8.123498665969176,0.032122906,0.00036769436,0.0392156862745098,0.8191341105848551,61,1
52_-118,2026-09-15,0,Alberta,52.5,-117.5,13.95910777409653,59.66315613137852,4.703121211212079,3.3154080195078364,1.4970485023654634,0.00510037,0.00010140445,0.00980392156862745,0.5202377317473292,354,0
52_-118,2026-09-16,1,Alberta,52.5,-117.5,5.1,47.0,5.6,0.7,1.7001453722854512,0.0034599912,0.00010140445,0.00980392156862745,0.3529191012494266,395,0
52_-118,2026-09-17,2,Alberta,52.5,-117.5,7.3,46.0,3.6,0.0,2.988594813760225,0.00510037,0.00013172916,0.00980392156862745,0.5202377317473292,329,0
52_-118,2026-09-18,3,Alberta,52.5,-117.5,9.4,45.0,3.2,0.0,5.039639275641907,0.00510037,0.00013172916,0.00980392156862745,0.5202377317473292,322,0
52_-118,2026-09-19,4,Alberta,52.5,-117.5,9.5,42.0,4.4,0.0,7.315326951127053,0.005107495,0.00016979082,0.00980392156862745,0.520964490249753,304,0
52_-118,2026-09-20,5,Alberta,52.5,-117.5,10.0,46.0,8.1,0.0,9.48842434120105,0.005107495,0.00016979082,0.00980392156862745,0.520964490249753,305,0
52_-118,2026-09-21,6,Alberta,52.5,-117.5,10.1,48.0,8.3,0.0,9.848652067587455,0.005107495,0.00016979082,0.00980392156862745,0.520964490249753,312,0
52_-118,2026-09-22,7,Alberta,52.5,-117.5,7.4,48.0,11.9,0.0,11.689641875157466,0.005107495,0.00016979082,0.00980392156862745,0.520964490249753,331,0
52_-119,2026-09-15,0,British Columbia,52.5,-118.5,13.308313261232069,51.115967133071095,5.378778301868912,1.3315046091213123,2.312834360007832,0.008910148,0.00013172916,0.01764705882352941,0.5049084095905224,208,0
52_-119,2026-09-16,1,British Columbia,52.5,-118.5,5.7,54.0,8.9,0.7000000000000001,3.0017386515243794,0.0085633695,0.00010140445,0.01764705882352941,0.4852576057116191,213,0
52_-119,2026-09-17,2,British Columbia,52.5,-118.5,8.4,49.0,6.1,0.0,4.2798700751448235,0.01158889,0.00013172916,0.01764705882352941,0.6567037726442019,178,0
52_-119,2026-09-18,3,British Columbia,52.5,-118.5,10.0,41.0,6.8,0.0,6.722998833695259,0.01158889,0.00016979082,0.01764705882352941,0.6567037726442019,179,0
52_-119,2026-09-19,4,British Columbia,52.5,-118.5,10.5,41.0,10.1,0.0,9.38081361728955,0.013666987,0.00019753922,0.01764705882352941,0.774462620417277,155,0
52_-119,2026-09-20,5,British Columbia,52.5,-118.5,10.4,43.0,12.4,0.0,10.877400636342578,0.013666987,0.00019753922,0.01764705882352941,0.774462620417277,166,0
52_-119,2026-09-21,6,British Columbia,52.5,-118.5,10.5,45.0,15.2,0.0,12.618690191001365,0.013233952,0.00036769436,0.01764705882352941,0.7499239593744278,175,0
52_-119,2026-09-22,7,British Columbia,52.5,-118.5,2.5,79.0,5.5,0.8,3.376586768559168,0.0085633695,0.00013172916,0.01764705882352941,0.4852576057116191,254,0
52_-120,2026-09-15,0,British Columbia,52.5,-119.5,13.642906326854915,47.40417153570678,5.188406189130134,1.5966482973361424,2.992975376321702,0.031681307,0.00019753922,0.058823529411764705,0.5385822132229805,38,1
52_-120,2026-09-16,1,British Columbia,52.5,-119.5,13.9,43.0,6.5,0.5,4.86537854525046,0.031681307,0.00019753922,0.058823529411764705,0.5385822132229805,42,1
52_-120,2026-09-17,2,British Columbia,52.5,-119.5,17.0,40.0,4.6,0.0,7.079427748112622,0.039974753,0.00036769436,0.058823529411764705,0.6795707978308201,28,1
52_-120,2026-09-18,3,British Columbia,52.5,-119.5,17.7,33.0,2.3,0.0,8.746453958287901,0.054577813,0.00036769436,0.058823529411764705,0.9278228133916855,22,1
52_-120,2026-09-19,4,British Columbia,52.5,-119.5,18.9,38.0,7.5,0.0,11.636202545216193,0.054577813,0.0007264472,0.058823529411764705,0.9278228133916855,28,1
52_-120,2026-09-20,5,British Columbia,52.5,-119.5,18.6,42.0,8.5,0.0,12.785993937847596,0.055568106,0.0007264472,0.058823529411764705,0.9446578100323677,26,1
52_-120,2026-09-21,6,British Columbia,52.5,-119.5,18.6,41.0,11.7,0.0,15.21951063756938,0.055568106,0.0007264472,0.058823529411764705,0.9446578100323677,28,1
52_-120,2026-09-22,7,British Columbia,52.5,-119.5,9.7,76.0,4.4,3.9,0.3233826033232357,0.031681307,0.00019753922,0.058823529411764705,0.5385822132229805,72,1
52_-121,2026-09-15,0,British Columbia,52.5,-120.5,17.78383959343816,52.09321508696728,4.7974375453414355,0.6256638822612571,4.7270353973725365,0.027721774,0.00036769436,0.03725490196078431,0.7441107713078198,56,1
52_-121,2026-09-16,1,British Columbia,52.5,-120.5,11.1,47.0,6.9,0.4,6.666682578472581,0.024334805,0.00019753922,0.03725490196078431,0.6531973996836888,71,1
52_-121,2026-09-17,2,British Columbia,52.5,-120.5,14.0,36.0,5.0,0.0,8.66813810943126,0.031681307,0.00036769436,0.03725490196078431,0.8503929682468113,44,1
52_-121,2026-09-18,3,British Columbia,52.5,-120.5,14.7,36.0,2.8,0.0,9.167178563593133,0.03278111,0.00036769436,0.03725490196078431,0.8799139841606742,42,1
52_-121,2026-09-19,4,British Columbia,52.5,-120.5,15.1,36.0,7.1,0.0,11.965264064170048,0.03429977,0.00036769436,0.03725490196078431,0.920677996779743,45,1
52_-121,2026-09-20,5,British Columbia,52.5,-120.5,14.7,41.0,6.7,0.0,12.280035970302057,0.03278111,0.00036769436,0.03725490196078431,0.8799139841606742,56,1
52_-121,2026-09-21,6,British Columbia,52.5,-120.5,13.8,40.0,11.0,0.0,15.098451076970768,0.03429977,0.00046264168,0.03725490196078431,0.920677996779743,49,1
52_-121,2026-09-22,7,British Columbia,52.5,-120.5,7.2,67.0,5.1,3.1,0.666717335292598,0.019046638,0.00019753922,0.03725490196078431,0.5112518664253386,146,0
52_-122,2026-09-15,0,British Columbia,52.5,-121.5,17.059039167085572,64.12457141664788,4.072316792245179,6.968599737501029,4.38145143310898,0.020055054,0.00019753922,0.025490196078431372,0.7867751857982233,92,0
52_-122,2026-09-16,1,British Columbia,52.5,-121.5,17.0,50.0,4.9,0.1,3.034408748185762,0.020055054,0.00036769436,0.025490196078431372,0.7867751857982233,91,0
52_-122,2026-09-17,2,British Columbia,52.5,-121.5,18.2,44.0,3.4,0.0,6.400233889964732,0.023706896,0.00036769436,0.025490196078431372,0.930039775199615,91,0
52_-122,2026-09-18,3,British Columbia,52.5,-121.5,18.6,55.0,3.4,0.0,7.252098564776809,0.027721774,0.00036769436,0.025490196078431372,1.087546511911429,78,1
52_-122,2026-09-19,4,British Columbia,52.5,-121.5,19.5,48.0,3.7,0.0,8.90893806295256,0.031681307,0.00046264168,0.025490196078431372,1.2428820305145705,59,1
52_-122,2026-09-20,5,British Columbia,52.5,-121.5,20.0,48.0,3.0,0.0,9.48507070170687,0.03278111,0.00046264168,0.025490196078431372,1.2860281306963701,57,1
52_-122,2026-09-21,6,British Columbia,52.5,-121.5,20.5,40.0,6.1,0.0,13.094424663554273,0.031681307,0.00086677365,0.025490196078431372,1.2428820305145705,69,1
52_-122,2026-09-22,7,British Columbia,52.5,-121.5,14.6,58.0,4.3,0.0,10.539614425223792,0.024334805,0.00036769436,0.025490196078431372,0.9546731226146221,117,0
52_-123,2026-09-15,0,British Columbia,52.5,-122.5,16.44609568067259,56.71602787600032,4.823576369801782,7.298015601704411,5.951371725533066,0.031681307,0.00036769436,0.052941176470588235,0.5984246813588673,39,1
52_-123,2026-09-16,1,British Columbia,52.5,-122.5,18.5,41.0,9.3,0.0,7.011850981162169,0.03429977,0.00036769436,0.052941176470588235,0.6478845162524117,20,1
52_-123,2026-09-17,2,British Columbia,52.5,-122.5,18.4,43.0,3.1,0.0,8.571569667378839,0.04981479,0.00046264168,0.052941176470588235,0.9409460425376892,19,1
52_-123,2026-09-18,3,British Columbia,52.5,-122.5,19.2,46.0,2.7,0.0,9.73839508790626,0.061514195,0.0007264472,0.052941176470588235,1.1619347954789798,14,1
52_-123,2026-09-19,4,British Columbia,52.5,-122.5,19.5,43.0,3.2,0.0,11.220852683150273,0.05585831,0.0007264472,0.052941176470588235,1.055101417005062,20,1
52_-123,2026-09-20,5,British Columbia,52.5,-122.5,19.6,43.0,8.3,0.0,14.611174355783621,0.055568106,0.00083361124,0.052941176470588235,1.049619788924853,27,1
52_-123,2026-09-21,6,British Columbia,52.5,-122.5,19.4,39.0,11.0,0.0,17.86180850282822,0.055568106,0.00086677365,0.052941176470588235,1.049619788924853,29,1
52_-123,2026-09-22,7,British Columbia,52.5,-122.5,14.7,45.0,3.8,0.6000000000000001,11.024052086180616,0.054577813,0.00036769436,0.052941176470588235,1.0309142371018727,30,1
52_-124,2026-09-15,0,British Columbia,52.5,-123.5,16.953327750958298,54.15318553575665,6.380287876522407,7.697788518972308,1.0847453806691363,0.023706896,0.00036769436,0.027450980392156862,0.8636083626853568,79,0
52_-124,2026-09-16,1,British Columbia,52.5,-123.5,16.8,35.0,8.8,0.0,3.965347710201739,0.020055054,0.00036769436,0.027450980392156862,0.7305769582412073,92,0
52_-124,2026-09-17,2,British Columbia,52.5,-123.5,18.0,33.0,0.4,0.0,6.305247966943658,0.029426603,0.00036769436,0.027450980392156862,1.0719690964158093,53,1
52_-124,2026-09-18,3,British Columbia,52.5,-123.5,18.4,40.0,7.2,0.0,11.178979363687882,0.024334805,0.00046264168,0.027450980392156862,0.8864821852850062,95,0
52_-124,2026-09-19,4,British Columbia,52.5,-123.5,17.1,43.0,4.3,0.0,10.410312486475867,0.026660934,0.00046264168,0.027450980392156862,0.9712197418723788,100,0
52_-124,2026-09-20,5,British Columbia,52.5,-123.5,17.6,41.0,8.1,0.0,12.933821542162988,0.024334805,0.0007264472,0.027450980392156862,0.8864821852850062,113,0
52_-124,2026-09-21,6,British Columbia,52.5,-123.5,17.4,39.0,13.8,0.0,17.308064897076065,0.024334805,0.0007264472,0.027450980392156862,0.8864821852850062,111,0
52_-124,2026-09-22,7,British Columbia,52.5,-123.5,11.8,50.0,8.1,2.4,2.4334587541234884,0.019046638,0.00036769436,0.027450980392156862,0.6938418187201023,147,0
52_-125,2026-09-15,0,British Columbia,52.5,-124.5,15.053456629422367,49.168794511701655,5.072327185511542,8.047176883616649,2.6557188946476407,0.01158889,0.00036769436,0.00980392156862745,1.1820667907595634,171,0
52_-125,2026-09-16,1,British Columbia,52.5,-124.5,17.6,30.0,9.4,0.0,6.572459525302921,0.01158889,0.00036769436,0.00980392156862745,1.1820667907595634,169,0
52_-125,2026-09-17,2,British Columbia,52.5,-124.5,17.1,29.0,5.7,0.0,12.068359328701288,0.01158889,0.00046264168,0.00980392156862745,1.1820667907595634,179,0
52_-125,2026-09-18,3,British Columbia,52.5,-124.5,18.4,37.0,4.6,0.0,12.949766869079232,0.01158889,0.00046264168,0.00980392156862745,1.1820667907595634,180,0
52_-125,2026-09-19,4,British Columbia,52.5,-124.5,16.8,39.0,7.7,0.0,15.216820377772953,0.01158889,0.00046264168,0.00980392156862745,1.1820667907595634,189,0
52_-125,2026-09-20,5,British Columbia,52.5,-124.5,16.5,38.0,8.6,0.0,16.342817903155634,0.01158889,0.00036769436,0.00980392156862745,1.1820667907595634,192,0
52_-125,2026-09-21,6,British Columbia,52.5,-124.5,15.8,41.0,13.7,0.0,20.387655467868587,0.01158889,0.00036769436,0.00980392156862745,1.1820667907595634,193,0
52_-125,2026-09-22,7,British Columbia,52.5,-124.5,10.4,47.0,10.2,0.30000000000000004,16.434899643294774,0.0085633695,0.0003252973,0.00980392156862745,0.8734636902809143,255,0
52_-126,2026-09-15,0,British Columbia,52.5,-125.5,16.3314434929984,57.21597054402211,6.07143114095594,2.9220424978405464,2.659774242855775,0.01158889,0.00036769436,0.011764705882352941,0.9850556589663029,172,0
52_-126,2026-09-16,1,British Columbia,52.5,-125.5,16.9,36.0,3.1,0.0,5.303058403823333,0.01158889,0.00036769436,0.011764705882352941,0.9850556589663029,170,0
52_-126,2026-09-17,2,British Columbia,52.5,-125.5,16.6,31.0,1.6,0.0,9.853097128850141,0.013233952,0.00046264168,0.011764705882352941,1.1248859390616417,148,0
52_-126,2026-09-18,3,British Columbia,52.5,-125.5,17.4,41.0,1.5,0.0,10.867843465374648,0.017114606,0.00046264168,0.011764705882352941,1.4547414891421795,134,0
52_-126,2026-09-19,4,British Columbia,52.5,-125.5,16.9,48.0,1.5,0.0,11.24659525985491,0.013666987,0.00046264168,0.011764705882352941,1.1616939306259155,156,0
52_-126,2026-09-20,5,British Columbia,52.5,-125.5,15.6,48.0,1.5,0.0,11.597412112768131,0.01158889,0.00036769436,0.011764705882352941,0.9850556589663029,193,0
52_-126,2026-09-21,6,British Columbia,52.5,-125.5,14.2,55.0,9.1,0.5,14.50323480433561,0.008910148,0.00019753922,0.011764705882352941,0.7573626143857837,231,0
52_-126,2026-09-22,7,British Columbia,52.5,-125.5,9.0,57.0,7.9,3.2,1.7757292446268746,0.006459243,0.00016979082,0.011764705882352941,0.5490356660448015,302,0
52_-127,2026-09-15,0,British Columbia,52.5,-126.5,19.053799179350495,61.60957403182723,4.796804850199751,0.0,7.49269252834119,0.01158889,0.00019753922,0.011764705882352941,0.9850556589663029,173,0
52_-127,2026-09-16,1,British Columbia,52.5,-126.5,12.8,64.0,6.8,0.0,7.968434178906132,0.0085633695,0.00019753922,0.011764705882352941,0.7278864085674286,214,0
52_-127,2026-09-17,2,British Columbia,52.5,-126.5,14.0,54.0,5.7,0.0,7.907387032317951,0.0085633695,0.00019753922,0.011764705882352941,0.7278864085674286,226,0
52_-127,2026-09-18,3,British Columbia,52.5,-126.5,14.4,55.0,6.0,0.0,8.30709406128031,0.008910148,0.00019753922,0.011764705882352941,0.7573626143857837,217,0
52_-127,2026-09-19,4,British Columbia,52.5,-126.5,10.3,79.0,5.1,0.0,5.942171741585959,0.0085633695,0.00019753922,0.011764705882352941,0.7278864085674286,235,0
52_-127,2026-09-20,5,British Columbia,52.5,-126.5,9.2,83.0,6.1,0.1,5.163706422433761,0.006459243,0.00013172916,0.011764705882352941,0.5490356660448015,277,0
52_-127,2026-09-21,6,British Columbia,52.5,-126.5,5.3,98.0,7.1,11.1,0.00014801172725624676,0.003771806,0.0,0.011764705882352941,0.3206035017501563,366,0
52_-127,2026-09-22,7,British Columbia,52.5,-126.5,4.6,96.0,8.7,8.200000000000001,7.094992179283817e-07,0.0034599912,0.0,0.011764705882352941,0.29409925104118884,409,0
52_-128,2026-09-15,0,British Columbia,52.5,-127.5,17.002904566747215,68.40916109409686,13.825808583449874,0.0,5.432733332056007,0.0022243848,0.00010140445,0.00196078431372549,1.1344362515956163,509,0
52_-128,2026-09-16,1,British Columbia,52.5,-127.5,13.7,73.0,3.2,0.0,3.581604974353128,0.0022243848,0.0,0.00196078431372549,1.1344362515956163,482,0
52_-128,2026-09-17,2,British Columbia,52.5,-127.5,15.2,63.0,3.1,0.0,3.911375248750261,0.002782071,0.0,0.00196078431372549,1.4188562147319317,471,0
52_-128,2026-09-18,3,British Columbia,52.5,-127.5,15.9,54.0,2.9,0.0,4.833409887061554,0.002782071,0.00010140445,0.00196078431372549,1.4188562147319317,459,0
52_-128,2026-09-19,4,British Columbia,52.5,-127.5,11.7,75.0,4.3,0.0,4.3394228097991085,0.0020446682,0.0,0.00196078431372549,1.0427807760424912,493,0
52_-128,2026-09-20,5,British Columbia,52.5,-127.5,10.2,97.0,3.2,3.9,0.027634267491195758,0.0015167142,0.0,0.00196078431372549,0.7735242554917932,549,0
52_-128,2026-09-21,6,British Columbia,52.5,-127.5,8.6,93.0,4.6,50.2,4.2823862482471216e-07,0.0007248675,0.0,0.00196078431372549,0.3696824301732704,620,0
52_-128,2026-09-22,7,British Columbia,52.5,-127.5,5.8,96.0,10.1,16.7,4.198402177404415e-08,0.0007248675,0.0,0.00196078431372549,0.3696824301732704,627,0
52_-57,2026-09-15,0,Quebec,52.5,-56.5,15.609545084470252,53.97720711982708,17.904276698422265,8.611361090422989,0.3272845537292375,0.0034599912,0.0,0.0058823529411764705,0.5881985020823777,418,0
52_-57,2026-09-16,1,Quebec,52.5,-56.5,13.0,72.0,20.3,0.0,0.9890637940825218,0.0034599912,0.0,0.0058823529411764705,0.5881985020823777,396,0
52_-57,2026-09-17,2,Quebec,52.5,-56.5,12.0,56.0,23.4,0.0,4.336275767648431,0.0034599912,0.0,0.0058823529411764705,0.5881985020823777,388,0
52_-57,2026-09-18,3,Quebec,52.5,-56.5,10.6,50.0,3.3,0.0,2.1608541488428252,0.0034599912,0.0,0.0058823529411764705,0.5881985020823777,381,0
52_-57,2026-09-19,4,Quebec,52.5,-56.5,7.4,56.0,22.8,2.1000000000000005,2.01818614611142,0.002782071,0.0,0.0058823529411764705,0.47295207157731056,456,0
52_-57,2026-09-20,5,Quebec,52.5,-56.5,5.8,54.0,16.6,1.0000000000000004,1.6194833271894118,0.002782071,0.0,0.0058823529411764705,0.47295207157731056,458,0
52_-57,2026-09-21,6,Quebec,52.5,-56.5,10.7,42.0,8.3,0.0,2.922881443300803,0.003292181,0.0,0.0058823529411764705,0.5596707807853818,469,0
52_-57,2026-09-22,7,Quebec,52.5,-56.5,6.5,71.0,14.6,0.0,4.388754266573737,0.0022243848,0.0,0.0058823529411764705,0.3781454171985388,497,0
52_-61,2026-09-15,0,Quebec,52.5,-60.5,15.42925922407301,51.794025970872745,14.99028060717431,4.547894092353837,0.21543635954643828,0.0034599912,0.0,0.00392156862745098,0.8822977531235665,419,0
52_-61,2026-09-16,1,Quebec,52.5,-60.5,13.9,68.0,25.5,0.6,2.0447015528531494,0.002782071,0.0,0.00392156862745098,0.7094281073659658,473,0
52_-61,2026-09-17,2,Quebec,52.5,-60.5,10.8,47.0,20.0,0.4,4.20563599269373,0.0022243848,0.0,0.00392156862745098,0.5672181257978082,483,0
52_-61,2026-09-18,3,Quebec,52.5,-60.5,11.3,40.0,6.7,0.0,4.010235651375479,0.003292181,0.0,0.00392156862745098,0.8395061711780727,444,0
52_-61,2026-09-19,4,Quebec,52.5,-60.5,5.7,90.0,14.6,7.0,0.014355036020338068,0.0020446682,0.0,0.00392156862745098,0.5213903880212456,494,0
52_-61,2026-09-20,5,Quebec,52.5,-60.5,5.6,50.0,10.8,4.6000000000000005,0.040535763170626724,0.0020446682,0.0,0.00392156862745098,0.5213903880212456,499,0
52_-61,2026-09-21,6,Quebec,52.5,-60.5,9.3,62.0,7.2,0.0,0.291803600836169,0.0020446682,0.0,0.00392156862745098,0.5213903880212456,511,0
52_-61,2026-09-22,7,Quebec,52.5,-60.5,7.0,47.0,13.0,2.0999999999999996,0.421165355482503,0.0022243848,0.0,0.00392156862745098,0.5672181257978082,498,0
52_-62,2026-09-15,0,Quebec,52.5,-61.5,14.915411091837445,54.06766504485935,14.842293002367498,5.225120425203753,0.19521234898162007,0.0007248675,0.0,0.0,,630,0
52_-62,2026-09-16,1,Quebec,52.5,-61.5,13.8,69.0,24.4,0.6,1.4867713937760358,0.0007248675,0.0,0.0,,621,0
52_-62,2026-09-17,2,Quebec,52.5,-61.5,10.2,54.0,19.5,0.6000000000000001,2.704455125661375,0.0007248675,0.0,0.0,,617,0
52_-62,2026-09-18,3,Quebec,52.5,-61.5,10.5,44.0,8.2,0.0,3.083050470375103,0.0007248675,0.0,0.0,,602,0
52_-62,2026-09-19,4,Quebec,52.5,-61.5,4.6,88.0,18.6,5.1,0.0648552201102181,0.00038029242,0.0,0.0,,686,0
52_-62,2026-09-20,5,Quebec,52.5,-61.5,6.9,43.0,8.7,2.3000000000000003,0.18683029382590635,0.0007248675,0.0,0.0,,613,0
52_-62,2026-09-21,6,Quebec,52.5,-61.5,9.5,61.0,8.1,0.30000000000000004,0.45080486256011615,0.0007248675,0.0,0.0,,621,0
52_-62,2026-09-22,7,Quebec,52.5,-61.5,6.4,56.0,12.0,0.9,0.6994763274142144,0.0007248675,0.0,0.0,,628,0
52_-63,2026-09-15,0,Quebec,52.5,-62.5,13.640612425169522,56.51509734013218,9.43607915400698,2.3806559244978818,0.02927622199093372,0.0007248675,0.0,0.0,,631,0
52_-63,2026-09-16,1,Quebec,52.5,-62.5,14.8,62.0,25.2,1.0999999999999999,0.9508622726308694,0.0007248675,0.0,0.0,,622,0
52_-63,2026-09-17,2,Quebec,52.5,-62.5,10.0,50.0,18.8,0.3999999999999999,2.3231793225325275,0.0007248675,0.0,0.0,,618,0
52_-63,2026-09-18,3,Quebec,52.5,-62.5,9.7,47.0,11.5,0.0,3.178424760994681,0.0007248675,0.0,0.0,,603,0
52_-63,2026-09-19,4,Quebec,52.5,-62.5,2.8,98.0,19.8,7.2,0.001247770941711949,0.00038029242,0.0,0.0,,687,0
52_-63,2026-09-20,5,Quebec,52.5,-62.5,6.8,44.0,8.5,1.4,0.11659459120213807,0.0007248675,0.0,0.0,,614,0
52_-63,2026-09-21,6,Quebec,52.5,-62.5,8.7,68.0,9.0,0.6000000000000001,0.3924238783706809,0.00038029242,0.0,0.0,,697,0
52_-63,2026-09-22,7,Quebec,52.5,-62.5,6.1,62.0,12.1,0.9,0.6036489995519735,0.0006170935,0.0,0.0,,683,0
52_-67,2026-09-15,0,Quebec,52.5,-66.5,12.468414954034795,59.80363348965887,16.626154673818657,0.017212031921889928,1.2011984015554282,0.0007248675,0.0,0.0,,632,0
52_-67,2026-09-16,1,Quebec,52.5,-66.5,14.0,78.0,23.7,0.8,2.6677081635973834,0.0007248675,0.0,0.0,,623,0
52_-67,2026-09-17,2,Quebec,52.5,-66.5,8.1,58.0,13.3,1.2,0.9436799519738716,0.0007248675,0.0,0.0,,619,0
52_-67,2026-09-18,3,Quebec,52.5,-66.5,3.5,96.0,9.2,6.5,0.00097783798567288,0.00038029242,0.0,0.0,,676,0
52_-67,2026-09-19,4,Quebec,52.5,-66.5,4.9,51.0,19.2,5.7,0.04086519480082514,0.00038029242,0.0,0.0,,688,0
52_-67,2026-09-20,5,Quebec,52.5,-66.5,4.6,81.0,15.1,0.7000000000000001,0.18300171825632383,0.00038029242,0.0,0.0,,687,0
52_-67,2026-09-21,6,Quebec,52.5,-66.5,6.5,84.0,9.7,4.2,0.008443881625853938,0.00038029242,0.0,0.0,,698,0
52_-67,2026-09-22,7,Quebec,52.5,-66.5,8.0,66.0,7.3,0.2,0.1409089099886969,0.00038029242,0.0,0.0,,696,0
52_-68,2026-09-15,0,Quebec,52.5,-67.5,11.325825887934766,59.88357846942284,20.137251391825266,0.0055938434110528994,1.8307319858501647,0.0015167142,0.0,0.00196078431372549,0.7735242554917932,580,0
52_-68,2026-09-16,1,Quebec,52.5,-67.5,14.7,66.0,32.1,1.1,5.402012760476125,0.0015167142,0.0,0.00196078431372549,0.7735242554917932,567,0
52_-68,2026-09-17,2,Quebec,52.5,-67.5,6.6,58.0,11.1,0.20000000000000007,2.3965750080002186,0.0007248675,0.0,0.00196078431372549,0.3696824301732704,620,0
52_-68,2026-09-18,3,Quebec,52.5,-67.5,1.8,97.0,12.1,8.3,0.0004682083059672771,0.0006170935,0.0,0.00196078431372549,0.31471769674681127,659,0
52_-68,2026-09-19,4,Quebec,52.5,-67.5,4.1,50.0,16.1,2.4000000000000004,0.07099786776702748,0.00066435273,0.0,0.00196078431372549,0.33881989249493927,674,0
52_-68,2026-09-20,5,Quebec,52.5,-67.5,4.0,87.0,14.1,1.4000000000000001,0.08575089173657033,0.00038029242,0.0,0.00196078431372549,0.19394913339056075,688,0
52_-68,2026-09-21,6,Quebec,52.5,-67.5,6.3,73.0,14.3,4.6,0.02705361497306888,0.00038029242,0.0,0.00196078431372549,0.19394913339056075,699,0
52_-68,2026-09-22,7,Quebec,52.5,-67.5,6.8,72.0,7.9,0.6000000000000001,0.15112270611801742,0.0006063298,0.0,0.00196078431372549,0.30922820849809796,690,0
52_-69,2026-09-15,0,Manitoba,52.5,-68.5,11.099074674057501,60.79958941345563,16.999532197672117,0.01659030484014267,1.600205293272182,0.0007248675,0.0,0.0,,633,0
52_-69,2026-09-16,1,Manitoba,52.5,-68.5,13.0,65.0,28.6,1.4000000000000001,3.7060135482140697,0.0007248675,0.0,0.0,,624,0
52_-69,2026-09-17,2,Manitoba,52.5,-68.5,5.9,56.0,9.7,0.30000000000000004,1.802203313118117,0.0007248675,0.0,0.0,,621,0
52_-69,2026-09-18,3,Manitoba,52.5,-68.5,2.2,91.0,12.5,12.6,0.0005991375126671473,0.00038029242,0.0,0.0,,677,0
52_-69,2026-09-19,4,Manitoba,52.5,-68.5,3.5,53.0,13.3,2.0,0.05482322132748432,0.00038029242,0.0,0.0,,689,0
52_-69,2026-09-20,5,Manitoba,52.5,-68.5,3.7,84.0,13.5,1.9,0.04823646532227925,0.00038029242,0.0,0.0,,689,0
52_-69,2026-09-21,6,Manitoba,52.5,-68.5,5.5,71.0,16.2,2.5,0.08762967594904486,0.00038029242,0.0,0.0,,700,0
52_-69,2026-09-22,7,Manitoba,52.5,-68.5,6.7,69.0,10.0,0.7000000000000001,0.23716224696785748,0.00038029242,0.0,0.0,,697,0
52_-70,2026-09-15,0,Manitoba,52.5,-69.5,10.658467613640216,61.24925941254901,14.898075227732674,0.0,1.3582036681660892,0.0020446682,0.0,0.00196078431372549,1.0427807760424912,530,0
52_-70,2026-09-16,1,Manitoba,52.5,-69.5,12.9,63.0,33.3,5.3,1.6140609673995445,0.0020446682,0.0,0.00196078431372549,1.0427807760424912,513,0
52_-70,2026-09-17,2,Manitoba,52.5,-69.5,6.2,64.0,10.1,1.2000000000000002,0.4583148783008518,0.0015167142,0.0,0.00196078431372549,0.7735242554917932,558,0
52_-70,2026-09-18,3,Manitoba,52.5,-69.5,3.4,92.0,11.8,14.9,7.876991453239945e-05,0.0007248675,0.0,0.00196078431372549,0.3696824301732704,604,0
52_-70,2026-09-19,4,Manitoba,52.5,-69.5,4.6,55.0,10.7,1.8,0.023795190224564323,0.0007248675,0.0,0.00196078431372549,0.3696824301732704,610,0
52_-70,2026-09-20,5,Manitoba,52.5,-69.5,6.3,79.0,14.4,2.3,0.042005154035065474,0.0007248675,0.0,0.00196078431372549,0.3696824301732704,615,0
52_-70,2026-09-21,6,Manitoba,52.5,-69.5,6.0,73.0,17.8,2.5000000000000004,0.08695424028337592,0.0007248675,0.0,0.00196078431372549,0.3696824301732704,622,0
52_-70,2026-09-22,7,Manitoba,52.5,-69.5,7.0,69.0,10.9,1.1,0.19665012595650316,0.0007248675,0.0,0.00196078431372549,0.3696824301732704,629,0
52_-75,2026-09-15,0,Quebec,52.5,-74.5,11.755630446089167,65.1208198902095,24.23051593823668,0.0,1.2997559561993428,0.0015167142,0.0,0.00196078431372549,0.7735242554917932,581,0
52_-75,2026-09-16,1,Quebec,52.5,-74.5,9.5,74.0,28.1,10.5,0.1160903073709227,0.0007248675,0.0,0.00196078431372549,0.3696824301732704,625,0
52_-75,2026-09-17,2,Quebec,52.5,-74.5,7.4,57.0,4.9,1.2,0.15179085242692025,0.0007248675,0.0,0.00196078431372549,0.3696824301732704,622,0
52_-75,2026-09-18,3,Quebec,52.5,-74.5,7.0,84.0,21.4,5.2,0.023752616795271703,0.0007248675,0.0,0.00196078431372549,0.3696824301732704,605,0
52_-75,2026-09-19,4,Quebec,52.5,-74.5,7.3,54.0,7.3,3.0,0.047638785451154624,0.0007248675,0.0,0.00196078431372549,0.3696824301732704,611,0
52_-75,2026-09-20,5,Quebec,52.5,-74.5,6.8,90.0,15.9,3.1,0.009091804980073328,0.00038029242,0.0,0.00196078431372549,0.19394913339056075,690,0
52_-75,2026-09-21,6,Quebec,52.5,-74.5,7.7,73.0,13.0,2.1,0.051944867322837686,0.0006170935,0.0,0.00196078431372549,0.31471769674681127,688,0
52_-75,2026-09-22,7,Quebec,52.5,-74.5,9.2,63.0,7.6,0.2,0.23117215517825102,0.0007248675,0.0,0.00196078431372549,0.3696824301732704,630,0
52_-76,2026-09-15,0,Quebec,52.5,-75.5,12.131888381613651,65.52755352645461,27.568529729363785,0.0,2.869416216277467,0.0020446682,0.0,0.00196078431372549,1.0427807760424912,531,0
52_-76,2026-09-16,1,Quebec,52.5,-75.5,9.0,75.0,26.6,13.4,0.08468087837196739,0.0015167142,0.0,0.00196078431372549,0.7735242554917932,568,0
52_-76,2026-09-17,2,Quebec,52.5,-75.5,7.5,69.0,7.8,1.5,0.1216754910887288,0.0007248675,0.0,0.00196078431372549,0.3696824301732704,623,0
52_-76,2026-09-18,3,Quebec,52.5,-75.5,7.7,81.0,26.4,5.7,0.04441404414291256,0.0007248675,0.0,0.00196078431372549,0.3696824301732704,606,0
52_-76,2026-09-19,4,Quebec,52.5,-75.5,7.3,60.0,10.7,1.3000000000000003,0.17526171445547567,0.0007248675,0.0,0.00196078431372549,0.3696824301732704,612,0
52_-76,2026-09-20,5,Quebec,52.5,-75.5,7.0,81.0,18.3,2.4000000000000004,0.13219629226397064,0.0007248675,0.0,0.00196078431372549,0.3696824301732704,616,0
52_-76,2026-09-21,6,Quebec,52.5,-75.5,8.3,75.0,12.5,2.0000000000000004,0.11857908354048619,0.0007248675,0.0,0.00196078431372549,0.3696824301732704,623,0
52_-76,2026-09-22,7,Quebec,52.5,-75.5,9.7,61.0,8.1,0.0,0.293041257539005,0.0015167142,0.0,0.00196078431372549,0.7735242554917932,569,0
52_-77,2026-09-15,0,Quebec,52.5,-76.5,12.561337695158668,68.32285740528926,30.861507919888137,0.0,3.3591688748848627,0.0015167142,0.0,0.0,,582,0
52_-77,2026-09-16,1,Quebec,52.5,-76.5,8.9,76.0,32.0,11.5,0.15251881148661875,0.0007248675,0.0,0.0,,626,0
52_-77,2026-09-17,2,Quebec,52.5,-76.5,8.5,68.0,13.7,1.2000000000000002,0.2880752860350797,0.0007248675,0.0,0.0,,624,0
52_-77,2026-09-18,3,Quebec,52.5,-76.5,8.1,75.0,31.0,5.5,0.18527874145668816,0.00038029242,0.0,0.0,,678,0
52_-77,2026-09-19,4,Quebec,52.5,-76.5,7.7,57.0,13.3,0.2,0.38774307986246404,0.0007248675,0.0,0.0,,613,0
52_-77,2026-09-20,5,Quebec,52.5,-76.5,7.9,68.0,22.1,0.5,0.9530728476751222,0.00038029242,0.0,0.0,,691,0
52_-77,2026-09-21,6,Quebec,52.5,-76.5,7.9,85.0,16.4,2.4,0.2468667152500733,0.00038029242,0.0,0.0,,701,0
52_-77,2026-09-22,7,Quebec,52.5,-76.5,8.8,68.0,4.7,0.2,0.2703411126585951,0.00038029242,0.0,0.0,,698,0
52_-78,2026-09-15,0,Manitoba,52.5,-77.5,11.769496271773871,77.04044295341355,32.68909529523632,0.07081633598334719,3.313933974556411,0.0007248675,0.0,0.0,,634,0
52_-78,2026-09-16,1,Manitoba,52.5,-77.5,8.6,78.0,28.4,10.4,0.083001821358599,0.0006170935,0.0,0.0,,690,0
52_-78,2026-09-17,2,Manitoba,52.5,-77.5,10.0,62.0,14.5,0.8,0.3727591606603568,0.0007248675,0.0,0.0,,625,0
52_-78,2026-09-18,3,Manitoba,52.5,-77.5,8.8,63.0,26.6,2.8,0.575248049265743,0.0006170935,0.0,0.0,,660,0
52_-78,2026-09-19,4,Manitoba,52.5,-77.5,8.6,59.0,13.0,0.1,0.5439253782111899,0.0007248675,0.0,0.0,,614,0
52_-78,2026-09-20,5,Manitoba,52.5,-77.5,7.9,72.0,21.9,0.8,1.0247570061506124,0.00038029242,0.0,0.0,,692,0
52_-78,2026-09-21,6,Manitoba,52.5,-77.5,9.1,67.0,13.3,0.6,0.8956052916239823,0.00038029242,0.0,0.0,,702,0
52_-78,2026-09-22,7,Manitoba,52.5,-77.5,9.2,64.0,6.5,0.0,0.889839699725782,0.0007248675,0.0,0.0,,631,0
52_-82,2026-09-15,0,Ontario,52.5,-81.5,12.381339264295347,98.91196441422794,13.734839624133551,1.8088035585772073,0.10000000000000002,0.003292181,0.0,0.00392156862745098,0.8395061711780727,481,0
52_-82,2026-09-16,1,Ontario,52.5,-81.5,10.6,58.0,20.9,2.2,0.5299697557560051,0.003292181,0.0,0.00392156862745098,0.8395061711780727,454,0
52_-82,2026-09-17,2,Ontario,52.5,-81.5,10.4,75.0,14.2,0.1,0.5938340974392577,0.002782071,0.0,0.00392156862745098,0.7094281073659658,472,0
52_-82,2026-09-18,3,Ontario,52.5,-81.5,8.7,53.0,15.7,2.4,0.49884127631498226,0.0022243848,0.0,0.00392156862745098,0.5672181257978082,472,0
52_-82,2026-09-19,4,Ontario,52.5,-81.5,9.0,78.0,19.7,0.3,0.8373596576297185,0.0020446682,0.0,0.00392156862745098,0.5213903880212456,495,0
52_-82,2026-09-20,5,Ontario,52.5,-81.5,9.3,61.0,23.0,6.300000000000001,0.3051710519334546,0.0020446682,0.0,0.00392156862745098,0.5213903880212456,500,0
52_-82,2026-09-21,6,Ontario,52.5,-81.5,11.1,54.0,8.8,0.0,0.44149283098674535,0.0020446682,0.0,0.00392156862745098,0.5213903880212456,512,0
52_-82,2026-09-22,7,Ontario,52.5,-81.5,12.6,52.0,11.7,0.0,1.5313170149977795,0.003292181,0.0,0.00392156862745098,0.8395061711780727,467,0
52_-83,2026-09-15,0,Ontario,52.5,-82.5,12.258397019230413,99.6496178846175,15.677327096159464,1.7350382115382479,0.09999999999999999,0.0020446682,0.0,0.00196078431372549,1.0427807760424912,532,0
52_-83,2026-09-16,1,Ontario,52.5,-82.5,10.3,58.0,18.0,2.7,0.33157072302161694,0.0020446682,0.0,0.00196078431372549,1.0427807760424912,514,0
52_-83,2026-09-17,2,Ontario,52.5,-82.5,12.7,67.0,16.2,0.4,0.6652968543753588,0.0015167142,0.0,0.00196078431372549,0.7735242554917932,559,0
52_-83,2026-09-18,3,Ontario,52.5,-82.5,9.3,49.0,11.2,0.5,1.3187560433481897,0.0015167142,0.0,0.00196078431372549,0.7735242554917932,544,0
52_-83,2026-09-19,4,Ontario,52.5,-82.5,9.2,76.0,11.7,0.39999999999999997,1.6157117775011998,0.0015167142,0.0,0.00196078431372549,0.7735242554917932,546,0
52_-83,2026-09-20,5,Ontario,52.5,-82.5,9.0,60.0,17.2,5.8,0.27746900028750265,0.0015167142,0.0,0.00196078431372549,0.7735242554917932,550,0
52_-83,2026-09-21,6,Ontario,52.5,-82.5,11.2,52.0,6.7,0.0,0.4497682758323797,0.0015167142,0.0,0.00196078431372549,0.7735242554917932,565,0
52_-83,2026-09-22,7,Ontario,52.5,-82.5,13.8,51.0,12.2,0.0,2.188088354460785,0.0020446682,0.0,0.00196078431372549,1.0427807760424912,523,0
52_-88,2026-09-15,0,Ontario,52.5,-87.5,14.752089947649283,84.8652733682338,17.10257274866589,4.7707396378653275,0.19999999999999996,0.006459243,0.00013172916,0.013725490196078431,0.4706019994669727,277,0
52_-88,2026-09-16,1,Ontario,52.5,-87.5,9.0,59.0,13.3,1.6,0.6009129534880632,0.00510037,0.00013172916,0.013725490196078431,0.3715983798195209,334,0
52_-88,2026-09-17,2,Ontario,52.5,-87.5,12.4,45.0,22.1,0.29999999999999993,4.434541157509012,0.00510037,0.00013172916,0.013725490196078431,0.3715983798195209,330,0
52_-88,2026-09-18,3,Ontario,52.5,-87.5,11.5,47.0,11.4,0.0,4.880486921708041,0.00510037,0.00013172916,0.013725490196078431,0.3715983798195209,323,0
52_-88,2026-09-19,4,Ontario,52.5,-87.5,12.9,85.0,14.2,1.4,1.486004284663428,0.00510037,0.00010140445,0.013725490196078431,0.3715983798195209,330,0
52_-88,2026-09-20,5,Ontario,52.5,-87.5,9.0,53.0,12.5,0.7,2.5478119514103907,0.0034599912,0.00010140445,0.013725490196078431,0.252085072321019,385,0
52_-88,2026-09-21,6,Ontario,52.5,-87.5,12.3,58.0,7.8,0.0,3.4548504955827863,0.00510037,0.00013172916,0.013725490196078431,0.3715983798195209,339,0
52_-88,2026-09-22,7,Ontario,52.5,-87.5,16.4,47.0,12.1,0.0,7.7894846361702,0.0085633695,0.00016979082,0.013725490196078431,0.6239026359149388,256,0
52_-89,2026-09-15,0,Ontario,52.5,-88.5,14.504910371384844,84.47080281704666,18.89771105368023,6.756387323290032,0.22601195048202066,0.0034599912,0.00010140445,0.0058823529411764705,0.5881985020823777,420,0
52_-89,2026-09-16,1,Ontario,52.5,-88.5,8.7,57.0,11.4,3.0999999999999996,0.2465941827008603,0.0034599912,0.00010140445,0.0058823529411764705,0.5881985020823777,397,0
52_-89,2026-09-17,2,Ontario,52.5,-88.5,11.7,45.0,21.6,0.1,2.593154493886165,0.0034599912,0.00010140445,0.0058823529411764705,0.5881985020823777,389,0
52_-89,2026-09-18,3,Ontario,52.5,-88.5,12.1,43.0,13.2,0.0,4.494271594538062,0.0034599912,0.00010140445,0.0058823529411764705,0.5881985020823777,382,0
52_-89,2026-09-19,4,Ontario,52.5,-88.5,14.1,79.0,14.4,2.4,0.7099339058231996,0.0034599912,0.0,0.0058823529411764705,0.5881985020823777,378,0
52_-89,2026-09-20,5,Ontario,52.5,-88.5,9.1,54.0,10.3,0.4,0.9760033086026667,0.0034599912,0.0,0.0058823529411764705,0.5881985020823777,386,0
52_-89,2026-09-21,6,Ontario,52.5,-88.5,13.4,54.0,8.3,0.0,2.849199444701506,0.0034599912,0.0,0.0058823529411764705,0.5881985020823777,401,0
52_-89,2026-09-22,7,Ontario,52.5,-88.5,16.2,47.0,11.5,0.0,6.422798860993693,0.00510037,0.00013172916,0.0058823529411764705,0.8670628862455487,357,0
52_-90,2026-09-15,0,Ontario,52.5,-89.5,13.716072015291346,82.73535843364097,25.15582867868865,14.565887048615666,0.3311903979611538,0.00510037,0.00013172916,0.00980392156862745,0.5202377317473292,355,0
52_-90,2026-09-16,1,Ontario,52.5,-89.5,9.1,55.0,10.1,2.5,0.27207856608230885,0.0034599912,0.00013172916,0.00980392156862745,0.3529191012494266,398,0
52_-90,2026-09-17,2,Ontario,52.5,-89.5,10.8,51.0,21.1,0.20000000000000007,2.085938412976141,0.0034599912,0.00013172916,0.00980392156862745,0.3529191012494266,390,0
52_-90,2026-09-18,3,Ontario,52.5,-89.5,12.6,41.0,13.5,0.0,4.405450806606977,0.00510037,0.00016979082,0.00980392156862745,0.5202377317473292,324,0
52_-90,2026-09-19,4,Ontario,52.5,-89.5,14.5,77.0,14.8,6.4,0.20836333899855233,0.0034599912,0.00013172916,0.00980392156862745,0.3529191012494266,379,0
52_-90,2026-09-20,5,Ontario,52.5,-89.5,9.6,54.0,10.0,0.6,0.5723428207686381,0.0034599912,0.00013172916,0.00980392156862745,0.3529191012494266,387,0
52_-90,2026-09-21,6,Ontario,52.5,-89.5,14.0,50.0,7.3,0.0,1.2887134919098109,0.003771806,0.00013172916,0.00980392156862745,0.38472420210018754,367,0
52_-90,2026-09-22,7,Ontario,52.5,-89.5,16.3,45.0,11.1,0.0,5.292970220883319,0.005107495,0.00019753922,0.00980392156862745,0.520964490249753,332,0
52_-91,2026-09-15,0,Ontario,52.5,-90.5,10.896588573281248,87.62348434357058,20.31989380414415,18.88832985649009,0.18682749308299015,0.0039100684,0.00016979082,0.00980392156862745,0.3988269791007042,375,0
52_-91,2026-09-16,1,Ontario,52.5,-90.5,10.4,48.0,9.4,2.4,0.1828223368355601,0.0034599912,0.00016979082,0.00980392156862745,0.3529191012494266,399,0
52_-91,2026-09-17,2,Ontario,52.5,-90.5,11.2,47.0,20.9,0.0,1.772525882777513,0.003771806,0.00016979082,0.00980392156862745,0.38472420210018754,353,0
52_-91,2026-09-18,3,Ontario,52.5,-90.5,14.1,38.0,14.7,0.0,5.0926496179237155,0.006459243,0.00019753922,0.00980392156862745,0.6588427992537618,272,0
52_-91,2026-09-19,4,Ontario,52.5,-90.5,14.5,76.0,16.2,3.4,0.558640874186209,0.00510037,0.00016979082,0.00980392156862745,0.5202377317473292,331,0
52_-91,2026-09-20,5,Ontario,52.5,-90.5,11.2,49.0,8.8,0.0,0.7840917002807153,0.0034599912,0.00016979082,0.00980392156862745,0.3529191012494266,388,0
52_-91,2026-09-21,6,Ontario,52.5,-90.5,15.9,43.0,10.3,0.0,4.190260576156475,0.005107495,0.00019753922,0.00980392156862745,0.520964490249753,313,0
52_-91,2026-09-22,7,Ontario,52.5,-90.5,18.4,43.0,13.1,0.0,8.115299544762424,0.008237548,0.00036769436,0.00980392156862745,0.8402299135923386,278,0
52_-92,2026-09-15,0,Ontario,52.5,-91.5,10.290620531987328,89.99449219852396,14.135779709909134,13.609473274179356,0.08130683495031725,0.005107495,0.00016979082,0.013725490196078431,0.37211749303553787,321,0
52_-92,2026-09-16,1,Ontario,52.5,-91.5,8.0,73.0,10.2,0.0,0.15369534076466398,0.00510037,0.00016979082,0.013725490196078431,0.3715983798195209,335,0
52_-92,2026-09-17,2,Ontario,52.5,-91.5,8.0,53.0,23.2,0.0,1.9213822148168664,0.003771806,0.00013172916,0.013725490196078431,0.274803001500134,354,0
52_-92,2026-09-18,3,Ontario,52.5,-91.5,11.5,41.0,12.8,0.0,3.280051960573459,0.005107495,0.00016979082,0.013725490196078431,0.37211749303553787,296,0
52_-92,2026-09-19,4,Ontario,52.5,-91.5,10.0,94.0,8.7,2.8000000000000003,0.13934289189563243,0.0041958042,0.00013172916,0.013725490196078431,0.3056943090632558,342,0
52_-92,2026-09-20,5,Ontario,52.5,-91.5,11.2,46.0,2.4,0.2,0.4234597033718582,0.00510037,0.00013172916,0.013725490196078431,0.3715983798195209,324,0
52_-92,2026-09-21,6,Ontario,52.5,-91.5,15.0,40.0,14.5,0.0,4.208340407326742,0.006459243,0.00019753922,0.013725490196078431,0.4706019994669727,289,0
52_-92,2026-09-22,7,Ontario,52.5,-91.5,16.3,43.0,15.5,0.0,8.3697218010724,0.008237548,0.00019753922,0.013725490196078431,0.6001642239945275,279,0
52_-93,2026-09-15,0,Ontario,52.5,-92.5,10.784813687509786,85.59722676492704,18.987920802860387,19.67275005131732,0.046729614766260016,0.006459243,0.00019753922,0.01764705882352941,0.36602377736320096,278,0
52_-93,2026-09-16,1,Ontario,52.5,-92.5,9.1,72.0,10.8,0.0,0.245296503973117,0.005107495,0.00019753922,0.01764705882352941,0.2894247168054183,297,0
52_-93,2026-09-17,2,Ontario,52.5,-92.5,8.2,56.0,18.6,0.0,1.1615004580772534,0.00510037,0.00016979082,0.01764705882352941,0.2890209620818496,331,0
52_-93,2026-09-18,3,Ontario,52.5,-92.5,12.1,40.0,13.7,0.0,3.7855399742062876,0.006459243,0.00019753922,0.01764705882352941,0.36602377736320096,273,0
52_-93,2026-09-19,4,Ontario,52.5,-92.5,10.6,93.0,9.2,1.7,0.49180257791484805,0.00510037,0.00016979082,0.01764705882352941,0.2890209620818496,332,0
52_-93,2026-09-20,5,Ontario,52.5,-92.5,11.1,49.0,2.4,0.1,0.6046102568046261,0.00510037,0.00016979082,0.01764705882352941,0.2890209620818496,325,0
52_-93,2026-09-21,6,Ontario,52.5,-92.5,15.1,41.0,14.1,0.0,5.764488420810486,0.0085633695,0.00019753922,0.01764705882352941,0.4852576057116191,243,0
52_-93,2026-09-22,7,Ontario,52.5,-92.5,16.4,44.0,16.4,0.0,9.651369158011542,0.01158889,0.00036769436,0.01764705882352941,0.6567037726442019,204,0
52_-94,2026-09-15,0,Ontario,52.5,-93.5,11.120494108268502,83.22382646470925,19.777523688133066,19.535139128469446,0.06544267903495603,0.00510037,0.00016979082,0.00784313725490196,0.6502971646841615,356,0
52_-94,2026-09-16,1,Ontario,52.5,-93.5,9.1,76.0,12.6,0.0,0.2934567160802333,0.0039100684,0.00016979082,0.00784313725490196,0.49853372387588024,362,0
52_-94,2026-09-17,2,Ontario,52.5,-93.5,8.2,62.0,15.8,0.0,0.872008951793202,0.0034599912,0.00013172916,0.00784313725490196,0.44114887656178325,391,0
52_-94,2026-09-18,3,Ontario,52.5,-93.5,13.1,37.0,13.0,0.0,3.951595848843686,0.006459243,0.00016979082,0.00784313725490196,0.8235534990672022,274,0
52_-94,2026-09-19,4,Ontario,52.5,-93.5,12.7,86.0,13.8,1.5,0.9017417768282524,0.00510037,0.00013172916,0.00784313725490196,0.6502971646841615,333,0
52_-94,2026-09-20,5,Ontario,52.5,-93.5,11.2,48.0,5.6,0.0,1.428607541544823,0.00510037,0.00016979082,0.00784313725490196,0.6502971646841615,326,0
52_-94,2026-09-21,6,Ontario,52.5,-93.5,15.3,42.0,13.7,0.0,7.181928005021794,0.006459243,0.00016979082,0.00784313725490196,0.8235534990672022,290,0
52_-94,2026-09-22,7,Ontario,52.5,-93.5,16.0,46.0,17.3,0.0,10.653944999156924,0.008910148,0.00019753922,0.00784313725490196,1.1360439215786755,239,0
52_-95,2026-09-15,0,Ontario,52.5,-94.5,11.020851871314333,90.23949655364518,15.26108553225576,20.33684712595792,0.023188247473871198,0.006459243,0.00019753922,0.01764705882352941,0.36602377736320096,279,0
52_-95,2026-09-16,1,Ontario,52.5,-94.5,10.0,71.0,14.2,0.0,0.2529937569559873,0.006459243,0.00018879138,0.01764705882352941,0.36602377736320096,270,0
52_-95,2026-09-17,2,Ontario,52.5,-94.5,8.6,58.0,13.0,0.0,0.7976495642388972,0.005107495,0.00016979082,0.01764705882352941,0.2894247168054183,300,0
52_-95,2026-09-18,3,Ontario,52.5,-94.5,13.4,37.0,15.2,0.0,4.790099266958005,0.0085633695,0.00019753922,0.01764705882352941,0.4852576057116191,227,0
52_-95,2026-09-19,4,Ontario,52.5,-94.5,12.2,87.0,15.1,1.1,1.6854494098229922,0.006459243,0.00016979082,0.01764705882352941,0.36602377736320096,281,0
52_-95,2026-09-20,5,Ontario,52.5,-94.5,11.2,48.0,7.1,0.0,2.5809082176720177,0.006459243,0.00016979082,0.01764705882352941,0.36602377736320096,278,0
52_-95,2026-09-21,6,Ontario,52.5,-94.5,15.3,43.0,14.5,0.0,8.21094691683599,0.009431681,0.00019753922,0.01764705882352941,0.5344619043171406,224,0
52_-95,2026-09-22,7,Ontario,52.5,-94.5,15.6,48.0,18.4,0.0,11.186435343910423,0.01158889,0.00036769436,0.01764705882352941,0.6567037726442019,205,0
52_-96,2026-09-15,0,Manitoba,52.5,-95.5,10.66986686207925,93.08433696163661,15.081305439923941,18.656991938345875,0.0,0.005107495,0.00016979082,0.00980392156862745,0.520964490249753,322,0
52_-96,2026-09-16,1,Manitoba,52.5,-95.5,10.7,71.0,13.4,0.0,0.21206522927099583,0.005107495,0.00016979082,0.00980392156862745,0.520964490249753,298,0
52_-96,2026-09-17,2,Manitoba,52.5,-95.5,8.9,64.0,8.7,0.0,0.6011089152092223,0.00510037,0.00016979082,0.00980392156862745,0.5202377317473292,332,0
52_-96,2026-09-18,3,Manitoba,52.5,-95.5,13.7,39.0,17.7,0.0,4.972076901509704,0.005107495,0.00019753922,0.00980392156862745,0.520964490249753,297,0
52_-96,2026-09-19,4,Manitoba,52.5,-95.5,12.2,84.0,16.1,1.4,1.649267680683582,0.00510037,0.00013172916,0.00980392156862745,0.5202377317473292,334,0
52_-96,2026-09-20,5,Manitoba,52.5,-95.5,11.8,48.0,9.1,0.0,2.8131201304527944,0.00510037,0.00016979082,0.00980392156862745,0.5202377317473292,327,0
52_-96,2026-09-21,6,Manitoba,52.5,-95.5,15.4,50.0,15.0,0.0,7.4464822830300745,0.006459243,0.00016979082,0.00980392156862745,0.6588427992537618,291,0
52_-96,2026-09-22,7,Manitoba,52.5,-95.5,15.8,55.0,19.6,0.0,10.391761997159806,0.006459243,0.00036769436,0.00980392156862745,0.6588427992537618,303,0
52_-97,2026-09-15,0,Manitoba,52.5,-96.5,10.982368793134958,90.14634665484402,25.102176458976658,19.81789358543858,0.0,0.003771806,0.00016979082,0.00784313725490196,0.4809052526252344,379,0
52_-97,2026-09-16,1,Manitoba,52.5,-96.5,11.5,71.0,14.8,0.7,0.26675566265882,0.00510037,0.00016979082,0.00784313725490196,0.6502971646841615,336,0
52_-97,2026-09-17,2,Manitoba,52.5,-96.5,9.7,64.0,5.1,0.0,0.4301168288102318,0.0034599912,0.00013172916,0.00784313725490196,0.44114887656178325,392,0
52_-97,2026-09-18,3,Manitoba,52.5,-96.5,13.8,44.0,15.8,0.0,3.413600152004783,0.0041958042,0.00016979082,0.00784313725490196,0.5349650408606976,335,0
52_-97,2026-09-19,4,Manitoba,52.5,-96.5,12.4,81.0,15.3,0.2,3.4837373005110197,0.0034599912,0.00013172916,0.00784313725490196,0.44114887656178325,380,0
52_-97,2026-09-20,5,Manitoba,52.5,-96.5,12.2,51.0,8.9,0.0,4.064936021576016,0.00510037,0.00016979082,0.00784313725490196,0.6502971646841615,328,0
52_-97,2026-09-21,6,Manitoba,52.5,-96.5,16.3,56.0,13.5,0.0,6.497671053388352,0.005107495,0.00016979082,0.00784313725490196,0.6512056128121912,314,0
52_-97,2026-09-22,7,Manitoba,52.5,-96.5,15.8,62.0,17.3,0.0,8.251381810518259,0.006459243,0.00019753922,0.00784313725490196,0.8235534990672022,304,0
52_-98,2026-09-15,0,Manitoba,52.5,-97.5,10.901034412016203,86.90332704538378,40.68443415412783,15.927078473460492,1.0508541313862374,0.0007248675,0.0,0.0,,635,0
52_-98,2026-09-16,1,Manitoba,52.5,-97.5,10.2,83.0,35.2,0.0,0.8120847511847612,0.0007248675,0.0,0.0,,627,0
52_-98,2026-09-17,2,Manitoba,52.5,-97.5,9.1,60.0,1.8,0.0,0.30182977903112684,0.0007248675,0.0,0.0,,626,0
52_-98,2026-09-18,3,Manitoba,52.5,-97.5,12.0,64.0,36.1,0.0,6.010457698654791,0.0007248675,0.0,0.0,,607,0
52_-98,2026-09-19,4,Manitoba,52.5,-97.5,11.1,80.0,24.5,1.1,2.150568314380878,0.0007248675,0.0,0.0,,615,0
52_-98,2026-09-20,5,Manitoba,52.5,-97.5,9.6,67.0,21.3,0.0,3.1708742483253487,0.0007248675,0.0,0.0,,617,0
52_-98,2026-09-21,6,Manitoba,52.5,-97.5,12.9,69.0,26.3,0.0,5.927092593003007,0.0007248675,0.0,0.0,,624,0
52_-98,2026-09-22,7,Manitoba,52.5,-97.5,13.4,76.0,32.5,0.0,8.32287053536462,0.0007248675,0.0,0.0,,632,0
52_-99,2026-09-15,0,Manitoba,52.5,-98.5,10.53874771543436,73.59600809074132,24.33452567752767,13.418828595392272,0.4014044676862606,0.0020446682,0.0,0.00196078431372549,1.0427807760424912,533,0
52_-99,2026-09-16,1,Manitoba,52.5,-98.5,12.3,71.0,16.6,0.0,0.794440098788801,0.0020446682,0.0,0.00196078431372549,1.0427807760424912,515,0
52_-99,2026-09-17,2,Manitoba,52.5,-98.5,12.2,59.0,3.1,0.0,0.6281740507171638,0.0020446682,0.0,0.00196078431372549,1.0427807760424912,510,0
52_-99,2026-09-18,3,Manitoba,52.5,-98.5,16.5,46.0,19.1,0.0,7.239910527156571,0.0020446682,0.0,0.00196078431372549,1.0427807760424912,501,0
52_-99,2026-09-19,4,Manitoba,52.5,-98.5,13.8,67.0,20.7,0.0,8.224786414710591,0.0015167142,0.0,0.00196078431372549,0.7735242554917932,547,0
52_-99,2026-09-20,5,Manitoba,52.5,-98.5,14.3,59.0,10.0,0.0,5.454519544242142,0.0015890634,0.0,0.00196078431372549,0.8104223536793143,537,0
52_-99,2026-09-21,6,Manitoba,52.5,-98.5,18.5,56.0,15.3,0.0,8.514732235394842,0.0020446682,0.0,0.00196078431372549,1.0427807760424912,513,0
52_-99,2026-09-22,7,Manitoba,52.5,-98.5,18.2,60.0,16.3,0.0,9.448431814583818,0.0022243848,0.00010140445,0.00196078431372549,1.1344362515956163,499,0
53_-100,2026-09-15,0,Manitoba,53.5,-99.5,8.069322962617923,82.40845138668512,15.83325122505792,13.686065534420006,0.15363866590992523,0.002782071,0.0,0.00196078431372549,1.4188562147319317,495,0
53_-100,2026-09-16,1,Manitoba,53.5,-99.5,12.7,67.0,16.7,0.2,0.7641118644119778,0.0022243848,0.0,0.00196078431372549,1.1344362515956163,483,0
53_-100,2026-09-17,2,Manitoba,53.5,-99.5,13.1,49.0,6.0,2.6,0.4220272740428983,0.003292181,0.0,0.00196078431372549,1.6790123423561454,460,0
53_-100,2026-09-18,3,Manitoba,53.5,-99.5,16.2,68.0,16.2,0.0,1.981968650173498,0.002782071,0.0,0.00196078431372549,1.4188562147319317,460,0
53_-100,2026-09-19,4,Manitoba,53.5,-99.5,12.6,65.0,9.2,0.0,2.270262835646984,0.003292181,0.0,0.00196078431372549,1.6790123423561454,440,0
53_-100,2026-09-20,5,Manitoba,53.5,-99.5,14.3,68.0,12.9,0.0,3.994590661684876,0.0022243848,0.0,0.00196078431372549,1.1344362515956163,471,0
53_-100,2026-09-21,6,Manitoba,53.5,-99.5,17.5,72.0,11.3,0.0,4.174387169757332,0.0022243848,0.0,0.00196078431372549,1.1344362515956163,487,0
53_-100,2026-09-22,7,Manitoba,53.5,-99.5,18.6,67.0,20.7,0.0,8.03101890347728,0.0034599912,0.00010140445,0.00196078431372549,1.764595506247133,410,0
53_-101,2026-09-15,0,Manitoba,53.5,-100.5,9.820072305340393,57.94105717696519,21.062656739170333,3.793001959202667,3.260100343732319,0.0012195122,0.0,0.0,,619,0
53_-101,2026-09-16,1,Manitoba,53.5,-100.5,13.0,67.0,15.2,0.29999999999999993,2.94252432359397,0.0007248675,0.0,0.0,,628,0
53_-101,2026-09-17,2,Manitoba,53.5,-100.5,12.7,56.0,10.5,0.9,2.6947857364004504,0.0007248675,0.0,0.0,,627,0
53_-101,2026-09-18,3,Manitoba,53.5,-100.5,16.0,67.0,9.7,0.0,3.954873142780082,0.0007248675,0.0,0.0,,608,0
53_-101,2026-09-19,4,Manitoba,53.5,-100.5,13.4,61.0,6.9,0.0,4.321149912075593,0.0007248675,0.0,0.0,,616,0
53_-101,2026-09-20,5,Manitoba,53.5,-100.5,14.1,68.0,13.2,0.0,6.225980960890384,0.0007248675,0.0,0.0,,618,0
53_-101,2026-09-21,6,Manitoba,53.5,-100.5,17.1,69.0,11.2,0.0,5.928185603811727,0.0007248675,0.0,0.0,,625,0
53_-101,2026-09-22,7,Manitoba,53.5,-100.5,17.7,68.0,20.2,0.0,9.484911262605557,0.0012195122,0.0,0.0,,608,0
53_-102,2026-09-15,0,Manitoba,53.5,-101.5,9.817746466588927,58.334430267692056,20.056935925707386,8.575083851968085,0.6566051022356638,0.0034599912,0.00013172916,0.00392156862745098,0.8822977531235665,421,0
53_-102,2026-09-16,1,Manitoba,53.5,-101.5,14.9,51.0,13.0,0.0,1.5229773054733005,0.0034599912,0.00010140445,0.00392156862745098,0.8822977531235665,400,0
53_-102,2026-09-17,2,Manitoba,53.5,-101.5,14.6,50.0,10.8,1.1,2.241840796381452,0.0034599912,0.00010140445,0.00392156862745098,0.8822977531235665,393,0
53_-102,2026-09-18,3,Manitoba,53.5,-101.5,18.2,57.0,5.6,0.0,3.512957634780744,0.0034599912,0.00013172916,0.00392156862745098,0.8822977531235665,383,0
53_-102,2026-09-19,4,Manitoba,53.5,-101.5,14.1,55.0,4.8,0.0,4.347715578386668,0.0034599912,0.00010140445,0.00392156862745098,0.8822977531235665,381,0
53_-102,2026-09-20,5,Manitoba,53.5,-101.5,14.6,57.0,10.3,0.0,6.378798942280633,0.0034599912,0.00010140445,0.00392156862745098,0.8822977531235665,389,0
53_-102,2026-09-21,6,Manitoba,53.5,-101.5,19.0,60.0,11.3,0.0,7.309964803325422,0.0034599912,0.00013172916,0.00392156862745098,0.8822977531235665,402,0
53_-102,2026-09-22,7,Manitoba,53.5,-101.5,20.9,54.0,17.3,0.0,11.498022511485102,0.00510037,0.00016979082,0.00392156862745098,1.300594329368323,358,0
53_-103,2026-09-15,0,Saskatchewan,53.5,-102.5,7.81371653782965,66.86412819647516,17.916789052413307,6.421959079561418,0.596016553532595,0.0085633695,0.00019753922,0.027450980392156862,0.3119513179574694,228,0
53_-103,2026-09-16,1,Saskatchewan,53.5,-102.5,13.1,59.0,19.3,0.0,0.8718240082062254,0.008910148,0.00019753922,0.027450980392156862,0.3245839775939073,203,0
53_-103,2026-09-17,2,Saskatchewan,53.5,-102.5,18.2,48.0,9.7,0.4,2.5811463677135857,0.01158889,0.00036769436,0.027450980392156862,0.42216671098555836,180,0
53_-103,2026-09-18,3,Saskatchewan,53.5,-102.5,18.1,62.0,10.2,0.0,3.7318856137406917,0.01158889,0.00036769436,0.027450980392156862,0.42216671098555836,181,0
53_-103,2026-09-19,4,Saskatchewan,53.5,-102.5,15.6,53.0,6.1,0.0,3.9080543068934843,0.01158889,0.00036769436,0.027450980392156862,0.42216671098555836,190,0
53_-103,2026-09-20,5,Saskatchewan,53.5,-102.5,17.7,44.0,14.7,0.0,8.587297931256392,0.013666987,0.00036769436,0.027450980392156862,0.49786882741110666,167,0
53_-103,2026-09-21,6,Saskatchewan,53.5,-102.5,21.2,57.0,12.4,0.0,8.394343395738813,0.019046638,0.00036769436,0.027450980392156862,0.6938418187201023,136,0
53_-103,2026-09-22,7,Saskatchewan,53.5,-102.5,22.0,51.0,19.4,0.0,12.158999610494694,0.023706896,0.0007264472,0.027450980392156862,0.8636083626853568,127,0
53_-104,2026-09-15,0,Saskatchewan,53.5,-103.5,12.052807440347731,49.07809695883971,9.996334635106077,1.2240748036605835,1.8425873726918967,0.0022243848,0.0,0.0,,510,0
53_-104,2026-09-16,1,Saskatchewan,53.5,-103.5,11.4,74.0,16.0,0.6,3.1089691185319484,0.0020446682,0.0,0.0,,516,0
53_-104,2026-09-17,2,Saskatchewan,53.5,-103.5,16.7,60.0,10.4,0.1,4.2256246917878855,0.0022243848,0.0,0.0,,484,0
53_-104,2026-09-18,3,Saskatchewan,53.5,-103.5,17.7,66.0,7.9,0.0,4.369504852416633,0.0020446682,0.0,0.0,,502,0
53_-104,2026-09-19,4,Saskatchewan,53.5,-103.5,16.0,61.0,2.9,0.0,3.8303552123619773,0.0022243848,0.00010140445,0.0,,471,0
53_-104,2026-09-20,5,Saskatchewan,53.5,-103.5,16.6,60.0,14.9,0.0,7.82130941823646,0.0022243848,0.00010140445,0.0,,472,0
53_-104,2026-09-21,6,Saskatchewan,53.5,-103.5,19.7,68.0,14.5,0.0,8.034508570701448,0.002782071,0.00013172916,0.0,,478,0
53_-104,2026-09-22,7,Saskatchewan,53.5,-103.5,21.0,58.0,21.8,0.0,12.783975801238613,0.0034599912,0.00016979082,0.0,,411,0
53_-105,2026-09-15,0,Saskatchewan,53.5,-104.5,11.767320400173439,48.703021780597474,15.981862727704868,1.1621432724808292,4.514213851481889,0.006459243,0.00019753922,0.011764705882352941,0.5490356660448015,280,0
53_-105,2026-09-16,1,Saskatchewan,53.5,-104.5,11.8,68.0,18.9,0.2,6.0645448010933585,0.006459243,0.00016979082,0.011764705882352941,0.5490356660448015,271,0
53_-105,2026-09-17,2,Saskatchewan,53.5,-104.5,16.0,64.0,11.4,0.1,5.3377509608374485,0.006459243,0.00016979082,0.011764705882352941,0.5490356660448015,269,0
53_-105,2026-09-18,3,Saskatchewan,53.5,-104.5,18.9,64.0,7.1,0.0,5.057760005925208,0.008237548,0.00019753922,0.011764705882352941,0.7001915946602821,241,0
53_-105,2026-09-19,4,Saskatchewan,53.5,-104.5,15.6,59.0,5.1,0.0,5.103447296880565,0.008237548,0.00019753922,0.011764705882352941,0.7001915946602821,252,0
53_-105,2026-09-20,5,Saskatchewan,53.5,-104.5,16.4,67.0,13.9,0.0,8.063632215008935,0.008237548,0.00036769436,0.011764705882352941,0.7001915946602821,254,0
53_-105,2026-09-21,6,Saskatchewan,53.5,-104.5,18.9,72.0,13.6,0.0,8.176886821662878,0.008237548,0.00036769436,0.011764705882352941,0.7001915946602821,256,0
53_-105,2026-09-22,7,Saskatchewan,53.5,-104.5,19.8,64.0,22.9,0.0,12.588875677057093,0.0085633695,0.00036769436,0.011764705882352941,0.7278864085674286,257,0
53_-106,2026-09-15,0,Saskatchewan,53.5,-105.5,11.44204401199281,54.67184097149159,14.511567709486696,0.5341501077232966,3.735104403541537,0.019046638,0.00036769436,0.03725490196078431,0.5112518664253386,99,0
53_-106,2026-09-16,1,Saskatchewan,53.5,-105.5,11.4,68.0,15.2,1.3,1.9382508786846064,0.013233952,0.00019753922,0.03725490196078431,0.35522713865104477,140,0
53_-106,2026-09-17,2,Saskatchewan,53.5,-105.5,15.6,67.0,13.4,0.0,3.455575818639039,0.019046638,0.00019753922,0.03725490196078431,0.5112518664253386,110,0
53_-106,2026-09-18,3,Saskatchewan,53.5,-105.5,18.9,57.0,10.2,0.0,5.2332532636525855,0.024334805,0.00036769436,0.03725490196078431,0.6531973996836888,96,0
53_-106,2026-09-19,4,Saskatchewan,53.5,-105.5,16.0,59.0,7.1,0.0,5.043845193733404,0.026660934,0.00036769436,0.03725490196078431,0.7156355992743844,101,0
53_-106,2026-09-20,5,Saskatchewan,53.5,-105.5,15.8,71.0,13.6,0.0,6.902587673233813,0.027721774,0.00036769436,0.03725490196078431,0.7441107713078198,93,0
53_-106,2026-09-21,6,Saskatchewan,53.5,-105.5,18.2,75.0,14.8,0.0,7.162565722464969,0.027721774,0.00036769436,0.03725490196078431,0.7441107713078198,93,0
53_-106,2026-09-22,7,Saskatchewan,53.5,-105.5,19.0,66.0,22.8,0.0,10.778532452154312,0.029426603,0.00046264168,0.03725490196078431,0.78987196578007,85,0
53_-107,2026-09-15,0,Saskatchewan,53.5,-106.5,11.289118806413832,50.55276981249984,8.0664236622526,1.0258879988858824,2.872636585217663,0.006459243,0.00019753922,0.01568627450980392,0.4117767495336011,281,0
53_-107,2026-09-16,1,Saskatchewan,53.5,-106.5,12.0,62.0,13.2,0.9,2.4061383389658926,0.005107495,0.00016979082,0.01568627450980392,0.3256028064060956,299,0
53_-107,2026-09-17,2,Saskatchewan,53.5,-106.5,15.9,64.0,16.3,0.0,5.058811220184866,0.006459243,0.00016979082,0.01568627450980392,0.4117767495336011,270,0
53_-107,2026-09-18,3,Saskatchewan,53.5,-106.5,18.6,63.0,6.8,0.0,4.064335822957842,0.0085633695,0.00019753922,0.01568627450980392,0.5459148064255714,228,0
53_-107,2026-09-19,4,Saskatchewan,53.5,-106.5,16.9,57.0,11.0,0.0,6.297564462106966,0.01158889,0.00036769436,0.01568627450980392,0.7387917442247272,191,0
53_-107,2026-09-20,5,Saskatchewan,53.5,-106.5,16.3,69.0,13.9,0.0,7.3871088352124294,0.01158889,0.00036769436,0.01568627450980392,0.7387917442247272,194,0
53_-107,2026-09-21,6,Saskatchewan,53.5,-106.5,18.4,73.0,15.4,0.0,7.8333712675894445,0.01158889,0.00036769436,0.01568627450980392,0.7387917442247272,194,0
53_-107,2026-09-22,7,Saskatchewan,53.5,-106.5,19.0,64.0,22.0,0.0,11.033731985059656,0.01158889,0.00036769436,0.01568627450980392,0.7387917442247272,206,0
53_-108,2026-09-15,0,Saskatchewan,53.5,-107.5,9.825712442624491,64.44683414935783,8.796708972661067,0.7071526524761697,3.663376403177095,0.006459243,0.00019753922,0.01764705882352941,0.36602377736320096,282,0
53_-108,2026-09-16,1,Saskatchewan,53.5,-107.5,11.9,64.0,12.1,5.5,0.3122106525925578,0.006459243,0.00016979082,0.01764705882352941,0.36602377736320096,272,0
53_-108,2026-09-17,2,Saskatchewan,53.5,-107.5,16.6,60.0,16.3,0.0,1.7150990870967067,0.008237548,0.00019753922,0.01764705882352941,0.4667943964401881,244,0
53_-108,2026-09-18,3,Saskatchewan,53.5,-107.5,16.6,68.0,6.1,0.0,1.5923767498539274,0.008237548,0.00019753922,0.01764705882352941,0.4667943964401881,242,0
53_-108,2026-09-19,4,Saskatchewan,53.5,-107.5,17.9,48.0,13.0,0.0,6.48035021335881,0.01158889,0.00036769436,0.01764705882352941,0.6567037726442019,192,0
53_-108,2026-09-20,5,Saskatchewan,53.5,-107.5,17.0,65.0,13.9,0.0,7.204949494433697,0.008910148,0.00036769436,0.01764705882352941,0.5049084095905224,223,0
53_-108,2026-09-21,6,Saskatchewan,53.5,-107.5,19.0,68.0,16.0,0.0,8.366116983406187,0.008910148,0.00036769436,0.01764705882352941,0.5049084095905224,232,0
53_-108,2026-09-22,7,Saskatchewan,53.5,-107.5,18.6,65.0,19.1,0.0,10.093262007701036,0.008910148,0.00046264168,0.01764705882352941,0.5049084095905224,240,0
53_-109,2026-09-15,0,Saskatchewan,53.5,-108.5,9.630755129479171,66.63547396740968,5.5411051988984985,0.8550498163073129,2.0838525029300867,0.0020446682,0.0,0.00196078431372549,1.0427807760424912,534,0
53_-109,2026-09-16,1,Saskatchewan,53.5,-108.5,11.7,64.0,9.0,8.7,0.10263844761801715,0.0020446682,0.0,0.00196078431372549,1.0427807760424912,517,0
53_-109,2026-09-17,2,Saskatchewan,53.5,-108.5,15.2,63.0,17.3,0.0,0.98886749742547,0.0020446682,0.0,0.00196078431372549,1.0427807760424912,511,0
53_-109,2026-09-18,3,Saskatchewan,53.5,-108.5,17.8,58.0,4.0,0.0,0.9891699746863152,0.003292181,0.0,0.00196078431372549,1.6790123423561454,445,0
53_-109,2026-09-19,4,Saskatchewan,53.5,-108.5,16.8,57.0,15.5,0.0,5.798738679196252,0.0020446682,4.9883256e-05,0.00196078431372549,1.0427807760424912,496,0
53_-109,2026-09-20,5,Saskatchewan,53.5,-108.5,16.0,66.0,13.6,0.0,5.652936475185428,0.0020446682,0.00010140445,0.00196078431372549,1.0427807760424912,501,0
53_-109,2026-09-21,6,Saskatchewan,53.5,-108.5,18.1,68.0,16.9,0.0,7.048262280040892,0.0020446682,0.00010140445,0.00196078431372549,1.0427807760424912,514,0
53_-109,2026-09-22,7,Saskatchewan,53.5,-108.5,18.2,64.0,20.8,0.0,9.316171110586042,0.003292181,0.00010140445,0.00196078431372549,1.6790123423561454,468,0
53_-110,2026-09-15,0,Saskatchewan,53.5,-109.5,9.680704044906701,65.72824960154135,5.814594431088626,0.08648169760316617,4.562512815003897,0.002782071,0.0,0.00196078431372549,1.4188562147319317,496,0
53_-110,2026-09-16,1,Saskatchewan,53.5,-109.5,12.2,64.0,8.0,2.0,1.209995520544611,0.0022243848,0.0,0.00196078431372549,1.1344362515956163,484,0
53_-110,2026-09-17,2,Saskatchewan,53.5,-109.5,16.3,61.0,16.0,0.0,5.478612222385915,0.0022243848,0.0,0.00196078431372549,1.1344362515956163,485,0
53_-110,2026-09-18,3,Saskatchewan,53.5,-109.5,18.1,61.0,3.4,0.0,4.3492973084149815,0.002782071,0.0,0.00196078431372549,1.4188562147319317,461,0
53_-110,2026-09-19,4,Saskatchewan,53.5,-109.5,16.8,63.0,14.3,0.0,8.654816996467108,0.0022243848,0.00010140445,0.00196078431372549,1.1344362515956163,472,0
53_-110,2026-09-20,5,Saskatchewan,53.5,-109.5,17.4,62.0,12.8,0.0,8.8869824420983,0.003292181,0.00010140445,0.00196078431372549,1.6790123423561454,449,0
53_-110,2026-09-21,6,Saskatchewan,53.5,-109.5,18.8,67.0,16.2,0.0,10.632288859855876,0.003292181,0.00010140445,0.00196078431372549,1.6790123423561454,470,0
53_-110,2026-09-22,7,Saskatchewan,53.5,-109.5,19.3,63.0,18.0,0.0,12.09259824770108,0.0034599912,0.00010140445,0.00196078431372549,1.764595506247133,412,0
53_-116,2026-09-15,0,Alberta,53.5,-115.5,13.268920828202434,56.70586447893339,5.049864529622124,0.0,4.668651970541015,0.03278111,0.00019753922,0.06862745098039216,0.47766759140150883,24,1
53_-116,2026-09-16,1,Alberta,53.5,-115.5,16.1,39.0,7.3,0.1,8.378638854855218,0.039974753,0.00036769436,0.06862745098039216,0.58248925528356,15,1
53_-116,2026-09-17,2,Alberta,53.5,-115.5,18.6,39.0,7.7,0.0,10.463213210430084,0.054577813,0.00036769436,0.06862745098039216,0.7952766971928732,12,1
53_-116,2026-09-18,3,Alberta,53.5,-115.5,16.9,56.0,4.1,0.0,8.317746332286172,0.054577813,0.00036769436,0.06862745098039216,0.7952766971928732,23,1
53_-116,2026-09-19,4,Alberta,53.5,-115.5,17.1,62.0,2.3,0.0,7.006525938610433,0.054577813,0.00036769436,0.06862745098039216,0.7952766971928732,29,1
53_-116,2026-09-20,5,Alberta,53.5,-115.5,18.7,55.0,1.1,0.0,6.926944563202979,0.055568106,0.00036769436,0.06862745098039216,0.809706694313458,28,1
53_-116,2026-09-21,6,Alberta,53.5,-115.5,19.7,48.0,4.1,0.0,8.840041467351767,0.06739664,0.00046264168,0.06862745098039216,0.982065337044852,20,1
53_-116,2026-09-22,7,Alberta,53.5,-115.5,15.0,51.0,10.8,0.0,12.083825829447388,0.055568106,0.00046264168,0.06862745098039216,0.809706694313458,27,1
53_-117,2026-09-15,0,Alberta,53.5,-116.5,12.468611035174265,56.93463139682185,3.0628580712994253,0.0,4.195246127420057,0.031681307,0.00019753922,0.06666666666666667,0.47521959990262985,40,1
53_-117,2026-09-16,1,Alberta,53.5,-116.5,14.9,43.0,5.1,0.0,6.921136940020396,0.039974753,0.00019753922,0.06666666666666667,0.5996212922036648,16,1
53_-117,2026-09-17,2,Alberta,53.5,-116.5,17.6,42.0,5.8,0.0,8.953350825694123,0.04981479,0.00036769436,0.06666666666666667,0.7472218573093414,20,1
53_-117,2026-09-18,3,Alberta,53.5,-116.5,17.3,50.0,2.8,0.0,8.253374501065935,0.04981479,0.00036769436,0.06666666666666667,0.7472218573093414,27,1
53_-117,2026-09-19,4,Alberta,53.5,-116.5,18.1,46.0,3.7,0.0,9.036135457076664,0.05585831,0.00036769436,0.06666666666666667,0.8378746546804905,21,1
53_-117,2026-09-20,5,Alberta,53.5,-116.5,18.6,47.0,2.2,0.0,8.881351393705689,0.06739664,0.00046264168,0.06666666666666667,1.0109496116638184,19,1
53_-117,2026-09-21,6,Alberta,53.5,-116.5,18.7,46.0,1.5,0.0,9.017477431167615,0.06966412,0.00046264168,0.06666666666666667,1.0449618101119995,16,1
53_-117,2026-09-22,7,Alberta,53.5,-116.5,14.8,52.0,7.0,0.0,11.347083262976845,0.055568106,0.00036769436,0.06666666666666667,0.8335215970873833,28,1
53_-118,2026-09-15,0,Alberta,53.5,-117.5,12.254200109588592,60.882967708419514,2.5792713397682934,0.17339890193034205,2.9062677658887854,0.031681307,0.00019753922,0.050980392156862744,0.6214410152572852,41,1
53_-118,2026-09-16,1,Alberta,53.5,-117.5,13.4,42.0,9.5,0.1,8.201371803859791,0.031681307,0.00019753922,0.050980392156862744,0.6214410152572852,43,1
53_-118,2026-09-17,2,Alberta,53.5,-117.5,15.5,42.0,8.0,0.0,9.804856717206567,0.03429977,0.00019753922,0.050980392156862744,0.6728031514928892,33,1
53_-118,2026-09-18,3,Alberta,53.5,-117.5,15.4,49.0,1.7,0.0,7.767043830044613,0.039974753,0.00019753922,0.050980392156862744,0.784120151343254,37,1
53_-118,2026-09-19,4,Alberta,53.5,-117.5,17.0,42.0,7.6,0.0,11.257441268105438,0.04981479,0.00036769436,0.050980392156862744,0.9771362749429849,33,1
53_-118,2026-09-20,5,Alberta,53.5,-117.5,17.5,42.0,4.4,0.0,10.516435163859253,0.055568106,0.00046264168,0.050980392156862744,1.0899897808065782,29,1
53_-118,2026-09-21,6,Alberta,53.5,-117.5,17.6,42.0,4.9,0.0,11.222647064609456,0.054577813,0.00046264168,0.050980392156862744,1.070564784682714,31,1
53_-118,2026-09-22,7,Alberta,53.5,-117.5,11.6,57.0,11.8,0.0,12.877652224235298,0.03429977,0.00036769436,0.050980392156862744,0.6728031514928892,49,1
53_-119,2026-09-15,0,Alberta,53.5,-118.5,11.950811588583054,50.7849612309705,5.569538219079688,0.3944850879181431,5.508124498387122,0.008237548,0.00013172916,0.011764705882352941,0.7001915946602821,248,0
53_-119,2026-09-16,1,Alberta,53.5,-118.5,10.0,38.0,12.8,1.1,7.841334818482197,0.0085633695,0.00014535792,0.011764705882352941,0.7278864085674286,215,0
53_-119,2026-09-17,2,Alberta,53.5,-118.5,12.7,41.0,9.8,0.0,12.739459722129512,0.01158889,0.00016979082,0.011764705882352941,0.9850556589663029,181,0
53_-119,2026-09-18,3,Alberta,53.5,-118.5,12.1,47.0,5.2,0.0,12.064887002301306,0.01158889,0.00016979082,0.011764705882352941,0.9850556589663029,182,0
53_-119,2026-09-19,4,Alberta,53.5,-118.5,14.2,39.0,8.7,0.0,16.942092014837964,0.01158889,0.00019753922,0.011764705882352941,0.9850556589663029,193,0
53_-119,2026-09-20,5,Alberta,53.5,-118.5,13.9,42.0,13.1,0.0,20.400959997819932,0.01158889,0.00036769436,0.011764705882352941,0.9850556589663029,195,0
53_-119,2026-09-21,6,Alberta,53.5,-118.5,13.4,41.0,13.9,0.0,21.47864521633453,0.01158889,0.00036769436,0.011764705882352941,0.9850556589663029,195,0
53_-119,2026-09-22,7,Alberta,53.5,-118.5,4.5,87.0,3.4,1.7999999999999998,2.3615025969460364,0.008237548,0.00013172916,0.011764705882352941,0.7001915946602821,280,0
53_-120,2026-09-15,0,British Columbia,53.5,-119.5,15.429573100964399,54.80524185329182,4.724093418597789,0.6853862898772223,5.391874919185394,0.008910148,0.0001462527,0.011764705882352941,0.7573626143857837,209,0
53_-120,2026-09-16,1,British Columbia,53.5,-119.5,5.5,49.0,10.6,0.9,2.351160469198811,0.006459243,0.00013172916,0.011764705882352941,0.5490356660448015,273,0
53_-120,2026-09-17,2,British Columbia,53.5,-119.5,8.2,47.0,8.1,0.0,4.090271340982411,0.008237548,0.00016979082,0.011764705882352941,0.7001915946602821,245,0
53_-120,2026-09-18,3,British Columbia,53.5,-119.5,8.6,53.0,3.2,0.0,4.068708637128251,0.008237548,0.00016979082,0.011764705882352941,0.7001915946602821,243,0
53_-120,2026-09-19,4,British Columbia,53.5,-119.5,9.8,45.0,7.3,0.0,6.737709616811187,0.008910148,0.00019753922,0.011764705882352941,0.7573626143857837,222,0
53_-120,2026-09-20,5,British Columbia,53.5,-119.5,9.5,50.0,11.1,0.0,8.432661452049986,0.0085633695,0.00019753922,0.011764705882352941,0.7278864085674286,235,0
53_-120,2026-09-21,6,British Columbia,53.5,-119.5,9.7,43.0,11.4,0.0,9.794143598951527,0.0085633695,0.00019753922,0.011764705882352941,0.7278864085674286,244,0
53_-120,2026-09-22,7,British Columbia,53.5,-119.5,1.6,80.0,4.5,6.3,0.025789339578540037,0.005107495,0.0,0.011764705882352941,0.4341370752081275,333,0
53_-121,2026-09-15,0,British Columbia,53.5,-120.5,18.126872083017076,49.910172921527106,3.790477919347435,0.0,6.600517061531313,0.020055054,0.00019753922,0.0196078431372549,1.0228077415376902,93,0
53_-121,2026-09-16,1,British Columbia,53.5,-120.5,17.5,41.0,4.0,0.0,8.369092277390944,0.024334805,0.00036769436,0.0196078431372549,1.2410750593990088,72,1
53_-121,2026-09-17,2,British Columbia,53.5,-120.5,18.3,40.0,2.7,0.0,9.104029886664945,0.027721774,0.00036769436,0.0196078431372549,1.4138104654848576,61,1
53_-121,2026-09-18,3,British Columbia,53.5,-120.5,18.4,41.0,1.5,0.0,9.19075028567104,0.029426603,0.00036769436,0.0196078431372549,1.500756734982133,62,1
53_-121,2026-09-19,4,British Columbia,53.5,-120.5,20.8,35.0,2.4,0.0,11.551404601314266,0.031681307,0.00046264168,0.0196078431372549,1.6157466396689415,60,1
53_-121,2026-09-20,5,British Columbia,53.5,-120.5,21.2,36.0,1.9,0.1,12.166094842940593,0.03278111,0.0007264472,0.0196078431372549,1.671836569905281,58,1
53_-121,2026-09-21,6,British Columbia,53.5,-120.5,20.5,33.0,6.0,0.0,15.63130321116414,0.031681307,0.0007264472,0.0196078431372549,1.6157466396689415,70,1
53_-121,2026-09-22,7,British Columbia,53.5,-120.5,11.6,71.0,2.5,1.3,2.6412746398944074,0.021778585,0.00019753922,0.0196078431372549,1.1107078548520803,133,0
53_-122,2026-09-15,0,British Columbia,53.5,-121.5,18.895701566451702,42.3835503899546,4.063234358152612,0.0,8.310990513961137,0.019046638,0.00036769436,0.00980392156862745,1.9427570924162865,100,0
53_-122,2026-09-16,1,British Columbia,53.5,-121.5,15.8,48.0,8.8,0.30000000000000004,10.636778536096552,0.01158889,0.00036769436,0.00980392156862745,1.1820667907595634,171,0
53_-122,2026-09-17,2,British Columbia,53.5,-121.5,16.3,45.0,3.3,0.0,8.83067304921457,0.013666987,0.00036769436,0.00980392156862745,1.3940327167510986,140,0
53_-122,2026-09-18,3,British Columbia,53.5,-121.5,17.5,43.0,4.6,0.0,9.970698008550393,0.016953317,0.00036769436,0.00980392156862745,1.7292383797466755,142,0
53_-122,2026-09-19,4,British Columbia,53.5,-121.5,17.5,44.0,3.4,0.0,9.907407884968915,0.019046638,0.00036769436,0.00980392156862745,1.9427570924162865,126,0
53_-122,2026-09-20,5,British Columbia,53.5,-121.5,18.8,40.0,8.5,0.0,13.59918999598781,0.019046638,0.00036769436,0.00980392156862745,1.9427570924162865,135,0
53_-122,2026-09-21,6,British Columbia,53.5,-121.5,18.4,37.0,11.9,0.0,17.030863820256858,0.019046638,0.00036769436,0.00980392156862745,1.9427570924162865,137,0
53_-122,2026-09-22,7,British Columbia,53.5,-121.5,11.3,65.0,6.0,1.6,2.733413281883524,0.01158889,0.00019753922,0.00980392156862745,1.1820667907595634,207,0
53_-123,2026-09-15,0,British Columbia,53.5,-122.5,18.420427473505104,55.23663715665823,2.576648771523388,0.0,8.513801596318853,0.031681307,0.00036769436,0.03137254901960784,1.0098416497930884,42,1
53_-123,2026-09-16,1,British Columbia,53.5,-122.5,15.2,45.0,11.6,0.2,14.249851116128571,0.031681307,0.00036769436,0.03137254901960784,1.0098416497930884,44,1
53_-123,2026-09-17,2,British Columbia,53.5,-122.5,15.9,49.0,5.3,0.0,11.403507097748562,0.032122906,0.00036769436,0.03137254901960784,1.0239176382310688,38,1
53_-123,2026-09-18,3,British Columbia,53.5,-122.5,17.4,50.0,6.7,0.0,12.429793446552074,0.031681307,0.00046264168,0.03137254901960784,1.0098416497930884,52,1
53_-123,2026-09-19,4,British Columbia,53.5,-122.5,16.8,48.0,5.8,0.0,12.332516364380183,0.03278111,0.00046264168,0.03137254901960784,1.0448978561908007,51,1
53_-123,2026-09-20,5,British Columbia,53.5,-122.5,17.6,43.0,13.3,0.0,18.324372260717777,0.03278111,0.0007264472,0.03137254901960784,1.0448978561908007,59,1
53_-123,2026-09-21,6,British Columbia,53.5,-122.5,17.4,41.0,17.8,0.0,23.08714428430434,0.031681307,0.00086677365,0.03137254901960784,1.0098416497930884,71,1
53_-123,2026-09-22,7,British Columbia,53.5,-122.5,10.7,68.0,7.3,2.7,2.2020399862775517,0.021778585,0.00019753922,0.03137254901960784,0.6941924092825502,134,0
53_-124,2026-09-15,0,British Columbia,53.5,-123.5,19.619019414450108,44.29387660273781,2.6335027135550027,0.21123866989875553,11.577530695667436,0.031681307,0.00046264168,0.013725490196078431,2.308209485241345,43,1
53_-124,2026-09-16,1,British Columbia,53.5,-123.5,17.2,43.0,6.7,0.0,14.016104113162596,0.026660934,0.00046264168,0.013725490196078431,1.9424394837447576,63,1
53_-124,2026-09-17,2,British Columbia,53.5,-123.5,17.8,46.0,4.1,0.0,13.034810078297943,0.027721774,0.00046264168,0.013725490196078431,2.0197292364069392,62,1
53_-124,2026-09-18,3,British Columbia,53.5,-123.5,18.9,48.0,4.2,0.0,13.476004997125711,0.029426603,0.0007264472,0.013725490196078431,2.1439381928316186,63,1
53_-124,2026-09-19,4,British Columbia,53.5,-123.5,18.1,49.0,5.4,0.0,14.505882595074107,0.027721774,0.0007264472,0.013725490196078431,2.0197292364069392,86,0
53_-124,2026-09-20,5,British Columbia,53.5,-123.5,17.9,44.0,6.5,0.0,15.549700653565107,0.029426603,0.00036769436,0.013725490196078431,2.1439381928316186,87,0
53_-124,2026-09-21,6,British Columbia,53.5,-123.5,18.1,47.0,11.1,0.0,18.94447256772556,0.024334805,0.00046264168,0.013725490196078431,1.7729643705700124,112,0
53_-124,2026-09-22,7,British Columbia,53.5,-123.5,12.1,58.0,6.0,0.30000000000000004,13.632979503267455,0.017114606,0.00019753922,0.013725490196078431,1.2469212764075825,156,0
53_-125,2026-09-15,0,British Columbia,53.5,-124.5,17.996211758858507,42.352644249391474,4.827421606403852,0.008928646209549645,14.206243105676155,0.027721774,0.00036769436,0.01568627450980392,1.767263081856072,57,1
53_-125,2026-09-16,1,British Columbia,53.5,-124.5,17.5,40.0,9.0,0.0,17.168197031922173,0.027721774,0.00046264168,0.01568627450980392,1.767263081856072,57,1
53_-125,2026-09-17,2,British Columbia,53.5,-124.5,16.5,47.0,7.6,0.0,16.63613332777304,0.031681307,0.00046264168,0.01568627450980392,2.019683299586177,45,1
53_-125,2026-09-18,3,British Columbia,53.5,-124.5,18.1,40.0,2.5,0.0,14.09525339907834,0.031681307,0.00046264168,0.01568627450980392,2.019683299586177,53,1
53_-125,2026-09-19,4,British Columbia,53.5,-124.5,15.9,48.0,7.6,0.0,17.047489159060444,0.027721774,0.00046264168,0.01568627450980392,1.767263081856072,87,0
53_-125,2026-09-20,5,British Columbia,53.5,-124.5,16.1,50.0,2.6,0.2,13.926628706478839,0.027218936,0.00036769436,0.01568627450980392,1.735207170713693,101,0
53_-125,2026-09-21,6,British Columbia,53.5,-124.5,14.3,61.0,7.9,2.0,4.050933619819259,0.01158889,0.00019753922,0.01568627450980392,0.7387917442247272,196,0
53_-125,2026-09-22,7,British Columbia,53.5,-124.5,10.9,51.0,5.1,1.4,3.398265779155709,0.01158889,0.00016979082,0.01568627450980392,0.7387917442247272,208,0
53_-126,2026-09-15,0,British Columbia,53.5,-125.5,17.326258906100076,43.728774637014375,6.0736750985820445,1.320858817472169,6.576050926797959,0.029426603,0.00036769436,0.023529411764705882,1.2506306124851108,50,1
53_-126,2026-09-16,1,British Columbia,53.5,-125.5,15.2,51.0,8.9,0.0,10.11868054808556,0.023706896,0.00036769436,0.023529411764705882,1.007543089799583,78,1
53_-126,2026-09-17,2,British Columbia,53.5,-125.5,14.3,52.0,5.0,0.0,9.449440914032866,0.020055054,0.00036769436,0.023529411764705882,0.8523397846147418,100,0
53_-126,2026-09-18,3,British Columbia,53.5,-125.5,14.7,54.0,4.0,0.0,9.319987725956056,0.024334805,0.00036769436,0.023529411764705882,1.0342292161658406,97,0
53_-126,2026-09-19,4,British Columbia,53.5,-125.5,13.0,61.0,6.7,0.0,10.665622619197922,0.019046638,0.00036769436,0.023529411764705882,0.8094821218401194,127,0
53_-126,2026-09-20,5,British Columbia,53.5,-125.5,11.5,69.0,12.2,0.0,11.897784922603858,0.019046638,0.00036769436,0.023529411764705882,0.8094821218401194,136,0
53_-126,2026-09-21,6,British Columbia,53.5,-125.5,9.1,88.0,4.0,2.2,0.8306221134700148,0.01158889,0.00013172916,0.023529411764705882,0.49252782948315144,197,0
53_-126,2026-09-22,7,British Columbia,53.5,-125.5,8.0,61.0,14.3,2.3,2.163611488811399,0.008237548,0.00010140445,0.023529411764705882,0.35009579733014107,281,0
53_-127,2026-09-15,0,British Columbia,53.5,-126.5,16.930066733123418,47.99126145405454,5.061441909682376,2.1481616702724624,7.295624717694902,0.0085633695,0.00013172916,0.0058823529411764705,1.4557728171348572,229,0
53_-127,2026-09-16,1,British Columbia,53.5,-126.5,13.9,50.0,12.8,0.0,10.70610220003953,0.005107495,0.00013172916,0.0058823529411764705,0.868274150416255,300,0
53_-127,2026-09-17,2,British Columbia,53.5,-126.5,14.1,52.0,5.6,0.0,9.211967807089497,0.006459243,0.00013172916,0.0058823529411764705,1.098071332089603,271,0
53_-127,2026-09-18,3,British Columbia,53.5,-126.5,14.3,46.0,8.4,0.0,12.154456761276666,0.006459243,0.00013172916,0.0058823529411764705,1.098071332089603,275,0
53_-127,2026-09-19,4,British Columbia,53.5,-126.5,11.0,60.0,9.7,0.0,12.182807598359302,0.006459243,0.00013172916,0.0058823529411764705,1.098071332089603,282,0
53_-127,2026-09-20,5,British Columbia,53.5,-126.5,9.9,75.0,15.3,0.0,11.973884525224175,0.005107495,0.0,0.0058823529411764705,0.868274150416255,306,0
53_-127,2026-09-21,6,British Columbia,53.5,-126.5,4.1,99.0,9.1,8.9,0.0004671698774416249,0.0034599912,0.0,0.0058823529411764705,0.5881985020823777,403,0
53_-127,2026-09-22,7,British Columbia,53.5,-126.5,5.9,68.0,17.3,2.9000000000000004,0.07197777097098766,0.0034599912,0.0,0.0058823529411764705,0.5881985020823777,413,0
53_-128,2026-09-15,0,British Columbia,53.5,-127.5,17.894949493003345,42.81395044885218,4.0862545395151235,3.499576442100064,7.0251780370057295,0.0039100684,0.00016979082,0.00196078431372549,1.994134895503521,376,0
53_-128,2026-09-16,1,British Columbia,53.5,-127.5,15.3,55.0,9.0,0.0,7.1271939765312,0.0034599912,0.00013172916,0.00196078431372549,1.764595506247133,401,0
53_-128,2026-09-17,2,British Columbia,53.5,-127.5,15.0,60.0,2.8,0.0,6.58348859283124,0.0034599912,0.00010140445,0.00196078431372549,1.764595506247133,394,0
53_-128,2026-09-18,3,British Columbia,53.5,-127.5,15.8,54.0,4.2,0.0,8.614200246784698,0.0034599912,0.00013172916,0.00196078431372549,1.764595506247133,384,0
53_-128,2026-09-19,4,British Columbia,53.5,-127.5,10.7,75.0,8.0,0.0,8.641598875136573,0.0022243848,0.00010140445,0.00196078431372549,1.1344362515956163,473,0
53_-128,2026-09-20,5,British Columbia,53.5,-127.5,9.4,94.0,12.8,3.2,0.3688616977186234,0.0015167142,0.0,0.00196078431372549,0.7735242554917932,551,0
53_-128,2026-09-21,6,British Columbia,53.5,-127.5,5.2,96.0,7.3,13.8,5.449480005536399e-06,0.0015167142,0.0,0.00196078431372549,0.7735242554917932,566,0
53_-128,2026-09-22,7,British Columbia,53.5,-127.5,4.9,97.0,11.2,4.9,7.32900743354013e-07,0.0007248675,0.0,0.00196078431372549,0.3696824301732704,633,0
53_-129,2026-09-15,0,British Columbia,53.5,-128.5,19.1760306782778,54.39172288685837,5.625390681316836,0.0,7.119391969776883,0.0034599912,0.00010140445,0.00196078431372549,1.764595506247133,422,0
53_-129,2026-09-16,1,British Columbia,53.5,-128.5,11.1,66.0,5.7,0.0,6.406596389896511,0.003292181,0.0,0.00196078431372549,1.6790123423561454,455,0
53_-129,2026-09-17,2,British Columbia,53.5,-128.5,11.8,71.0,2.5,0.0,5.004140866194327,0.0034599912,0.0,0.00196078431372549,1.764595506247133,395,0
53_-129,2026-09-18,3,British Columbia,53.5,-128.5,11.9,70.0,6.2,0.0,5.991995182008187,0.0020446682,0.0,0.00196078431372549,1.0427807760424912,503,0
53_-129,2026-09-19,4,British Columbia,53.5,-128.5,7.8,87.0,7.2,1.0,2.1614521818639987,0.0015167142,0.0,0.00196078431372549,0.7735242554917932,548,0
53_-129,2026-09-20,5,British Columbia,53.5,-128.5,6.9,97.0,8.1,11.099999999999998,0.00012536720748181312,0.0015167142,0.0,0.00196078431372549,0.7735242554917932,552,0
53_-129,2026-09-21,6,British Columbia,53.5,-128.5,6.1,84.0,6.5,19.8,1.2387591435505138e-05,0.0015167142,0.0,0.00196078431372549,0.7735242554917932,567,0
53_-129,2026-09-22,7,British Columbia,53.5,-128.5,3.0,98.0,12.5,17.1,1.7741251962701477e-08,0.0007248675,0.0,0.00196078431372549,0.3696824301732704,634,0
53_-132,2026-09-15,0,British Columbia,53.5,-131.5,17.08316619765951,70.51034789233844,10.816359719689874,0.0,5.458834201776327,0.0020446682,0.0,0.00196078431372549,1.0427807760424912,535,0
53_-132,2026-09-16,1,British Columbia,53.5,-131.5,13.8,68.0,25.8,0.30000000000000004,10.874575527755459,0.0020446682,0.0,0.00196078431372549,1.0427807760424912,518,0
53_-132,2026-09-17,2,British Columbia,53.5,-131.5,14.4,90.0,10.4,0.0,3.4670614373103374,0.0020446682,0.0,0.00196078431372549,1.0427807760424912,512,0
53_-132,2026-09-18,3,British Columbia,53.5,-131.5,14.4,87.0,9.5,0.7000000000000001,2.2902691398422346,0.0012018463,0.0,0.00196078431372549,0.6129416066687554,580,0
53_-132,2026-09-19,4,British Columbia,53.5,-131.5,14.6,92.0,33.0,1.3,5.708302894032169,0.0007248675,0.0,0.00196078431372549,0.3696824301732704,617,0
53_-132,2026-09-20,5,British Columbia,53.5,-131.5,15.1,86.0,25.4,6.800000000000001,0.19573426268746869,0.0007248675,0.0,0.00196078431372549,0.3696824301732704,619,0
53_-132,2026-09-21,6,British Columbia,53.5,-131.5,13.1,90.0,11.2,1.3,0.1620815285431852,0.0007248675,0.0,0.00196078431372549,0.3696824301732704,626,0
53_-132,2026-09-22,7,British Columbia,53.5,-131.5,13.3,71.0,45.1,15.499999999999998,0.8996226073383862,0.0007248675,0.0,0.00196078431372549,0.3696824301732704,635,0
53_-133,2026-09-15,0,British Columbia,53.5,-132.5,15.690219320601235,74.89094795566284,21.098423682871413,0.0,4.6816235667193284,0.0007248675,0.0,0.0,,636,0
53_-133,2026-09-16,1,British Columbia,53.5,-132.5,11.2,72.0,13.0,0.0,3.6111931368591477,0.0007248675,0.0,0.0,,629,0
53_-133,2026-09-17,2,British Columbia,53.5,-132.5,14.4,72.0,11.4,0.1,3.771130484388502,0.0007248675,0.0,0.0,,628,0
53_-133,2026-09-18,3,British Columbia,53.5,-132.5,12.6,76.0,11.8,0.1,4.029645653763248,0.00038029242,0.0,0.0,,679,0
53_-133,2026-09-19,4,British Columbia,53.5,-132.5,12.6,94.0,17.3,9.1,0.005022191956152325,0.00038029242,0.0,0.0,,690,0
53_-133,2026-09-20,5,British Columbia,53.5,-132.5,11.9,90.0,18.3,17.9,0.00010943936021927819,0.00038029242,0.0,0.0,,693,0
53_-133,2026-09-21,6,British Columbia,53.5,-132.5,10.0,91.0,10.5,2.9999999999999996,0.00018282865748968854,0.00038029242,0.0,0.0,,703,0
53_-133,2026-09-22,7,British Columbia,53.5,-132.5,8.3,96.0,14.5,13.5,3.044504010149586e-07,0.00038029242,0.0,0.0,,699,0
53_-61,2026-09-15,0,Quebec,53.5,-60.5,15.770334985129374,51.988003210850515,15.775435258883904,7.9693593639497955,0.2384937260022064,0.0034599912,0.0,0.00392156862745098,0.8822977531235665,423,0
53_-61,2026-09-16,1,Quebec,53.5,-60.5,14.8,63.0,27.9,0.6,2.5087353304055755,0.0034599912,0.0,0.00392156862745098,0.8822977531235665,402,0
53_-61,2026-09-17,2,Quebec,53.5,-60.5,9.8,50.0,17.8,0.1,3.38017420287716,0.0034599912,0.0,0.00392156862745098,0.8822977531235665,396,0
53_-61,2026-09-18,3,Quebec,53.5,-60.5,10.5,46.0,5.1,0.0,2.7536424958852814,0.003292181,0.0,0.00392156862745098,0.8395061711780727,446,0
53_-61,2026-09-19,4,Quebec,53.5,-60.5,3.4,94.0,19.2,2.9,0.21912476612363624,0.0020446682,0.0,0.00392156862745098,0.5213903880212456,497,0
53_-61,2026-09-20,5,Quebec,53.5,-60.5,6.6,55.0,11.5,5.1,0.07226157606360371,0.0020446682,0.0,0.00392156862745098,0.5213903880212456,502,0
53_-61,2026-09-21,6,Quebec,53.5,-60.5,8.8,74.0,5.7,0.6000000000000001,0.22054079297885412,0.0020446682,0.0,0.00392156862745098,0.5213903880212456,515,0
53_-61,2026-09-22,7,Quebec,53.5,-60.5,6.8,54.0,12.2,5.1000000000000005,0.10188079221876069,0.0020446682,0.0,0.00392156862745098,0.5213903880212456,524,0
53_-62,2026-09-15,0,Quebec,53.5,-61.5,14.532525703194267,55.94383232129921,13.71107749849464,4.064811443005196,0.19650185483369995,0.002782071,0.0,0.00196078431372549,1.4188562147319317,497,0
53_-62,2026-09-16,1,Quebec,53.5,-61.5,15.5,60.0,27.1,0.5,2.270450792421579,0.0022243848,0.0,0.00196078431372549,1.1344362515956163,485,0
53_-62,2026-09-17,2,Quebec,53.5,-61.5,10.0,46.0,19.5,0.6000000000000001,3.6784306249831022,0.0020446682,0.0,0.00196078431372549,1.0427807760424912,513,0
53_-62,2026-09-18,3,Quebec,53.5,-61.5,10.8,38.0,5.7,0.0,3.3770994914295294,0.0020446682,0.0,0.00196078431372549,1.0427807760424912,504,0
53_-62,2026-09-19,4,Quebec,53.5,-61.5,2.3,91.0,22.4,3.6,0.17290618525349805,0.0015167142,0.0,0.00196078431372549,0.7735242554917932,549,0
53_-62,2026-09-20,5,Quebec,53.5,-61.5,7.0,46.0,10.3,0.6,0.49690036471313825,0.0015167142,0.0,0.00196078431372549,0.7735242554917932,553,0
53_-62,2026-09-21,6,Quebec,53.5,-61.5,9.2,68.0,7.3,0.6000000000000001,0.5734549985302422,0.0007248675,0.0,0.00196078431372549,0.3696824301732704,627,0
53_-62,2026-09-22,7,Quebec,53.5,-61.5,7.0,48.0,13.8,2.1,0.620526091783743,0.0015167142,0.0,0.00196078431372549,0.7735242554917932,570,0
53_-64,2026-09-15,0,Quebec,53.5,-63.5,12.68934287044549,60.18378934903106,16.620499979079565,0.0,1.980624826446226,0.0034599912,0.0,0.00392156862745098,0.8822977531235665,424,0
53_-64,2026-09-16,1,Quebec,53.5,-63.5,15.0,63.0,26.3,0.30000000000000004,6.909086134479125,0.0034599912,0.0,0.00392156862745098,0.8822977531235665,403,0
53_-64,2026-09-17,2,Quebec,53.5,-63.5,8.8,55.0,19.0,2.7,0.9347800108006347,0.0022243848,0.0,0.00392156862745098,0.5672181257978082,486,0
53_-64,2026-09-18,3,Quebec,53.5,-63.5,8.8,47.0,9.1,0.5,1.2155264311851939,0.0022243848,0.0,0.00392156862745098,0.5672181257978082,473,0
53_-64,2026-09-19,4,Quebec,53.5,-63.5,2.4,92.0,14.9,4.2,0.036434213118805084,0.0020446682,0.0,0.00392156862745098,0.5213903880212456,498,0
53_-64,2026-09-20,5,Quebec,53.5,-63.5,7.8,42.0,10.8,0.4,0.5001082083047529,0.0020446682,0.0,0.00392156862745098,0.5213903880212456,503,0
53_-64,2026-09-21,6,Quebec,53.5,-63.5,8.0,77.0,5.8,0.9,0.43202098779600445,0.0020446682,0.0,0.00392156862745098,0.5213903880212456,516,0
53_-64,2026-09-22,7,Quebec,53.5,-63.5,6.7,48.0,12.7,3.9000000000000004,0.29395580677592537,0.0020446682,0.0,0.00392156862745098,0.5213903880212456,525,0
53_-65,2026-09-15,0,Quebec,53.5,-64.5,12.513082675518834,63.649175861130786,17.58953141671805,0.0,1.7851933322618776,0.0015167142,0.0,0.0,,583,0
53_-65,2026-09-16,1,Quebec,53.5,-64.5,14.0,71.0,26.4,0.2,5.337370762162133,0.0015167142,0.0,0.0,,569,0
53_-65,2026-09-17,2,Quebec,53.5,-64.5,8.5,58.0,18.6,1.7000000000000002,1.580806968847178,0.0007248675,0.0,0.0,,629,0
53_-65,2026-09-18,3,Quebec,53.5,-64.5,8.6,52.0,11.2,0.2,2.2604850752863905,0.0007248675,0.0,0.0,,609,0
53_-65,2026-09-19,4,Quebec,53.5,-64.5,4.0,55.0,21.0,3.4,0.7127838416192804,0.0007248675,0.0,0.0,,618,0
53_-65,2026-09-20,5,Quebec,53.5,-64.5,7.6,45.0,12.2,0.1,0.9070837635957484,0.0007248675,0.0,0.0,,620,0
53_-65,2026-09-21,6,Quebec,53.5,-64.5,8.3,73.0,7.7,1.2000000000000002,0.6034994328393117,0.0007248675,0.0,0.0,,628,0
53_-65,2026-09-22,7,Quebec,53.5,-64.5,7.9,41.0,9.2,1.2000000000000002,0.8287218214375897,0.0007248675,0.0,0.0,,636,0
53_-66,2026-09-15,0,Quebec,53.5,-65.5,12.572375250085022,62.46829561956264,16.538024299287905,0.0,1.4514951519858537,0.0020446682,0.0,0.00196078431372549,1.0427807760424912,536,0
53_-66,2026-09-16,1,Quebec,53.5,-65.5,12.3,79.0,27.2,1.5,2.6911937876039547,0.0015167142,0.0,0.00196078431372549,0.7735242554917932,570,0
53_-66,2026-09-17,2,Quebec,53.5,-65.5,7.6,63.0,18.8,2.3000000000000003,0.7790278021982454,0.0015167142,0.0,0.00196078431372549,0.7735242554917932,560,0
53_-66,2026-09-18,3,Quebec,53.5,-65.5,4.9,91.0,8.6,1.7000000000000002,0.18563716219139673,0.0007248675,0.0,0.00196078431372549,0.3696824301732704,610,0
53_-66,2026-09-19,4,Quebec,53.5,-65.5,3.9,55.0,22.4,7.8999999999999995,0.0901750080649244,0.0007248675,0.0,0.00196078431372549,0.3696824301732704,619,0
53_-66,2026-09-20,5,Quebec,53.5,-65.5,7.7,51.0,16.4,0.0999999999999999,0.588041000692765,0.0007248675,0.0,0.00196078431372549,0.3696824301732704,621,0
53_-66,2026-09-21,6,Quebec,53.5,-65.5,7.4,76.0,10.3,2.4,0.19850441697176738,0.0007248675,0.0,0.00196078431372549,0.3696824301732704,629,0
53_-66,2026-09-22,7,Quebec,53.5,-65.5,6.8,58.0,12.4,2.0999999999999996,0.2626228567787139,0.0007248675,0.0,0.00196078431372549,0.3696824301732704,637,0
53_-67,2026-09-15,0,Quebec,53.5,-66.5,12.537419284834586,61.14967082164469,15.596934290689532,0.025800346830712865,1.0095431121780853,0.0007248675,0.0,0.0,,637,0
53_-67,2026-09-16,1,Quebec,53.5,-66.5,13.9,73.0,27.2,1.0,3.429412905647815,0.0007248675,0.0,0.0,,630,0
53_-67,2026-09-17,2,Quebec,53.5,-66.5,7.9,57.0,17.2,1.0,2.1093284022924363,0.0007248675,0.0,0.0,,630,0
53_-67,2026-09-18,3,Quebec,53.5,-66.5,4.6,94.0,6.7,2.0,0.21963020422062218,0.00038029242,0.0,0.0,,680,0
53_-67,2026-09-19,4,Quebec,53.5,-66.5,3.1,56.0,18.8,4.5,0.16174121361373534,0.00038029242,0.0,0.0,,691,0
53_-67,2026-09-20,5,Quebec,53.5,-66.5,6.2,66.0,15.2,0.0,0.5587897841583446,0.00038029242,0.0,0.0,,694,0
53_-67,2026-09-21,6,Quebec,53.5,-66.5,7.9,66.0,9.7,3.3000000000000003,0.1633640933265884,0.00038029242,0.0,0.0,,704,0
53_-67,2026-09-22,7,Quebec,53.5,-66.5,7.3,63.0,7.6,1.8000000000000003,0.19817181864362213,0.0006170935,0.0,0.0,,684,0
53_-73,2026-09-15,0,Quebec,53.5,-72.5,12.04483745815924,58.0235275880581,21.09797407863443,0.12753887996701632,1.1345123744777241,0.0007248675,0.0,0.0,,638,0
53_-73,2026-09-16,1,Quebec,53.5,-72.5,9.7,72.0,33.1,8.3,0.2737148359624036,0.00038029242,0.0,0.0,,697,0
53_-73,2026-09-17,2,Quebec,53.5,-72.5,6.4,69.0,12.2,1.7999999999999998,0.1482965375591614,0.00038029242,0.0,0.0,,697,0
53_-73,2026-09-18,3,Quebec,53.5,-72.5,7.2,72.0,16.9,8.200000000000001,0.01951994238295097,0.00038029242,0.0,0.0,,681,0
53_-73,2026-09-19,4,Quebec,53.5,-72.5,5.9,56.0,3.9,2.8,0.023520040580112544,0.00038029242,0.0,0.0,,692,0
53_-73,2026-09-20,5,Quebec,53.5,-72.5,6.2,95.0,14.9,4.3,0.00036180386734031345,0.0,0.0,0.0,,749,0
53_-73,2026-09-21,6,Quebec,53.5,-72.5,6.7,79.0,14.6,3.1000000000000005,0.005132500377513,0.0,0.0,0.0,,751,0
53_-73,2026-09-22,7,Quebec,53.5,-72.5,8.2,61.0,10.3,0.4,0.1666739968564548,0.00038029242,0.0,0.0,,700,0
53_-74,2026-09-15,0,Quebec,53.5,-73.5,12.094264341413774,60.216306483887934,20.336118026439063,0.05878775411294338,1.2827930242413217,0.002782071,0.0,0.00392156862745098,0.7094281073659658,498,0
53_-74,2026-09-16,1,Quebec,53.5,-73.5,9.5,75.0,33.8,8.8,0.23957262719208838,0.0020446682,0.0,0.00392156862745098,0.5213903880212456,519,0
53_-74,2026-09-17,2,Quebec,53.5,-73.5,6.9,62.0,8.6,2.2,0.10128481254840498,0.0020446682,0.0,0.00392156862745098,0.5213903880212456,514,0
53_-74,2026-09-18,3,Quebec,53.5,-73.5,8.0,66.0,16.2,8.100000000000001,0.03187663517249421,0.0015167142,0.0,0.00392156862745098,0.3867621277458966,545,0
53_-74,2026-09-19,4,Quebec,53.5,-73.5,6.7,50.0,7.1,3.0,0.0579254557403978,0.0020446682,0.0,0.00392156862745098,0.5213903880212456,499,0
53_-74,2026-09-20,5,Quebec,53.5,-73.5,6.7,84.0,15.8,4.7,0.008486005397001119,0.0015167142,0.0,0.00392156862745098,0.3867621277458966,554,0
53_-74,2026-09-21,6,Quebec,53.5,-73.5,7.6,73.0,12.8,0.8,0.12388982941172465,0.0015167142,0.0,0.00392156862745098,0.3867621277458966,568,0
53_-74,2026-09-22,7,Quebec,53.5,-73.5,8.6,58.0,10.9,0.0,0.3577473326555054,0.0020446682,0.0,0.00392156862745098,0.5213903880212456,526,0
53_-75,2026-09-15,0,Quebec,53.5,-74.5,12.052438746369038,63.04296953588433,21.537433114418278,0.03437922437416651,1.1573162391071128,0.0007248675,0.0,0.0,,639,0
53_-75,2026-09-16,1,Quebec,53.5,-74.5,8.8,83.0,30.3,12.100000000000001,0.033720582347827786,0.00038029242,0.0,0.0,,698,0
53_-75,2026-09-17,2,Quebec,53.5,-74.5,7.8,59.0,7.3,2.9,0.04091337497362946,0.0007248675,0.0,0.0,,631,0
53_-75,2026-09-18,3,Quebec,53.5,-74.5,8.3,67.0,16.8,7.5,0.028335818080188757,0.00038029242,0.0,0.0,,682,0
53_-75,2026-09-19,4,Quebec,53.5,-74.5,6.9,57.0,9.8,0.6000000000000001,0.22581589047024553,0.0007248675,0.0,0.0,,620,0
53_-75,2026-09-20,5,Quebec,53.5,-74.5,6.6,85.0,17.3,4.3,0.0243721050777195,0.00038029242,0.0,0.0,,695,0
53_-75,2026-09-21,6,Quebec,53.5,-74.5,7.5,84.0,10.8,6.3,0.0010872561200308307,0.00038029242,0.0,0.0,,705,0
53_-75,2026-09-22,7,Quebec,53.5,-74.5,9.5,58.0,7.5,0.2,0.11230174821988582,0.0006170935,0.0,0.0,,685,0
53_-76,2026-09-15,0,Quebec,53.5,-75.5,12.452884496302051,65.65321355348506,23.469612508107055,0.06529050477105844,1.187845003242822,0.0007248675,0.0,0.0,,640,0
53_-76,2026-09-16,1,Quebec,53.5,-75.5,8.5,88.0,37.6,12.7,0.02212719352064021,0.00038029242,0.0,0.0,,699,0
53_-76,2026-09-17,2,Quebec,53.5,-75.5,8.0,66.0,12.8,1.4000000000000001,0.12337954904926327,0.00038029242,0.0,0.0,,698,0
53_-76,2026-09-18,3,Quebec,53.5,-75.5,7.4,82.0,23.2,15.8,0.0033200105807585974,0.00038029242,0.0,0.0,,683,0
53_-76,2026-09-19,4,Quebec,53.5,-75.5,7.5,57.0,14.5,0.9,0.1698030554719854,0.00038029242,0.0,0.0,,693,0
53_-76,2026-09-20,5,Quebec,53.5,-75.5,7.1,77.0,22.5,3.0,0.14006038971398835,0.0,0.0,0.0,,750,0
53_-76,2026-09-21,6,Quebec,53.5,-75.5,8.0,83.0,17.1,5.4,0.01126762095997722,0.00038029242,0.0,0.0,,706,0
53_-76,2026-09-22,7,Quebec,53.5,-75.5,9.4,61.0,5.8,0.5,0.13877091971197797,0.00038029242,0.0,0.0,,701,0
53_-77,2026-09-15,0,Quebec,53.5,-76.5,12.748719112823446,66.1186701773955,23.550811609644285,0.0,1.0892888628901496,0.0015167142,0.0,0.0,,584,0
53_-77,2026-09-16,1,Quebec,53.5,-76.5,8.7,91.0,25.1,12.6,0.0025304707797346787,0.0006170935,0.0,0.0,,691,0
53_-77,2026-09-17,2,Quebec,53.5,-76.5,9.1,66.0,14.5,3.9000000000000004,0.029212621515006122,0.0007248675,0.0,0.0,,632,0
53_-77,2026-09-18,3,Quebec,53.5,-76.5,8.0,81.0,26.1,10.9,0.006895663705489746,0.00038029242,0.0,0.0,,684,0
53_-77,2026-09-19,4,Quebec,53.5,-76.5,8.6,51.0,13.5,0.5,0.25223207327685354,0.0007248675,0.0,0.0,,621,0
53_-77,2026-09-20,5,Quebec,53.5,-76.5,7.5,73.0,20.0,3.4000000000000004,0.15281847961843215,0.00038029242,0.0,0.0,,696,0
53_-77,2026-09-21,6,Quebec,53.5,-76.5,8.6,74.0,15.3,4.0,0.05649335692523606,0.00038029242,0.0,0.0,,707,0
53_-77,2026-09-22,7,Quebec,53.5,-76.5,10.0,65.0,8.3,0.0,0.23566191278431478,0.0007248675,0.0,0.0,,638,0
53_-78,2026-09-15,0,Quebec,53.5,-77.5,11.992897176736575,71.59256507915984,23.13633035890508,0.019849032719092736,1.0948130067993709,0.002782071,0.0,0.00392156862745098,0.7094281073659658,499,0
53_-78,2026-09-16,1,Quebec,53.5,-77.5,9.3,76.0,22.6,11.1,0.05167307902539314,0.0020446682,0.0,0.00392156862745098,0.5213903880212456,520,0
53_-78,2026-09-17,2,Quebec,53.5,-77.5,9.6,68.0,16.8,1.7,0.2234346415292081,0.0020446682,0.0,0.00392156862745098,0.5213903880212456,515,0
53_-78,2026-09-18,3,Quebec,53.5,-77.5,7.9,67.0,20.3,6.6000000000000005,0.07125207712760552,0.0020446682,0.0,0.00392156862745098,0.5213903880212456,505,0
53_-78,2026-09-19,4,Quebec,53.5,-77.5,8.4,60.0,15.6,0.0,0.3946747794505889,0.0020446682,0.0,0.00392156862745098,0.5213903880212456,500,0
53_-78,2026-09-20,5,Quebec,53.5,-77.5,8.3,65.0,18.9,1.7999999999999998,0.4565250697215741,0.0020446682,0.0,0.00392156862745098,0.5213903880212456,504,0
53_-78,2026-09-21,6,Quebec,53.5,-77.5,8.7,67.0,10.2,1.4,0.34391782307830354,0.0020446682,0.0,0.00392156862745098,0.5213903880212456,517,0
53_-78,2026-09-22,7,Quebec,53.5,-77.5,10.8,59.0,10.5,0.0,0.6300586449264569,0.0020446682,0.0,0.00392156862745098,0.5213903880212456,527,0
53_-79,2026-09-15,0,Quebec,53.5,-78.5,11.881619635432816,80.96948800893394,22.569010613175067,0.0753724581181792,0.9198516177016007,0.0034599912,0.00010140445,0.00980392156862745,0.3529191012494266,425,0
53_-79,2026-09-16,1,Quebec,53.5,-78.5,9.6,74.0,25.4,17.2,0.03786923502973506,0.0034599912,0.00010140445,0.00980392156862745,0.3529191012494266,404,0
53_-79,2026-09-17,2,Quebec,53.5,-78.5,10.6,69.0,19.1,0.8,0.3721040397955005,0.0034599912,0.00010140445,0.00980392156862745,0.3529191012494266,397,0
53_-79,2026-09-18,3,Quebec,53.5,-78.5,10.0,51.0,19.9,8.499999999999998,0.1792096138472851,0.0034599912,0.00010140445,0.00980392156862745,0.3529191012494266,385,0
53_-79,2026-09-19,4,Quebec,53.5,-78.5,9.0,68.0,17.7,0.0,0.5128196306827603,0.0034599912,0.00010140445,0.00980392156862745,0.3529191012494266,382,0
53_-79,2026-09-20,5,Quebec,53.5,-78.5,8.6,67.0,22.1,2.2,0.5105069244519287,0.0034599912,0.00010140445,0.00980392156862745,0.3529191012494266,390,0
53_-79,2026-09-21,6,Quebec,53.5,-78.5,8.8,66.0,9.8,1.7,0.26914690276897535,0.0034599912,0.00010140445,0.00980392156862745,0.3529191012494266,404,0
53_-79,2026-09-22,7,Quebec,53.5,-78.5,11.5,61.0,12.3,0.0,0.5876837626136975,0.0034599912,0.00010140445,0.00980392156862745,0.3529191012494266,414,0
53_-88,2026-09-15,0,Ontario,53.5,-87.5,13.29667169353365,88.5893953863551,14.22646280173619,5.3885947553389055,0.1094626899053968,0.003292181,0.0,0.0058823529411764705,0.5596707807853818,482,0
53_-88,2026-09-16,1,Ontario,53.5,-87.5,8.1,63.0,16.4,2.5,0.24121935715563506,0.0022243848,0.0,0.0058823529411764705,0.3781454171985388,486,0
53_-88,2026-09-17,2,Ontario,53.5,-87.5,10.5,61.0,25.2,0.6,1.8349560195436256,0.0022243848,0.0,0.0058823529411764705,0.3781454171985388,487,0
53_-88,2026-09-18,3,Ontario,53.5,-87.5,11.6,48.0,13.9,0.4,2.6646642402514478,0.0022243848,0.0,0.0058823529411764705,0.3781454171985388,474,0
53_-88,2026-09-19,4,Ontario,53.5,-87.5,14.1,77.0,16.3,1.3,1.3346136783261096,0.002782071,0.0,0.0058823529411764705,0.47295207157731056,457,0
53_-88,2026-09-20,5,Ontario,53.5,-87.5,8.2,58.0,18.7,0.5,3.6152013370506157,0.0020446682,0.0,0.0058823529411764705,0.34759359201416373,505,0
53_-88,2026-09-21,6,Ontario,53.5,-87.5,12.6,59.0,10.8,0.0,3.627712579548682,0.0022243848,0.0,0.0058823529411764705,0.3781454171985388,488,0
53_-88,2026-09-22,7,Ontario,53.5,-87.5,17.0,49.0,13.5,0.0,7.0076649359743675,0.0034599912,0.00013172916,0.0058823529411764705,0.5881985020823777,415,0
53_-89,2026-09-15,0,Ontario,53.5,-88.5,12.542989909003277,90.57084911020104,12.548913023265358,5.691283084932554,0.06083805864537274,0.0034599912,0.0,0.0058823529411764705,0.5881985020823777,426,0
53_-89,2026-09-16,1,Ontario,53.5,-88.5,8.2,64.0,15.3,3.3000000000000003,0.09443196650857572,0.0034599912,0.0,0.0058823529411764705,0.5881985020823777,405,0
53_-89,2026-09-17,2,Ontario,53.5,-88.5,9.5,63.0,27.0,1.0,0.9383469687595563,0.0034599912,0.0,0.0058823529411764705,0.5881985020823777,398,0
53_-89,2026-09-18,3,Ontario,53.5,-88.5,12.1,49.0,14.2,0.0,1.4857965230749361,0.0034599912,0.0,0.0058823529411764705,0.5881985020823777,386,0
53_-89,2026-09-19,4,Ontario,53.5,-88.5,12.9,83.0,15.7,2.3,0.46672320753704977,0.0034599912,0.0,0.0058823529411764705,0.5881985020823777,383,0
53_-89,2026-09-20,5,Ontario,53.5,-88.5,9.3,54.0,15.1,0.2,0.8796865401864647,0.0034599912,0.0,0.0058823529411764705,0.5881985020823777,391,0
53_-89,2026-09-21,6,Ontario,53.5,-88.5,13.3,56.0,11.5,0.0,2.3499184784015985,0.0034599912,0.0,0.0058823529411764705,0.5881985020823777,405,0
53_-89,2026-09-22,7,Ontario,53.5,-88.5,16.9,47.0,14.0,0.0,5.962846058383726,0.0034599912,0.00010140445,0.0058823529411764705,0.5881985020823777,416,0
53_-90,2026-09-15,0,Ontario,53.5,-89.5,11.462758092819511,92.91831906818602,10.712620299400074,6.943916055876412,0.0,0.0034599912,0.0,0.0058823529411764705,0.5881985020823777,427,0
53_-90,2026-09-16,1,Ontario,53.5,-89.5,10.1,51.0,13.8,2.6,0.15119351982793286,0.0034599912,0.00010140445,0.0058823529411764705,0.5881985020823777,406,0
53_-90,2026-09-17,2,Ontario,53.5,-89.5,8.9,59.0,28.6,0.3999999999999998,1.5485260207887102,0.0034599912,0.0,0.0058823529411764705,0.5881985020823777,399,0
53_-90,2026-09-18,3,Ontario,53.5,-89.5,14.0,40.0,16.4,0.0,3.668668636976741,0.005107495,0.00013172916,0.0058823529411764705,0.868274150416255,298,0
53_-90,2026-09-19,4,Ontario,53.5,-89.5,11.7,81.0,16.9,0.7999999999999998,1.8311600494737572,0.0034599912,0.0,0.0058823529411764705,0.5881985020823777,384,0
53_-90,2026-09-20,5,Ontario,53.5,-89.5,10.3,51.0,10.6,0.09999999999999978,2.7384786206453953,0.0034599912,0.00010140445,0.0058823529411764705,0.5881985020823777,392,0
53_-90,2026-09-21,6,Ontario,53.5,-89.5,15.5,47.0,11.3,0.0,5.238058912358357,0.00510037,0.00013172916,0.0058823529411764705,0.8670628862455487,340,0
53_-90,2026-09-22,7,Ontario,53.5,-89.5,19.0,42.0,14.3,0.0,9.052216583422629,0.006459243,0.00019753922,0.0058823529411764705,1.098071332089603,305,0
53_-91,2026-09-15,0,Ontario,53.5,-90.5,11.152588298674404,92.5829628356414,11.41838385062427,9.04886247208948,0.0,0.005107495,0.00016979082,0.01568627450980392,0.3256028064060956,323,0
53_-91,2026-09-16,1,Ontario,53.5,-90.5,10.3,53.0,14.4,1.3999999999999995,0.2966839108566944,0.005107495,0.00016979082,0.01568627450980392,0.3256028064060956,301,0
53_-91,2026-09-17,2,Ontario,53.5,-90.5,9.6,52.0,26.7,1.1999999999999995,1.959018652036791,0.00510037,0.00013172916,0.01568627450980392,0.32514858234208077,333,0
53_-91,2026-09-18,3,Ontario,53.5,-90.5,14.3,41.0,18.1,0.0,4.80401466691482,0.008237548,0.00019753922,0.01568627450980392,0.5251436959952116,244,0
53_-91,2026-09-19,4,Ontario,53.5,-90.5,12.1,73.0,15.2,0.49999999999999956,4.372643518979003,0.006459243,0.00016979082,0.01568627450980392,0.4117767495336011,283,0
53_-91,2026-09-20,5,Ontario,53.5,-90.5,10.9,50.0,8.7,0.0,4.148245955268375,0.006459243,0.00016979082,0.01568627450980392,0.4117767495336011,279,0
53_-91,2026-09-21,6,Ontario,53.5,-90.5,16.0,47.0,13.1,0.5999999999999996,6.603506840254833,0.008237548,0.00019753922,0.01568627450980392,0.5251436959952116,257,0
53_-91,2026-09-22,7,Ontario,53.5,-90.5,18.6,45.0,15.8,0.0,9.995187836528133,0.01158889,0.00036769436,0.01568627450980392,0.7387917442247272,209,0
53_-92,2026-09-15,0,Ontario,53.5,-91.5,10.24982866871706,90.31258937769616,17.3202367226512,19.627849215121515,0.0,0.005107495,0.00016979082,0.011764705882352941,0.4341370752081275,324,0
53_-92,2026-09-16,1,Ontario,53.5,-91.5,10.9,54.0,12.7,2.2,0.17157570310911155,0.00510037,0.00016979082,0.011764705882352941,0.43353144312277436,337,0
53_-92,2026-09-17,2,Ontario,53.5,-91.5,9.9,49.0,22.7,1.7,0.8432727958439411,0.0034599912,0.00015489224,0.011764705882352941,0.29409925104118884,400,0
53_-92,2026-09-18,3,Ontario,53.5,-91.5,14.7,41.0,17.3,0.0,3.639957635534478,0.005107495,0.00016979082,0.011764705882352941,0.4341370752081275,299,0
53_-92,2026-09-19,4,Ontario,53.5,-91.5,11.9,73.0,13.3,0.30000000000000004,3.1078912945304866,0.0034599912,0.00016979082,0.011764705882352941,0.29409925104118884,385,0
53_-92,2026-09-20,5,Ontario,53.5,-91.5,11.8,48.0,1.6,0.0,2.367555337502563,0.0034599912,0.00016979082,0.011764705882352941,0.29409925104118884,393,0
53_-92,2026-09-21,6,Ontario,53.5,-91.5,16.2,48.0,13.5,0.30000000000000004,6.918832056991845,0.005107495,0.00019753922,0.011764705882352941,0.4341370752081275,315,0
53_-92,2026-09-22,7,Ontario,53.5,-91.5,18.7,46.0,14.6,0.0,9.250946134249327,0.0085633695,0.00036769436,0.011764705882352941,0.7278864085674286,258,0
53_-93,2026-09-15,0,Ontario,53.5,-92.5,10.513874958759937,87.34475689002723,18.405260810289533,19.086231831600376,0.024365488201785298,0.0034599912,9.444619e-06,0.0058823529411764705,0.5881985020823777,428,0
53_-93,2026-09-16,1,Ontario,53.5,-92.5,11.4,53.0,15.1,2.6,0.2555919547711223,0.0034599912,0.00010140445,0.0058823529411764705,0.5881985020823777,407,0
53_-93,2026-09-17,2,Ontario,53.5,-92.5,9.9,53.0,17.7,2.6,0.4754708573895271,0.0034599912,0.00010140445,0.0058823529411764705,0.5881985020823777,401,0
53_-93,2026-09-18,3,Ontario,53.5,-92.5,14.8,45.0,17.8,0.0,2.4323262939166836,0.0034599912,0.00010140445,0.0058823529411764705,0.5881985020823777,387,0
53_-93,2026-09-19,4,Ontario,53.5,-92.5,11.8,76.0,13.6,0.0,2.213534739757289,0.0034599912,0.0,0.0058823529411764705,0.5881985020823777,386,0
53_-93,2026-09-20,5,Ontario,53.5,-92.5,12.2,47.0,1.1,0.0,1.8273283273938674,0.0034599912,0.00010140445,0.0058823529411764705,0.5881985020823777,394,0
53_-93,2026-09-21,6,Ontario,53.5,-92.5,16.4,50.0,13.0,0.0,6.154566190654054,0.003771806,0.00010140445,0.0058823529411764705,0.6412070035003126,368,0
53_-93,2026-09-22,7,Ontario,53.5,-92.5,18.5,50.0,15.7,0.0,8.639018797751081,0.00510037,0.00016979082,0.0058823529411764705,0.8670628862455487,359,0
53_-94,2026-09-15,0,Ontario,53.5,-93.5,11.112694830779201,83.36323006520625,20.139795702498787,17.057324313795267,0.053376356124630424,0.0085633695,0.00019753922,0.023529411764705882,0.3639432042837143,230,0
53_-94,2026-09-16,1,Ontario,53.5,-93.5,11.8,56.0,15.5,3.9,0.21224007367999395,0.0085633695,0.00019753922,0.023529411764705882,0.3639432042837143,216,0
53_-94,2026-09-17,2,Ontario,53.5,-93.5,10.2,53.0,14.4,6.0,0.14555678050538728,0.006459243,0.00019753922,0.023529411764705882,0.27451783302240074,272,0
53_-94,2026-09-18,3,Ontario,53.5,-93.5,15.3,48.0,16.5,0.0,0.912939554340801,0.009431681,0.00036769436,0.023529411764705882,0.40084642823785543,202,0
53_-94,2026-09-19,4,Ontario,53.5,-93.5,11.3,75.0,13.4,0.7,0.9090969368971046,0.006459243,0.00019753922,0.023529411764705882,0.27451783302240074,284,0
53_-94,2026-09-20,5,Ontario,53.5,-93.5,12.6,49.0,2.4,0.0,1.0883873428319235,0.0085633695,0.00036769436,0.023529411764705882,0.3639432042837143,236,0
53_-94,2026-09-21,6,Ontario,53.5,-93.5,16.7,52.0,12.5,0.0,5.207991328207666,0.01158889,0.00036769436,0.023529411764705882,0.49252782948315144,198,0
53_-94,2026-09-22,7,Ontario,53.5,-93.5,18.9,53.0,16.3,0.0,8.039831517838646,0.017114606,0.00036769436,0.023529411764705882,0.7273707445710897,157,0
53_-95,2026-09-15,0,Manitoba,53.5,-94.5,10.74881191939019,88.35479123304474,15.571172714778868,12.204442824421573,0.008752836929485886,0.006459243,0.00036769436,0.01764705882352941,0.36602377736320096,283,0
53_-95,2026-09-16,1,Manitoba,53.5,-94.5,12.5,52.0,16.7,4.1,0.24341069465823456,0.008237548,0.00036769436,0.01764705882352941,0.4667943964401881,241,0
53_-95,2026-09-17,2,Manitoba,53.5,-94.5,10.8,44.0,12.9,4.8,0.23527427022356992,0.006459243,0.00036769436,0.01764705882352941,0.36602377736320096,273,0
53_-95,2026-09-18,3,Manitoba,53.5,-94.5,16.4,41.0,16.3,0.0,1.9981253095399547,0.008910148,0.00036769436,0.01764705882352941,0.5049084095905224,218,0
53_-95,2026-09-19,4,Manitoba,53.5,-94.5,11.9,69.0,11.7,2.5,0.4550196581566867,0.006459243,0.00036769436,0.01764705882352941,0.36602377736320096,285,0
53_-95,2026-09-20,5,Manitoba,53.5,-94.5,14.1,48.0,4.8,0.0,0.6884226141586294,0.008237548,0.00036769436,0.01764705882352941,0.4667943964401881,255,0
53_-95,2026-09-21,6,Manitoba,53.5,-94.5,17.3,56.0,13.0,0.0,3.9608487784052544,0.01158889,0.00036769436,0.01764705882352941,0.6567037726442019,199,0
53_-95,2026-09-22,7,Manitoba,53.5,-94.5,19.6,51.0,17.3,0.0,8.13461987274059,0.01158889,0.00046264168,0.01764705882352941,0.6567037726442019,210,0
53_-96,2026-09-15,0,Manitoba,53.5,-95.5,10.78524665179608,89.6663270709465,15.855342492640371,13.042666897167125,0.0,0.0034599912,0.00019753922,0.00980392156862745,0.3529191012494266,429,0
53_-96,2026-09-16,1,Manitoba,53.5,-95.5,12.2,55.0,17.3,2.1,0.4004397212693344,0.0034599912,0.00019753922,0.00980392156862745,0.3529191012494266,408,0
53_-96,2026-09-17,2,Manitoba,53.5,-95.5,11.0,48.0,10.9,5.2,0.1957809521130763,0.0034599912,0.00019753922,0.00980392156862745,0.3529191012494266,402,0
53_-96,2026-09-18,3,Manitoba,53.5,-95.5,15.9,44.0,17.7,0.0,1.9827799350019877,0.00510037,0.00019753922,0.00980392156862745,0.5202377317473292,325,0
53_-96,2026-09-19,4,Manitoba,53.5,-95.5,12.8,62.0,12.8,2.1,0.6382882679244096,0.0034599912,0.00019753922,0.00980392156862745,0.3529191012494266,387,0
53_-96,2026-09-20,5,Manitoba,53.5,-95.5,13.9,51.0,7.6,0.0,1.2540235068594445,0.0034599912,0.00019753922,0.00980392156862745,0.3529191012494266,395,0
53_-96,2026-09-21,6,Manitoba,53.5,-95.5,16.9,59.0,13.8,0.0,4.4895861232939565,0.00510037,0.00019753922,0.00980392156862745,0.5202377317473292,341,0
53_-96,2026-09-22,7,Manitoba,53.5,-95.5,19.0,56.0,16.6,0.0,7.338411505361352,0.005107495,0.00036769436,0.00980392156862745,0.520964490249753,334,0
53_-97,2026-09-15,0,Manitoba,53.5,-96.5,9.780341201197423,86.75604160044706,30.542725755802778,12.76937263313088,0.7299086637452158,0.0020446682,0.0,0.00196078431372549,1.0427807760424912,537,0
53_-97,2026-09-16,1,Manitoba,53.5,-96.5,12.6,59.0,19.5,1.4,0.7167678555079761,0.0020446682,0.0,0.00196078431372549,1.0427807760424912,521,0
53_-97,2026-09-17,2,Manitoba,53.5,-96.5,11.2,54.0,4.9,3.7,0.17015505892241453,0.0020446682,0.0,0.00196078431372549,1.0427807760424912,516,0
53_-97,2026-09-18,3,Manitoba,53.5,-96.5,15.7,50.0,18.5,0.0,2.0556758855304555,0.0022243848,0.0,0.00196078431372549,1.1344362515956163,475,0
53_-97,2026-09-19,4,Manitoba,53.5,-96.5,12.8,64.0,11.9,2.2,0.6076818439267571,0.0020446682,0.0,0.00196078431372549,1.0427807760424912,501,0
53_-97,2026-09-20,5,Manitoba,53.5,-96.5,14.0,55.0,8.7,0.0,1.131576424383766,0.0020446682,0.0,0.00196078431372549,1.0427807760424912,506,0
53_-97,2026-09-21,6,Manitoba,53.5,-96.5,17.0,63.0,14.3,0.0,4.1376430059796245,0.0020446682,0.0,0.00196078431372549,1.0427807760424912,518,0
53_-97,2026-09-22,7,Manitoba,53.5,-96.5,19.0,60.0,17.5,0.0,6.9505412363399754,0.0022243848,0.00010140445,0.00196078431372549,1.1344362515956163,500,0
53_-98,2026-09-15,0,Manitoba,53.5,-97.5,8.075149411262183,86.01486522191287,31.653327989966453,10.719692213068528,0.7688902836012774,0.0034599912,0.0,0.0058823529411764705,0.5881985020823777,430,0
53_-98,2026-09-16,1,Manitoba,53.5,-97.5,12.9,71.0,20.3,0.4,0.880905366891763,0.0034599912,0.0,0.0058823529411764705,0.5881985020823777,409,0
53_-98,2026-09-17,2,Manitoba,53.5,-97.5,12.5,48.0,4.3,2.4,0.37305036501573013,0.0034599912,0.0,0.0058823529411764705,0.5881985020823777,403,0
53_-98,2026-09-18,3,Manitoba,53.5,-97.5,14.6,65.0,22.6,0.0,3.200026492285878,0.0034599912,0.0,0.0058823529411764705,0.5881985020823777,388,0
53_-98,2026-09-19,4,Manitoba,53.5,-97.5,13.6,60.0,8.8,0.0,2.610750042065183,0.0034599912,0.0,0.0058823529411764705,0.5881985020823777,388,0
53_-98,2026-09-20,5,Manitoba,53.5,-97.5,13.8,61.0,12.9,0.0,4.707931872217165,0.0034599912,0.00010140445,0.0058823529411764705,0.5881985020823777,396,0
53_-98,2026-09-21,6,Manitoba,53.5,-97.5,15.7,75.0,14.0,0.0,5.261996076312629,0.0034599912,0.00010140445,0.0058823529411764705,0.5881985020823777,406,0
53_-98,2026-09-22,7,Manitoba,53.5,-97.5,17.2,69.0,19.3,0.0,7.219871195046772,0.00510037,0.00013172916,0.0058823529411764705,0.8670628862455487,360,0
54_-100,2026-09-15,0,Manitoba,54.5,-99.5,7.568663635272833,69.25593386098501,7.538573268584989,2.098438742074805,1.4783367988505483,0.0034599912,0.00010140445,0.00392156862745098,0.8822977531235665,431,0
54_-100,2026-09-16,1,Manitoba,54.5,-99.5,12.8,64.0,17.2,0.5,4.186718420663176,0.0034599912,0.0,0.00392156862745098,0.8822977531235665,410,0
54_-100,2026-09-17,2,Manitoba,54.5,-99.5,12.4,47.0,3.9,2.5,0.5968323102294272,0.0034599912,0.00010140445,0.00392156862745098,0.8822977531235665,404,0
54_-100,2026-09-18,3,Manitoba,54.5,-99.5,16.6,61.0,14.4,0.0,3.507696644501555,0.0034599912,0.000119856966,0.00392156862745098,0.8822977531235665,389,0
54_-100,2026-09-19,4,Manitoba,54.5,-99.5,12.9,58.0,7.6,0.0,3.879828302685594,0.0034599912,0.00010140445,0.00392156862745098,0.8822977531235665,389,0
54_-100,2026-09-20,5,Manitoba,54.5,-99.5,15.0,58.0,14.0,0.0,7.115489680296336,0.0034599912,0.00013172916,0.00392156862745098,0.8822977531235665,397,0
54_-100,2026-09-21,6,Manitoba,54.5,-99.5,17.9,64.0,11.2,0.0,6.679862715219424,0.0034599912,0.00013172916,0.00392156862745098,0.8822977531235665,407,0
54_-100,2026-09-22,7,Manitoba,54.5,-99.5,19.6,60.0,16.3,0.0,9.699414925529828,0.00510037,0.00016979082,0.00392156862745098,1.300594329368323,361,0
54_-101,2026-09-15,0,Manitoba,54.5,-100.5,8.254103114512189,60.98022591261265,14.730155470631264,1.6460842595081726,1.0854247575042117,0.0022243848,0.0,0.0,,511,0
54_-101,2026-09-16,1,Manitoba,54.5,-100.5,12.5,62.0,17.2,0.30000000000000004,3.5567846698990473,0.0020446682,0.0,0.0,,522,0
54_-101,2026-09-17,2,Manitoba,54.5,-100.5,12.7,45.0,6.0,3.6,0.4412315897108735,0.0020446682,0.0,0.0,,517,0
54_-101,2026-09-18,3,Manitoba,54.5,-100.5,16.2,60.0,11.4,0.0,1.5954959659826922,0.0020446682,0.0,0.0,,506,0
54_-101,2026-09-19,4,Manitoba,54.5,-100.5,12.8,58.0,5.7,0.0,2.2750126789067022,0.0020446682,0.0,0.0,,502,0
54_-101,2026-09-20,5,Manitoba,54.5,-100.5,14.6,60.0,15.5,0.0,5.872812975269379,0.0020446682,0.0,0.0,,507,0
54_-101,2026-09-21,6,Manitoba,54.5,-100.5,18.0,65.0,12.0,0.0,5.587458449271467,0.0020446682,0.0,0.0,,519,0
54_-101,2026-09-22,7,Manitoba,54.5,-100.5,19.4,59.0,18.0,0.0,9.081273201980373,0.002782071,0.00010140445,0.0,,482,0
54_-102,2026-09-15,0,Manitoba,54.5,-101.5,9.70807866242448,57.92435375695394,15.057368680210299,1.8029392613521404,3.339775112474529,0.0034599912,0.00010140445,0.00392156862745098,0.8822977531235665,432,0
54_-102,2026-09-16,1,Manitoba,54.5,-101.5,11.6,68.0,16.6,0.1,4.086606241732479,0.0034599912,0.0,0.00392156862745098,0.8822977531235665,411,0
54_-102,2026-09-17,2,Manitoba,54.5,-101.5,12.2,50.0,11.5,0.5,5.660725093405007,0.0034599912,0.0,0.00392156862745098,0.8822977531235665,405,0
54_-102,2026-09-18,3,Manitoba,54.5,-101.5,14.8,66.0,10.1,0.0,5.553216909141063,0.0034599912,0.00010140445,0.00392156862745098,0.8822977531235665,390,0
54_-102,2026-09-19,4,Manitoba,54.5,-101.5,12.1,65.0,2.5,0.0,3.8917434700906326,0.0034599912,0.0,0.00392156862745098,0.8822977531235665,390,0
54_-102,2026-09-20,5,Manitoba,54.5,-101.5,13.8,65.0,15.3,0.0,7.696531014189392,0.0034599912,0.00010140445,0.00392156862745098,0.8822977531235665,398,0
54_-102,2026-09-21,6,Manitoba,54.5,-101.5,16.9,72.0,14.0,0.0,7.533337008424072,0.0034599912,0.00013172916,0.00392156862745098,0.8822977531235665,408,0
54_-102,2026-09-22,7,Manitoba,54.5,-101.5,18.6,62.0,21.7,0.0,11.968073082559897,0.00510037,0.00016979082,0.00392156862745098,1.300594329368323,362,0
54_-103,2026-09-15,0,Saskatchewan,54.5,-102.5,10.110992447171585,55.65289550906997,12.840979137293408,3.6643562641045464,1.6920538480467473,0.0034599912,0.00010140445,0.00392156862745098,0.8822977531235665,433,0
54_-103,2026-09-16,1,Saskatchewan,54.5,-102.5,10.2,74.0,12.9,0.4,1.3729640280899227,0.0034599912,0.0,0.00392156862745098,0.8822977531235665,412,0
54_-103,2026-09-17,2,Saskatchewan,54.5,-102.5,13.5,50.0,12.0,0.3999999999999999,4.039997060020933,0.0034599912,0.00010140445,0.00392156862745098,0.8822977531235665,406,0
54_-103,2026-09-18,3,Saskatchewan,54.5,-102.5,16.7,61.0,7.2,0.0,4.35040652721083,0.0041958042,0.00013172916,0.00392156862745098,1.0699300817213953,336,0
54_-103,2026-09-19,4,Saskatchewan,54.5,-102.5,14.1,54.0,2.7,0.0,4.24589065336262,0.0034599912,0.00010140445,0.00392156862745098,0.8822977531235665,391,0
54_-103,2026-09-20,5,Saskatchewan,54.5,-102.5,14.5,63.0,12.9,0.0,7.399541756512354,0.0034599912,0.00013172916,0.00392156862745098,0.8822977531235665,399,0
54_-103,2026-09-21,6,Saskatchewan,54.5,-102.5,17.9,69.0,12.6,0.0,7.638393571435532,0.0039100684,0.00013172916,0.00392156862745098,0.9970674477517605,361,0
54_-103,2026-09-22,7,Saskatchewan,54.5,-102.5,20.0,58.0,17.5,0.0,10.830682373881759,0.005107495,0.00019753922,0.00392156862745098,1.3024112256243825,335,0
54_-104,2026-09-15,0,Saskatchewan,54.5,-103.5,13.190090804727975,50.008088584242444,7.429496556287078,2.5327555213873327,0.9036713286063791,0.006459243,0.00019753922,0.00784313725490196,0.8235534990672022,284,0
54_-104,2026-09-16,1,Saskatchewan,54.5,-103.5,11.8,55.0,15.7,0.0,4.4669155663580735,0.00510037,0.00016979082,0.00784313725490196,0.6502971646841615,338,0
54_-104,2026-09-17,2,Saskatchewan,54.5,-103.5,16.1,44.0,15.6,0.1,9.475860831534888,0.008237548,0.00019753922,0.00784313725490196,1.0502873919904232,246,0
54_-104,2026-09-18,3,Saskatchewan,54.5,-103.5,19.1,52.0,11.6,0.0,9.294660882775002,0.008237548,0.00019753922,0.00784313725490196,1.0502873919904232,245,0
54_-104,2026-09-19,4,Saskatchewan,54.5,-103.5,16.5,48.0,3.4,0.0,7.114890287670578,0.009431681,0.00036769436,0.00784313725490196,1.2025392847135663,216,0
54_-104,2026-09-20,5,Saskatchewan,54.5,-103.5,17.6,52.0,13.7,0.0,11.694117826124241,0.009803922,0.00036769436,0.00784313725490196,1.2500000442378223,210,0
54_-104,2026-09-21,6,Saskatchewan,54.5,-103.5,21.2,59.0,12.9,0.0,11.866400717105188,0.01158889,0.00036769436,0.00784313725490196,1.4775834884494543,200,0
54_-104,2026-09-22,7,Saskatchewan,54.5,-103.5,21.3,53.0,18.2,0.0,15.345604250705364,0.01158889,0.00046264168,0.00784313725490196,1.4775834884494543,211,0
54_-105,2026-09-15,0,Saskatchewan,54.5,-104.5,10.526031256169546,55.49732118331063,12.358782387265682,2.2846805318760373,1.109052006411659,0.0034599912,0.00016979082,0.00392156862745098,0.8822977531235665,434,0
54_-105,2026-09-16,1,Saskatchewan,54.5,-104.5,11.3,61.0,15.4,0.2,2.289758867858941,0.0034599912,0.00010140445,0.00392156862745098,0.8822977531235665,413,0
54_-105,2026-09-17,2,Saskatchewan,54.5,-104.5,17.1,49.0,10.9,0.2,4.76515506460007,0.005107495,0.00013172916,0.00392156862745098,1.3024112256243825,301,0
54_-105,2026-09-18,3,Saskatchewan,54.5,-104.5,18.2,43.0,14.4,0.0,9.098135887600558,0.006459243,0.00019753922,0.00392156862745098,1.6471069981344044,276,0
54_-105,2026-09-19,4,Saskatchewan,54.5,-104.5,17.1,44.0,2.8,0.0,6.083012917686791,0.008237548,0.00019753922,0.00392156862745098,2.1005747839808464,253,0
54_-105,2026-09-20,5,Saskatchewan,54.5,-104.5,18.6,47.0,16.5,0.0,12.015100204437342,0.0085633695,0.00036769436,0.00392156862745098,2.1836592257022858,237,0
54_-105,2026-09-21,6,Saskatchewan,54.5,-104.5,21.6,53.0,15.8,0.0,12.486909887460396,0.008910148,0.00036769436,0.00392156862745098,2.272087843157351,233,0
54_-105,2026-09-22,7,Saskatchewan,54.5,-104.5,20.5,56.0,16.9,0.0,13.764098371581511,0.009431681,0.00036769436,0.00392156862745098,2.4050785694271326,234,0
54_-106,2026-09-15,0,Saskatchewan,54.5,-105.5,12.847286849914456,50.25041071560715,8.623274295346842,1.218769529649438,2.9920977561590196,0.008910148,0.00019753922,0.013725490196078431,0.6491679551878146,210,0
54_-106,2026-09-16,1,Saskatchewan,54.5,-105.5,11.2,60.0,14.1,1.2000000000000002,3.3015645774772118,0.008237548,0.00016979082,0.013725490196078431,0.6001642239945275,242,0
54_-106,2026-09-17,2,Saskatchewan,54.5,-105.5,15.8,56.0,15.5,0.0,7.262575516647171,0.01158889,0.00019753922,0.013725490196078431,0.8443334219711167,182,0
54_-106,2026-09-18,3,Saskatchewan,54.5,-105.5,18.0,43.0,12.7,0.0,10.899580066669033,0.016953317,0.00036769436,0.013725490196078431,1.2351702712476254,143,0
54_-106,2026-09-19,4,Saskatchewan,54.5,-105.5,16.2,54.0,10.4,0.0,10.347016145909553,0.017114606,0.00036769436,0.013725490196078431,1.2469212764075825,138,0
54_-106,2026-09-20,5,Saskatchewan,54.5,-105.5,16.4,60.0,17.3,0.0,13.521096584907497,0.019046638,0.00036769436,0.013725490196078431,1.3876836374402046,137,0
54_-106,2026-09-21,6,Saskatchewan,54.5,-105.5,18.6,67.0,17.3,0.0,12.709767905044151,0.016953317,0.00046264168,0.013725490196078431,1.2351702712476254,158,0
54_-106,2026-09-22,7,Saskatchewan,54.5,-105.5,19.1,61.0,22.1,0.0,15.871736997699697,0.020055054,0.0007264472,0.013725490196078431,1.4611539164824145,139,0
54_-107,2026-09-15,0,Saskatchewan,54.5,-106.5,10.634042334902597,60.676248280185696,8.05874382273379,0.4551565151066221,2.856780350290506,0.003771806,0.00013172916,0.00392156862745098,0.9618105052504689,380,0
54_-107,2026-09-16,1,Saskatchewan,54.5,-106.5,9.9,63.0,12.5,5.4,0.2760131093283213,0.0034599912,0.0,0.00392156862745098,0.8822977531235665,414,0
54_-107,2026-09-17,2,Saskatchewan,54.5,-106.5,17.5,47.0,16.4,0.0,2.4322035923098704,0.005107495,0.00013172916,0.00392156862745098,1.3024112256243825,302,0
54_-107,2026-09-18,3,Saskatchewan,54.5,-106.5,17.7,42.0,10.9,0.0,5.814275446409181,0.005107495,0.00016979082,0.00392156862745098,1.3024112256243825,300,0
54_-107,2026-09-19,4,Saskatchewan,54.5,-106.5,17.7,45.0,9.3,0.0,7.331234303562936,0.008237548,0.00016979082,0.00392156862745098,2.1005747839808464,254,0
54_-107,2026-09-20,5,Saskatchewan,54.5,-106.5,18.0,52.0,14.9,0.0,10.174521599874618,0.008237548,0.00019753922,0.00392156862745098,2.1005747839808464,256,0
54_-107,2026-09-21,6,Saskatchewan,54.5,-106.5,20.6,56.0,15.3,0.0,11.128140226914336,0.0085633695,0.00019753922,0.00392156862745098,2.1836592257022858,245,0
54_-107,2026-09-22,7,Saskatchewan,54.5,-106.5,19.5,58.0,19.5,0.0,13.920444460597395,0.0085633695,0.00019753922,0.00392156862745098,2.1836592257022858,259,0
54_-108,2026-09-15,0,Saskatchewan,54.5,-107.5,9.64017874743823,75.03389252565808,6.64740370248949,1.3066155634020644,0.8879162079443174,0.00510037,0.00010140445,0.00784313725490196,0.6502971646841615,357,0
54_-108,2026-09-16,1,Saskatchewan,54.5,-107.5,11.3,58.0,9.4,1.7,0.5962037954806915,0.00510037,0.00010140445,0.00784313725490196,0.6502971646841615,339,0
54_-108,2026-09-17,2,Saskatchewan,54.5,-107.5,17.7,53.0,14.8,0.1,3.564826066320397,0.006459243,0.00016979082,0.00784313725490196,0.8235534990672022,274,0
54_-108,2026-09-18,3,Saskatchewan,54.5,-107.5,17.7,48.0,5.6,0.0,4.370940042726833,0.008237548,0.00016979082,0.00784313725490196,1.0502873919904232,246,0
54_-108,2026-09-19,4,Saskatchewan,54.5,-107.5,18.0,50.0,8.3,0.0,6.4668562390482265,0.009431681,0.00019753922,0.00784313725490196,1.2025392847135663,217,0
54_-108,2026-09-20,5,Saskatchewan,54.5,-107.5,18.3,54.0,12.1,0.0,8.343208312783212,0.01158889,0.00019753922,0.00784313725490196,1.4775834884494543,196,0
54_-108,2026-09-21,6,Saskatchewan,54.5,-107.5,20.3,59.0,12.3,0.0,9.017847785551156,0.01158889,0.00019753922,0.00784313725490196,1.4775834884494543,201,0
54_-108,2026-09-22,7,Saskatchewan,54.5,-107.5,19.9,59.0,15.5,0.0,10.957853954590604,0.01158889,0.00036769436,0.00784313725490196,1.4775834884494543,212,0
54_-109,2026-09-15,0,Saskatchewan,54.5,-108.5,8.830125090388156,86.94700789062385,6.560759569765092,0.8673703091446394,2.3740502984362237,0.00510037,0.0,0.00392156862745098,1.300594329368323,358,0
54_-109,2026-09-16,1,Saskatchewan,54.5,-108.5,11.8,61.0,5.9,0.2,3.7874017776702122,0.003771806,0.0,0.00392156862745098,0.9618105052504689,365,0
54_-109,2026-09-17,2,Saskatchewan,54.5,-108.5,16.7,59.0,11.8,0.1,8.020001825091656,0.00510037,0.0,0.00392156862745098,1.300594329368323,334,0
54_-109,2026-09-18,3,Saskatchewan,54.5,-108.5,17.6,50.0,2.3,0.0,6.998772402274677,0.006459243,0.00013172916,0.00392156862745098,1.6471069981344044,277,0
54_-109,2026-09-19,4,Saskatchewan,54.5,-108.5,16.8,58.0,4.6,0.0,8.062522487109327,0.006459243,0.00016979082,0.00392156862745098,1.6471069981344044,286,0
54_-109,2026-09-20,5,Saskatchewan,54.5,-108.5,17.5,59.0,9.6,0.0,10.350349781973092,0.006459243,0.00016979082,0.00392156862745098,1.6471069981344044,280,0
54_-109,2026-09-21,6,Saskatchewan,54.5,-108.5,19.3,64.0,8.3,0.0,10.112258136409439,0.008237548,0.00016979082,0.00392156862745098,2.1005747839808464,258,0
54_-109,2026-09-22,7,Saskatchewan,54.5,-108.5,19.7,63.0,11.3,0.0,11.803265466283541,0.008237548,0.00016979082,0.00392156862745098,2.1005747839808464,282,0
54_-110,2026-09-15,0,Saskatchewan,54.5,-109.5,9.86113915488217,62.07368996495907,5.819690878538867,1.2088461201262082,2.4179750619589466,0.006459243,0.00013172916,0.00980392156862745,0.6588427992537618,285,0
54_-110,2026-09-16,1,Saskatchewan,54.5,-109.5,11.7,56.0,9.0,0.30000000000000004,5.3776345076046,0.005107495,0.00013172916,0.00980392156862745,0.520964490249753,302,0
54_-110,2026-09-17,2,Saskatchewan,54.5,-109.5,15.8,60.0,11.9,0.0,8.562733573391148,0.008237548,0.00013172916,0.00980392156862745,0.8402299135923386,247,0
54_-110,2026-09-18,3,Saskatchewan,54.5,-109.5,18.0,46.0,4.0,0.0,8.695072536314262,0.009431681,0.00019753922,0.00980392156862745,0.962031427770853,203,0
54_-110,2026-09-19,4,Saskatchewan,54.5,-109.5,17.7,54.0,7.8,0.0,10.56019078716366,0.01158889,0.00036769436,0.00980392156862745,1.1820667907595634,194,0
54_-110,2026-09-20,5,Saskatchewan,54.5,-109.5,17.8,57.0,8.8,0.0,11.329007943458237,0.01158889,0.00036769436,0.00980392156862745,1.1820667907595634,197,0
54_-110,2026-09-21,6,Saskatchewan,54.5,-109.5,19.2,62.0,10.1,0.0,12.265804047852091,0.01158889,0.00036769436,0.00980392156862745,1.1820667907595634,202,0
54_-110,2026-09-22,7,Saskatchewan,54.5,-109.5,18.9,64.0,13.2,0.0,13.794937893498274,0.01158889,0.00036769436,0.00980392156862745,1.1820667907595634,213,0
54_-111,2026-09-15,0,Alberta,54.5,-110.5,10.63423783436995,54.9914502677973,5.956531353956003,0.48036507392190186,4.993409940968723,0.0085633695,0.00019753922,0.01568627450980392,0.5459148064255714,231,0
54_-111,2026-09-16,1,Alberta,54.5,-110.5,12.3,56.0,7.4,0.2,6.749988884032718,0.008237548,0.00016979082,0.01568627450980392,0.5251436959952116,243,0
54_-111,2026-09-17,2,Alberta,54.5,-110.5,14.9,67.0,10.8,0.0,8.098248421942632,0.009431681,0.00016979082,0.01568627450980392,0.6012696423567832,205,0
54_-111,2026-09-18,3,Alberta,54.5,-110.5,17.3,52.0,2.4,0.0,6.980296788878273,0.013233952,0.00019753922,0.01568627450980392,0.8436644542962313,153,0
54_-111,2026-09-19,4,Alberta,54.5,-110.5,17.9,56.0,11.3,0.0,10.951701235130567,0.013666987,0.00036769436,0.01568627450980392,0.8712704479694366,157,0
54_-111,2026-09-20,5,Alberta,54.5,-110.5,17.2,63.0,8.4,0.0,9.972665263514125,0.01158889,0.00036769436,0.01568627450980392,0.7387917442247272,198,0
54_-111,2026-09-21,6,Alberta,54.5,-110.5,18.5,67.0,9.3,0.0,10.3726990312123,0.013233952,0.00036769436,0.01568627450980392,0.8436644542962313,176,0
54_-111,2026-09-22,7,Alberta,54.5,-110.5,18.0,68.0,9.3,0.0,10.280230892885081,0.013233952,0.00036769436,0.01568627450980392,0.8436644542962313,176,0
54_-112,2026-09-15,0,Alberta,54.5,-111.5,10.984821946954217,54.527167024678974,7.265622238784873,0.30674244750426916,5.736296752606564,0.017114606,0.00019753922,0.03529411764705882,0.48491382971405983,110,0
54_-112,2026-09-16,1,Alberta,54.5,-111.5,12.2,56.0,2.8,0.30000000000000004,5.554458150878274,0.019046638,0.00016979082,0.03529411764705882,0.539654747893413,101,0
54_-112,2026-09-17,2,Alberta,54.5,-111.5,15.9,62.0,6.8,0.0,7.2777254714251525,0.020055054,0.00019753922,0.03529411764705882,0.5682265230764946,101,0
54_-112,2026-09-18,3,Alberta,54.5,-111.5,17.2,55.0,2.2,0.0,6.882199067014452,0.029426603,0.00019753922,0.03529411764705882,0.8337537416567405,64,1
54_-112,2026-09-19,4,Alberta,54.5,-111.5,18.3,56.0,15.4,0.0,13.168885352028397,0.029426603,0.00046264168,0.03529411764705882,0.8337537416567405,76,1
54_-112,2026-09-20,5,Alberta,54.5,-111.5,18.0,61.0,7.7,0.0,9.885338324308732,0.031681307,0.00036769436,0.03529411764705882,0.8976370220383009,73,1
54_-112,2026-09-21,6,Alberta,54.5,-111.5,18.5,67.0,12.5,0.0,12.046451754357205,0.029426603,0.00036769436,0.03529411764705882,0.8337537416567405,84,0
54_-112,2026-09-22,7,Alberta,54.5,-111.5,17.3,70.0,12.0,0.0,11.189440956224262,0.029426603,0.00036769436,0.03529411764705882,0.8337537416567405,86,0
54_-113,2026-09-15,0,Alberta,54.5,-112.5,9.918427045367933,63.16295290571627,4.591040322952984,0.27111509584012355,5.098138678945243,0.008237548,0.00016979082,0.01568627450980392,0.5251436959952116,249,0
54_-113,2026-09-16,1,Alberta,54.5,-112.5,12.9,51.0,1.3,0.0,5.487274013380977,0.0085633695,0.00016979082,0.01568627450980392,0.5459148064255714,217,0
54_-113,2026-09-17,2,Alberta,54.5,-112.5,17.9,47.0,8.8,0.0,10.450451031203068,0.01158889,0.00019753922,0.01568627450980392,0.7387917442247272,183,0
54_-113,2026-09-18,3,Alberta,54.5,-112.5,17.8,52.0,3.9,0.0,8.803281426382044,0.01158889,0.00019753922,0.01568627450980392,0.7387917442247272,183,0
54_-113,2026-09-19,4,Alberta,54.5,-112.5,18.3,53.0,15.9,0.0,14.876858148755586,0.013233952,0.00036769436,0.01568627450980392,0.8436644542962313,163,0
54_-113,2026-09-20,5,Alberta,54.5,-112.5,19.3,56.0,5.0,0.0,9.894217204009488,0.01158889,0.00036769436,0.01568627450980392,0.7387917442247272,199,0
54_-113,2026-09-21,6,Alberta,54.5,-112.5,19.4,64.0,10.5,0.0,12.129201335427007,0.01158889,0.00036769436,0.01568627450980392,0.7387917442247272,203,0
54_-113,2026-09-22,7,Alberta,54.5,-112.5,17.0,56.0,14.1,0.0,14.364712562487137,0.01158889,0.00036769436,0.01568627450980392,0.7387917442247272,214,0
54_-114,2026-09-15,0,Alberta,54.5,-113.5,11.111111231544117,60.52099948326971,5.397688901353094,0.31077475143369876,5.049815783896726,0.006459243,0.00016979082,0.013725490196078431,0.4706019994669727,286,0
54_-114,2026-09-16,1,Alberta,54.5,-113.5,13.0,52.0,6.3,0.0,6.324120934799204,0.006459243,0.00013172916,0.013725490196078431,0.4706019994669727,274,0
54_-114,2026-09-17,2,Alberta,54.5,-113.5,16.7,54.0,9.4,0.0,8.234371079049335,0.0085633695,0.00016979082,0.013725490196078431,0.6239026359149388,227,0
54_-114,2026-09-18,3,Alberta,54.5,-113.5,17.1,59.0,3.1,0.0,6.447234452669857,0.008910148,0.00019753922,0.013725490196078431,0.6491679551878146,219,0
54_-114,2026-09-19,4,Alberta,54.5,-113.5,17.5,60.0,15.1,0.0,11.346144266740291,0.0085633695,0.00036769436,0.013725490196078431,0.6239026359149388,236,0
54_-114,2026-09-20,5,Alberta,54.5,-113.5,18.9,65.0,5.4,0.0,7.756891351596311,0.009431681,0.00019753922,0.013725490196078431,0.6871653055506093,211,0
54_-114,2026-09-21,6,Alberta,54.5,-113.5,18.3,70.0,9.3,0.0,8.685964733799693,0.008910148,0.00019753922,0.013725490196078431,0.6491679551878146,234,0
54_-114,2026-09-22,7,Alberta,54.5,-113.5,16.7,53.0,14.5,0.0,12.103820346926287,0.0085633695,0.00036769436,0.013725490196078431,0.6239026359149388,260,0
54_-115,2026-09-15,0,Alberta,54.5,-114.5,11.29543984734516,60.625762207985005,5.6899667004696,0.19828323219034164,6.143660941516607,0.01158889,0.00016979082,0.023529411764705882,0.49252782948315144,174,0
54_-115,2026-09-16,1,Alberta,54.5,-114.5,13.0,57.0,9.1,0.2,7.377575728547573,0.01158889,0.00016979082,0.023529411764705882,0.49252782948315144,172,0
54_-115,2026-09-17,2,Alberta,54.5,-114.5,18.1,49.0,8.7,0.0,9.513909543953167,0.019046638,0.00019753922,0.023529411764705882,0.8094821218401194,111,0
54_-115,2026-09-18,3,Alberta,54.5,-114.5,16.9,57.0,3.3,0.0,7.807342462852178,0.023706896,0.00019753922,0.023529411764705882,1.007543089799583,107,0
54_-115,2026-09-19,4,Alberta,54.5,-114.5,16.5,66.0,7.2,0.0,8.703653784957824,0.020055054,0.00036769436,0.023529411764705882,0.8523397846147418,120,0
54_-115,2026-09-20,5,Alberta,54.5,-114.5,17.2,74.0,3.1,0.0,6.349267501712687,0.024334805,0.00019753922,0.023529411764705882,1.0342292161658406,114,0
54_-115,2026-09-21,6,Alberta,54.5,-114.5,15.4,81.0,3.8,0.0,5.36443784677178,0.017114606,0.00019753922,0.023529411764705882,0.7273707445710897,148,0
54_-115,2026-09-22,7,Alberta,54.5,-114.5,17.3,45.0,7.4,0.0,10.021754552757011,0.024334805,0.00036769436,0.023529411764705882,1.0342292161658406,118,0
54_-116,2026-09-15,0,Alberta,54.5,-115.5,9.569459970342505,55.95405503872026,10.862258620271918,0.03318533811573018,3.2666498882981467,0.027721774,0.00016979082,0.06470588235294118,0.42842741378329013,58,1
54_-116,2026-09-16,1,Alberta,54.5,-115.5,14.2,46.0,9.8,0.30000000000000004,5.408862666449788,0.03278111,0.00019753922,0.06470588235294118,0.5066171423955397,29,1
54_-116,2026-09-17,2,Alberta,54.5,-115.5,16.6,46.0,14.0,0.0,8.740864699980468,0.039974753,0.00036769436,0.06470588235294118,0.6177916343916545,29,1
54_-116,2026-09-18,3,Alberta,54.5,-115.5,16.8,52.0,5.2,0.0,6.266271812033127,0.039974753,0.00036769436,0.06470588235294118,0.6177916343916545,38,1
54_-116,2026-09-19,4,Alberta,54.5,-115.5,16.5,65.0,3.5,0.0,5.348711614082234,0.039974753,0.00036769436,0.06470588235294118,0.6177916343916545,39,1
54_-116,2026-09-20,5,Alberta,54.5,-115.5,18.8,49.0,8.3,0.0,8.007637160293974,0.054577813,0.00036769436,0.06470588235294118,0.8434752849015322,34,1
54_-116,2026-09-21,6,Alberta,54.5,-115.5,18.2,65.0,6.9,0.0,7.1033990890971275,0.04981479,0.00046264168,0.06470588235294118,0.7698649438944729,34,1
54_-116,2026-09-22,7,Alberta,54.5,-115.5,14.3,44.0,15.8,0.0,12.073051442318583,0.04981479,0.00046264168,0.06470588235294118,0.7698649438944729,37,1
54_-117,2026-09-15,0,Alberta,54.5,-116.5,13.933650035778557,44.74903831958775,4.570134700701887,0.12250426471379582,3.8113823818958936,0.01158889,0.00019753922,0.021568627450980392,0.5373030867088925,175,0
54_-117,2026-09-16,1,Alberta,54.5,-116.5,15.7,41.0,6.4,0.1,5.943950731718242,0.019046638,0.00019753922,0.021568627450980392,0.8830714056437666,102,0
54_-117,2026-09-17,2,Alberta,54.5,-116.5,17.4,43.0,9.5,0.0,8.529006399960915,0.019046638,0.00036769436,0.021568627450980392,0.8830714056437666,112,0
54_-117,2026-09-18,3,Alberta,54.5,-116.5,16.6,54.0,2.0,0.0,6.32618783035067,0.024334805,0.00036769436,0.021568627450980392,1.128250053999099,98,0
54_-117,2026-09-19,4,Alberta,54.5,-116.5,19.0,49.0,7.3,0.0,8.606640956167299,0.023706896,0.00036769436,0.021568627450980392,1.0991379161449997,113,0
54_-117,2026-09-20,5,Alberta,54.5,-116.5,20.1,38.0,12.2,0.0,13.278883822605733,0.031681307,0.00036769436,0.021568627450980392,1.4688605815172195,74,1
54_-117,2026-09-21,6,Alberta,54.5,-116.5,19.8,53.0,13.9,0.0,13.72731355557009,0.029426603,0.00036769436,0.021568627450980392,1.3643243045292117,85,0
54_-117,2026-09-22,7,Alberta,54.5,-116.5,13.5,50.0,13.4,0.0,13.100507501922761,0.024334805,0.00036769436,0.021568627450980392,1.128250053999099,119,0
54_-118,2026-09-15,0,Alberta,54.5,-117.5,12.84177860820453,46.49642747459709,3.2472529568038104,0.18356121770618428,1.59428545997538,0.01158889,0.00019753922,0.01764705882352941,0.6567037726442019,176,0
54_-118,2026-09-16,1,Alberta,54.5,-117.5,17.4,32.0,12.4,0.1,8.666130643002129,0.026660934,0.00036769436,0.01764705882352941,1.5107862651348114,64,1
54_-118,2026-09-17,2,Alberta,54.5,-117.5,18.4,38.0,12.5,0.0,10.220792393570985,0.027721774,0.00045897817,0.01764705882352941,1.5709005172053974,63,1
54_-118,2026-09-18,3,Alberta,54.5,-117.5,17.6,45.0,1.6,0.0,6.742437817371025,0.031681307,0.00036769436,0.01764705882352941,1.7952740440766017,54,1
54_-118,2026-09-19,4,Alberta,54.5,-117.5,21.6,31.0,3.4,0.0,9.617869055764203,0.03278111,0.0007264472,0.01764705882352941,1.8575961887836456,52,1
54_-118,2026-09-20,5,Alberta,54.5,-117.5,20.1,40.0,13.2,0.1,15.03347951220963,0.03278111,0.0007264472,0.01764705882352941,1.8575961887836456,60,1
54_-118,2026-09-21,6,Alberta,54.5,-117.5,19.8,41.0,9.9,0.0,13.560806698304585,0.03278111,0.0007264472,0.01764705882352941,1.8575961887836456,55,1
54_-118,2026-09-22,7,Alberta,54.5,-117.5,10.2,87.0,4.0,0.6000000000000001,3.7356206746055194,0.023706896,0.00036769436,0.01764705882352941,1.3433907863994439,128,0
54_-119,2026-09-15,0,Alberta,54.5,-118.5,12.057824455560333,51.775252006786914,6.265656031050301,0.5619530408970094,2.22689625935007,0.01158889,0.00019753922,0.01568627450980392,0.7387917442247272,177,0
54_-119,2026-09-16,1,Alberta,54.5,-118.5,17.3,38.0,12.7,0.2,6.555515348337337,0.019046638,0.00036769436,0.01568627450980392,1.214223182760179,103,0
54_-119,2026-09-17,2,Alberta,54.5,-118.5,18.7,41.0,4.7,0.0,6.588796244789301,0.023706896,0.00036769436,0.01568627450980392,1.5113146346993744,92,0
54_-119,2026-09-18,3,Alberta,54.5,-118.5,17.6,44.0,2.3,0.0,6.38274077462089,0.027721774,0.00036769436,0.01568627450980392,1.767263081856072,79,0
54_-119,2026-09-19,4,Alberta,54.5,-118.5,20.6,39.0,7.7,0.0,10.048106982504926,0.027721774,0.00036769436,0.01568627450980392,1.767263081856072,88,0
54_-119,2026-09-20,5,Alberta,54.5,-118.5,20.1,44.0,9.1,0.2,11.282033019906649,0.027721774,0.00046264168,0.01568627450980392,1.767263081856072,94,0
54_-119,2026-09-21,6,Alberta,54.5,-118.5,15.7,54.0,3.4,0.0,8.03643447295208,0.027721774,0.00036769436,0.01568627450980392,1.767263081856072,94,0
54_-119,2026-09-22,7,Alberta,54.5,-118.5,12.3,73.0,5.8,1.8,0.9901175138499293,0.016953317,0.00019753922,0.01568627450980392,1.0807739873416722,168,0
54_-120,2026-09-15,0,Alberta,54.5,-119.5,12.68646697776159,50.02478608855452,5.250962969412615,0.4955285125672136,3.7771248490507188,0.009431681,0.00016979082,0.013725490196078431,0.6871653055506093,197,0
54_-120,2026-09-16,1,Alberta,54.5,-119.5,13.7,44.0,17.1,0.5,8.479593853293052,0.01158889,0.00016979082,0.013725490196078431,0.8443334219711167,173,0
54_-120,2026-09-17,2,Alberta,54.5,-119.5,15.7,42.0,12.9,0.0,10.40220073850689,0.01158889,0.00019753922,0.013725490196078431,0.8443334219711167,184,0
54_-120,2026-09-18,3,Alberta,54.5,-119.5,15.6,42.0,3.1,0.0,7.720051667549396,0.013233952,0.00019753922,0.013725490196078431,0.9641879477671215,154,0
54_-120,2026-09-19,4,Alberta,54.5,-119.5,17.9,35.0,9.6,0.0,12.907382187151219,0.016953317,0.00036769436,0.013725490196078431,1.2351702712476254,148,0
54_-120,2026-09-20,5,Alberta,54.5,-119.5,18.2,35.0,13.9,0.0,16.699962007065388,0.019046638,0.00036769436,0.013725490196078431,1.3876836374402046,138,0
54_-120,2026-09-21,6,Alberta,54.5,-119.5,16.0,49.0,2.9,0.30000000000000004,10.159243627249053,0.019046638,0.00036769436,0.013725490196078431,1.3876836374402046,138,0
54_-120,2026-09-22,7,Alberta,54.5,-119.5,10.3,53.0,12.3,0.0,12.938751743932045,0.01158889,0.00019753922,0.013725490196078431,0.8443334219711167,215,0
54_-121,2026-09-15,0,British Columbia,54.5,-120.5,14.492783367617498,40.18132046661669,3.48368126632572,0.0,5.385343912135154,0.003771806,0.00016979082,0.00392156862745098,0.9618105052504689,381,0
54_-121,2026-09-16,1,British Columbia,54.5,-120.5,11.3,50.0,22.7,0.2,12.878279122465816,0.0034599912,0.00016979082,0.00392156862745098,0.8822977531235665,415,0
54_-121,2026-09-17,2,British Columbia,54.5,-120.5,12.4,53.0,18.0,0.0,11.10192359295897,0.0034599912,0.00016979082,0.00392156862745098,0.8822977531235665,407,0
54_-121,2026-09-18,3,British Columbia,54.5,-120.5,14.3,40.0,6.7,0.0,8.681129662835298,0.0034599912,0.00016979082,0.00392156862745098,0.8822977531235665,391,0
54_-121,2026-09-19,4,British Columbia,54.5,-120.5,14.2,46.0,15.9,0.0,13.317699076973668,0.0034599912,0.00016979082,0.00392156862745098,0.8822977531235665,392,0
54_-121,2026-09-20,5,British Columbia,54.5,-120.5,15.1,43.0,18.6,0.0,15.69654521364644,0.00510037,0.00016979082,0.00392156862745098,1.300594329368323,329,0
54_-121,2026-09-21,6,British Columbia,54.5,-120.5,15.6,41.0,11.2,0.0,12.7379104885018,0.00510037,0.00016979082,0.00392156862745098,1.300594329368323,342,0
54_-121,2026-09-22,7,British Columbia,54.5,-120.5,7.2,57.0,17.3,0.6000000000000001,12.454791421265709,0.0034599912,0.00010140445,0.00392156862745098,0.8822977531235665,417,0
54_-122,2026-09-15,0,British Columbia,54.5,-121.5,16.769892973158182,50.424075365068724,4.400629207781423,0.0,6.017660881207363,0.008237548,0.00016979082,0.0058823529411764705,1.4003831893205643,250,0
54_-122,2026-09-16,1,British Columbia,54.5,-121.5,8.2,58.0,11.3,0.0,7.967684665374415,0.00510037,0.00016979082,0.0058823529411764705,0.8670628862455487,340,0
54_-122,2026-09-17,2,British Columbia,54.5,-121.5,9.6,62.0,8.6,0.0,7.245221894327261,0.00510037,0.00016979082,0.0058823529411764705,0.8670628862455487,335,0
54_-122,2026-09-18,3,British Columbia,54.5,-121.5,11.3,51.0,5.9,0.0,7.028924068421026,0.00510037,0.00016979082,0.0058823529411764705,0.8670628862455487,326,0
54_-122,2026-09-19,4,British Columbia,54.5,-121.5,11.2,56.0,8.9,0.0,8.303321140058687,0.00510037,0.00016979082,0.0058823529411764705,0.8670628862455487,335,0
54_-122,2026-09-20,5,British Columbia,54.5,-121.5,11.3,53.0,11.7,0.0,9.66557457264825,0.00510037,0.00016979082,0.0058823529411764705,0.8670628862455487,330,0
54_-122,2026-09-21,6,British Columbia,54.5,-121.5,11.0,57.0,8.5,0.0,8.65243725870433,0.00510037,0.00013172916,0.0058823529411764705,0.8670628862455487,343,0
54_-122,2026-09-22,7,British Columbia,54.5,-121.5,4.2,69.0,11.0,2.4,1.4548748995725123,0.0034599912,0.0,0.0058823529411764705,0.5881985020823777,418,0
54_-123,2026-09-15,0,British Columbia,54.5,-122.5,17.479673911288085,47.44315862203832,5.457673546906355,0.0,11.132953305986938,0.031681307,0.00036769436,0.027450980392156862,1.1541047426206725,44,1
54_-123,2026-09-16,1,British Columbia,54.5,-122.5,14.4,51.0,12.6,0.0,15.189852464674333,0.029426603,0.00036769436,0.027450980392156862,1.0719690964158093,52,1
54_-123,2026-09-17,2,British Columbia,54.5,-122.5,15.3,55.0,7.4,0.0,12.678789700151015,0.027721774,0.00036769436,0.027450980392156862,1.0098646182034696,64,1
54_-123,2026-09-18,3,British Columbia,54.5,-122.5,17.5,47.0,8.0,0.0,13.525947514973923,0.029426603,0.00036769436,0.027450980392156862,1.0719690964158093,65,1
54_-123,2026-09-19,4,British Columbia,54.5,-122.5,16.8,52.0,7.8,0.0,13.75596218078543,0.031681307,0.00036769436,0.027450980392156862,1.1541047426206725,61,1
54_-123,2026-09-20,5,British Columbia,54.5,-122.5,16.4,52.0,10.2,0.0,15.45449181675225,0.029426603,0.00046264168,0.027450980392156862,1.0719690964158093,88,0
54_-123,2026-09-21,6,British Columbia,54.5,-122.5,14.8,70.0,6.8,0.8999999999999999,6.453679899463808,0.023706896,0.00019753922,0.027450980392156862,0.8636083626853568,120,0
54_-123,2026-09-22,7,British Columbia,54.5,-122.5,10.5,61.0,10.0,1.8,3.8112277616302603,0.019046638,0.00016979082,0.027450980392156862,0.6938418187201023,148,0
54_-124,2026-09-15,0,British Columbia,54.5,-123.5,17.4472610230454,42.93233884839729,5.409415840626476,0.0,16.518188979736333,0.027218936,0.00036769436,0.01764705882352941,1.542406373967727,62,1
54_-124,2026-09-16,1,British Columbia,54.5,-123.5,16.6,45.0,8.6,0.0,19.020604859637324,0.026660934,0.00046264168,0.01764705882352941,1.5107862651348114,65,1
54_-124,2026-09-17,2,British Columbia,54.5,-123.5,16.3,54.0,9.8,0.0,19.394128957761144,0.024334805,0.00046264168,0.01764705882352941,1.3789722882211208,84,0
54_-124,2026-09-18,3,British Columbia,54.5,-123.5,17.4,49.0,5.4,0.0,16.74956758393448,0.029426603,0.00036769436,0.01764705882352941,1.667507483313481,66,1
54_-124,2026-09-19,4,British Columbia,54.5,-123.5,15.8,44.0,11.1,0.0,21.02091911303443,0.024334805,0.0007264472,0.01764705882352941,1.3789722882211208,108,0
54_-124,2026-09-20,5,British Columbia,54.5,-123.5,16.7,50.0,12.0,0.0,22.045347966823055,0.027218936,0.0007264472,0.01764705882352941,1.542406373967727,102,0
54_-124,2026-09-21,6,British Columbia,54.5,-123.5,13.7,82.0,5.8,3.0,1.6245980336972201,0.01158889,0.00019753922,0.01764705882352941,0.6567037726442019,204,0
54_-124,2026-09-22,7,British Columbia,54.5,-123.5,11.3,55.0,10.6,4.5,0.8572992741408165,0.0085633695,0.00016979082,0.01764705882352941,0.4852576057116191,261,0
54_-125,2026-09-15,0,British Columbia,54.5,-124.5,16.908721473522725,45.627650406563745,8.217220402966811,0.3282443561502833,17.81900874251811,0.029426603,0.00036769436,0.023529411764705882,1.2506306124851108,51,1
54_-125,2026-09-16,1,British Columbia,54.5,-124.5,16.6,56.0,3.0,0.0,13.061397022402888,0.031681307,0.00036769436,0.023529411764705882,1.3464555330574512,45,1
54_-125,2026-09-17,2,British Columbia,54.5,-124.5,15.9,59.0,10.1,0.0,17.41269794625577,0.029426603,0.00036769436,0.023529411764705882,1.2506306124851108,54,1
54_-125,2026-09-18,3,British Columbia,54.5,-124.5,14.3,71.0,2.5,0.0,11.30863346563681,0.029426603,0.00036769436,0.023529411764705882,1.2506306124851108,67,1
54_-125,2026-09-19,4,British Columbia,54.5,-124.5,17.3,44.0,9.9,0.0,19.332562527010367,0.029426603,0.00046264168,0.023529411764705882,1.2506306124851108,77,1
54_-125,2026-09-20,5,British Columbia,54.5,-124.5,15.4,65.0,3.8,0.1,13.743283076141717,0.029426603,0.00036769436,0.023529411764705882,1.2506306124851108,89,0
54_-125,2026-09-21,6,British Columbia,54.5,-124.5,11.2,97.0,9.3,5.6000000000000005,0.024904961085972333,0.01158889,0.00019753922,0.023529411764705882,0.49252782948315144,205,0
54_-125,2026-09-22,7,British Columbia,54.5,-124.5,11.2,68.0,6.4,1.9,0.31212822626261755,0.01158889,0.00016979082,0.023529411764705882,0.49252782948315144,216,0
54_-126,2026-09-15,0,British Columbia,54.5,-125.5,17.228219763115572,39.1453725142374,6.315667913745469,0.0,12.08658841902643,0.027218936,0.00036769436,0.0196078431372549,1.3881657365709543,63,1
54_-126,2026-09-16,1,British Columbia,54.5,-125.5,14.9,50.0,9.6,0.0,13.448823503083977,0.023706896,0.00036769436,0.0196078431372549,1.2090517077594995,79,0
54_-126,2026-09-17,2,British Columbia,54.5,-125.5,13.7,60.0,4.8,0.0,9.63966233619661,0.017114606,0.00036769436,0.0196078431372549,0.8728448934853077,126,0
54_-126,2026-09-18,3,British Columbia,54.5,-125.5,15.3,53.0,3.1,0.0,9.260102634920274,0.023706896,0.00036769436,0.0196078431372549,1.2090517077594995,108,0
54_-126,2026-09-19,4,British Columbia,54.5,-125.5,14.1,52.0,12.2,0.0,13.835743411799386,0.019046638,0.00036769436,0.0196078431372549,0.9713785462081432,128,0
54_-126,2026-09-20,5,British Columbia,54.5,-125.5,11.8,72.0,7.4,0.0,8.900833817390819,0.015813954,0.00036769436,0.0196078431372549,0.8065116629004478,158,0
54_-126,2026-09-21,6,British Columbia,54.5,-125.5,7.8,93.0,2.4,5.800000000000001,0.010389480327835664,0.008237548,0.00016979082,0.0196078431372549,0.4201149567961693,259,0
54_-126,2026-09-22,7,British Columbia,54.5,-125.5,9.0,67.0,11.3,3.9000000000000004,0.08279013274197973,0.006459243,0.00013172916,0.0196078431372549,0.3294213996268809,306,0
54_-127,2026-09-15,0,British Columbia,54.5,-126.5,15.956123491159243,57.05562449763292,6.312501499944078,0.20594952552303206,11.435298888032179,0.027721774,0.00036769436,0.021568627450980392,1.2852822413498706,59,1
54_-127,2026-09-16,1,British Columbia,54.5,-126.5,14.7,55.0,5.1,0.0,10.461062671910938,0.024334805,0.00036769436,0.021568627450980392,1.128250053999099,73,1
54_-127,2026-09-17,2,British Columbia,54.5,-126.5,13.9,59.0,4.7,0.0,10.514788651501881,0.019046638,0.00036769436,0.021568627450980392,0.8830714056437666,113,0
54_-127,2026-09-18,3,British Columbia,54.5,-126.5,14.5,57.0,2.6,0.0,9.850391480116498,0.023706896,0.00036769436,0.021568627450980392,1.0991379161449997,109,0
54_-127,2026-09-19,4,British Columbia,54.5,-126.5,14.0,56.0,11.4,0.0,14.374941909717737,0.019046638,0.00036769436,0.021568627450980392,0.8830714056437666,129,0
54_-127,2026-09-20,5,British Columbia,54.5,-126.5,13.0,66.0,5.5,0.0,10.56291101769958,0.017114606,0.00019753922,0.021568627450980392,0.7934953577139161,146,0
54_-127,2026-09-21,6,British Columbia,54.5,-126.5,8.5,93.0,5.4,7.9,0.005597333949243102,0.008237548,0.00013172916,0.021568627450980392,0.3819226879965175,260,0
54_-127,2026-09-22,7,British Columbia,54.5,-126.5,10.0,60.0,9.0,0.9,0.530544365797783,0.008237548,0.00013172916,0.021568627450980392,0.3819226879965175,283,0
54_-128,2026-09-15,0,British Columbia,54.5,-127.5,14.641277056597636,58.51321621978892,4.717607056837871,0.0,7.372747054224905,0.013233952,0.00016979082,0.013725490196078431,0.9641879477671215,141,0
54_-128,2026-09-16,1,British Columbia,54.5,-127.5,12.3,45.0,5.6,0.0,8.717462659976784,0.013233952,0.00016979082,0.013725490196078431,0.9641879477671215,141,0
54_-128,2026-09-17,2,British Columbia,54.5,-127.5,11.0,54.0,3.1,0.0,8.039164761304807,0.01158889,0.00016979082,0.013725490196078431,0.8443334219711167,185,0
54_-128,2026-09-18,3,British Columbia,54.5,-127.5,12.1,39.0,1.9,0.0,8.806284912605754,0.016953317,0.00019753922,0.013725490196078431,1.2351702712476254,144,0
54_-128,2026-09-19,4,British Columbia,54.5,-127.5,8.8,61.0,5.1,0.0,8.737393729298383,0.01158889,0.00016979082,0.013725490196078431,0.8443334219711167,195,0
54_-128,2026-09-20,5,British Columbia,54.5,-127.5,5.1,94.0,9.9,2.8,0.4046221902261978,0.005107495,0.0,0.013725490196078431,0.37211749303553787,307,0
54_-128,2026-09-21,6,British Columbia,54.5,-127.5,4.6,85.0,5.4,9.6,0.0004682936469337549,0.00510037,0.0,0.013725490196078431,0.3715983798195209,344,0
54_-128,2026-09-22,7,British Columbia,54.5,-127.5,3.5,70.0,12.2,6.0,0.0033515785899335643,0.00510037,0.0,0.013725490196078431,0.3715983798195209,363,0
54_-129,2026-09-15,0,British Columbia,54.5,-128.5,17.054687344686972,58.856812594259424,5.27927764289396,0.0,4.920022284586628,0.023706896,0.00036769436,0.01764705882352941,1.3433907863994439,80,0
54_-129,2026-09-16,1,British Columbia,54.5,-128.5,15.1,66.0,1.0,0.0,4.065745819340433,0.021778585,0.00019753922,0.01764705882352941,1.2341198387245338,83,0
54_-129,2026-09-17,2,British Columbia,54.5,-128.5,13.9,69.0,1.9,0.0,4.33853581104445,0.017114606,0.00019753922,0.01764705882352941,0.9698276594281197,127,0
54_-129,2026-09-18,3,British Columbia,54.5,-128.5,15.4,63.0,2.2,0.0,4.650602246120252,0.019046638,0.00019753922,0.01764705882352941,1.079309495786826,124,0
54_-129,2026-09-19,4,British Columbia,54.5,-128.5,14.3,69.0,5.3,0.2,5.587931901239184,0.01158889,0.00016979082,0.01764705882352941,0.6567037726442019,196,0
54_-129,2026-09-20,5,British Columbia,54.5,-128.5,12.8,92.0,5.1,5.7,0.018593512024037116,0.0085633695,0.00013172916,0.01764705882352941,0.4852576057116191,238,0
54_-129,2026-09-21,6,British Columbia,54.5,-128.5,12.4,85.0,1.5,13.399999999999999,2.7267361642282484e-05,0.0085633695,0.00010140445,0.01764705882352941,0.4852576057116191,246,0
54_-129,2026-09-22,7,British Columbia,54.5,-128.5,10.8,92.0,2.8,4.2,8.519762095928498e-06,0.008237548,0.00010140445,0.01764705882352941,0.4667943964401881,284,0
54_-130,2026-09-15,0,British Columbia,54.5,-129.5,15.025546993274492,74.20583999107487,7.42791046389233,0.0,3.6869640445827185,0.0020446682,0.0,0.00196078431372549,1.0427807760424912,538,0
54_-130,2026-09-16,1,British Columbia,54.5,-129.5,11.9,80.0,6.3,0.0,1.764130269119751,0.0020446682,0.0,0.00196078431372549,1.0427807760424912,523,0
54_-130,2026-09-17,2,British Columbia,54.5,-129.5,13.0,75.0,5.3,0.0,2.1913405433311106,0.0020446682,0.0,0.00196078431372549,1.0427807760424912,518,0
54_-130,2026-09-18,3,British Columbia,54.5,-129.5,14.1,56.0,5.7,0.0,3.9239415233287347,0.0020446682,0.0,0.00196078431372549,1.0427807760424912,507,0
54_-130,2026-09-19,4,British Columbia,54.5,-129.5,9.9,97.0,8.1,4.2,0.024257773902886068,0.0015167142,0.0,0.00196078431372549,0.7735242554917932,550,0
54_-130,2026-09-20,5,British Columbia,54.5,-129.5,9.4,99.0,8.6,23.599999999999998,3.8878160455181964e-08,0.0015167142,0.0,0.00196078431372549,0.7735242554917932,555,0
54_-130,2026-09-21,6,British Columbia,54.5,-129.5,9.5,95.0,7.0,12.200000000000001,6.156659714752346e-08,0.0015167142,0.0,0.00196078431372549,0.7735242554917932,569,0
54_-130,2026-09-22,7,British Columbia,54.5,-129.5,6.5,99.0,11.0,25.6,1.922511209499562e-09,0.0015167142,0.0,0.00196078431372549,0.7735242554917932,571,0
54_-60,2026-09-15,0,Quebec,54.5,-59.5,15.76722035001784,52.09384982949755,27.512823943959418,2.8971790585450323,2.1011690957166547,0.0015167142,0.0,0.0,,585,0
54_-60,2026-09-16,1,Quebec,54.5,-59.5,14.5,63.0,27.4,0.3,3.5510393232190225,0.0007248675,0.0,0.0,,631,0
54_-60,2026-09-17,2,Quebec,54.5,-59.5,6.7,70.0,21.1,3.6,0.4078023047441515,0.0007248675,0.0,0.0,,633,0
54_-60,2026-09-18,3,Quebec,54.5,-59.5,10.3,44.0,7.3,0.0,0.5157507419947316,0.0007248675,0.0,0.0,,611,0
54_-60,2026-09-19,4,Quebec,54.5,-59.5,2.0,92.0,23.9,0.9000000000000001,0.9689244832734442,0.00038029242,0.0,0.0,,694,0
54_-60,2026-09-20,5,Quebec,54.5,-59.5,4.7,56.0,17.1,0.5,1.3340502109873822,0.00038029242,0.0,0.0,,697,0
54_-60,2026-09-21,6,Quebec,54.5,-59.5,9.5,63.0,8.4,0.0,1.2026122793442746,0.00038029242,0.0,0.0,,708,0
54_-60,2026-09-22,7,Quebec,54.5,-59.5,5.9,63.0,17.8,3.3000000000000003,0.46690756579854126,0.0006170935,0.0,0.0,,686,0
54_-61,2026-09-15,0,Quebec,54.5,-60.5,15.583508991217533,52.56832233198923,23.424659227018875,3.2284309565750102,2.235733260570805,0.0012195122,0.0,0.0,,620,0
54_-61,2026-09-16,1,Quebec,54.5,-60.5,13.8,69.0,19.9,0.0,1.5653367964992513,0.0007248675,0.0,0.0,,632,0
54_-61,2026-09-17,2,Quebec,54.5,-60.5,7.9,57.0,19.4,2.1,0.7710498219977479,0.0007248675,0.0,0.0,,634,0
54_-61,2026-09-18,3,Quebec,54.5,-60.5,10.3,46.0,6.6,0.0,0.8095902585807845,0.0007248675,0.0,0.0,,612,0
54_-61,2026-09-19,4,Quebec,54.5,-60.5,1.6,92.0,17.3,7.0,0.004486177739228484,0.00038029242,0.0,0.0,,695,0
54_-61,2026-09-20,5,Quebec,54.5,-60.5,5.8,54.0,14.1,2.5,0.08270910450347237,0.0006170935,0.0,0.0,,674,0
54_-61,2026-09-21,6,Quebec,54.5,-60.5,8.6,72.0,6.6,0.0,0.22975970511078614,0.00038029242,0.0,0.0,,709,0
54_-61,2026-09-22,7,Quebec,54.5,-60.5,6.7,58.0,15.0,3.3000000000000003,0.20313558944123036,0.0007248675,0.0,0.0,,639,0
54_-62,2026-09-15,0,Quebec,54.5,-61.5,14.74926417622982,55.05681284277477,17.513383134857857,2.766553083895735,1.7449445928011988,0.0007248675,0.0,0.0,,641,0
54_-62,2026-09-16,1,Quebec,54.5,-61.5,14.9,63.0,21.5,0.0,1.8120342401718061,0.0007248675,0.0,0.0,,633,0
54_-62,2026-09-17,2,Quebec,54.5,-61.5,8.3,57.0,20.7,0.6000000000000001,3.29990308410716,0.0007248675,0.0,0.0,,635,0
54_-62,2026-09-18,3,Quebec,54.5,-61.5,10.3,48.0,1.7,0.30000000000000004,1.6018220486310883,0.0007248675,0.0,0.0,,613,0
54_-62,2026-09-19,4,Quebec,54.5,-61.5,2.6,95.0,13.0,5.6000000000000005,0.006536223920131718,0.00038029242,0.0,0.0,,696,0
54_-62,2026-09-20,5,Quebec,54.5,-61.5,7.5,47.0,14.0,2.0,0.21638823409853306,0.0007248675,0.0,0.0,,622,0
54_-62,2026-09-21,6,Quebec,54.5,-61.5,8.4,83.0,3.1,1.5,0.09859880081886088,0.00038029242,0.0,0.0,,710,0
54_-62,2026-09-22,7,Quebec,54.5,-61.5,6.7,64.0,15.3,3.6,0.12504495458554624,0.00038029242,0.0,0.0,,702,0
54_-71,2026-09-15,0,Quebec,54.5,-70.5,11.80825172722699,61.650835825164364,23.878450327593935,0.20737734391836954,0.0,0.0007248675,0.0,0.0,,642,0
54_-71,2026-09-16,1,Quebec,54.5,-70.5,10.4,78.0,35.0,11.8,0.09445842887425777,0.0007248675,0.0,0.0,,634,0
54_-71,2026-09-17,2,Quebec,54.5,-70.5,6.8,63.0,12.1,6.9,0.01463843726546565,0.0007248675,0.0,0.0,,636,0
54_-71,2026-09-18,3,Quebec,54.5,-70.5,7.8,55.0,12.4,1.5,0.1930351014520037,0.0007248675,0.0,0.0,,614,0
54_-71,2026-09-19,4,Quebec,54.5,-70.5,4.3,54.0,6.1,3.1,0.06532878308967596,0.0007248675,0.0,0.0,,622,0
54_-71,2026-09-20,5,Quebec,54.5,-70.5,5.8,85.0,14.5,1.8,0.07067724038104213,0.00038029242,0.0,0.0,,698,0
54_-71,2026-09-21,6,Quebec,54.5,-70.5,7.4,73.0,14.8,5.9,0.019017889808624913,0.00038029242,0.0,0.0,,711,0
54_-71,2026-09-22,7,Quebec,54.5,-70.5,7.5,69.0,13.2,0.5,0.21918761353805322,0.00038029242,0.0,0.0,,703,0
54_-72,2026-09-15,0,Quebec,54.5,-71.5,11.878240988246995,61.948321783018706,25.538469255650316,0.17715433043374038,0.029604440451505117,0.0007248675,0.0,0.0,,643,0
54_-72,2026-09-16,1,Quebec,54.5,-71.5,9.8,77.0,35.2,11.6,0.09508533327701409,0.0006170935,0.0,0.0,,692,0
54_-72,2026-09-17,2,Quebec,54.5,-71.5,6.9,59.0,11.9,3.0999999999999996,0.07167461760576542,0.0007248675,0.0,0.0,,637,0
54_-72,2026-09-18,3,Quebec,54.5,-71.5,8.8,61.0,11.2,1.4999999999999996,0.23241755995483654,0.0007248675,0.0,0.0,,615,0
54_-72,2026-09-19,4,Quebec,54.5,-71.5,5.4,54.0,1.7,5.1,0.013732395099902832,0.0007248675,0.0,0.0,,623,0
54_-72,2026-09-20,5,Quebec,54.5,-71.5,5.5,97.0,10.9,3.7999999999999994,0.00013049087714329428,0.00038029242,0.0,0.0,,699,0
54_-72,2026-09-21,6,Quebec,54.5,-71.5,7.4,73.0,13.1,5.5,0.0028925599490617075,0.00038029242,0.0,0.0,,712,0
54_-72,2026-09-22,7,Quebec,54.5,-71.5,7.8,65.0,13.2,0.19999999999999957,0.160792174767791,0.00038029242,0.0,0.0,,704,0
54_-77,2026-09-15,0,Quebec,54.5,-76.5,12.093142748586228,73.70824561214683,23.64107187726126,0.02065077392905696,1.091581696751609,0.0007248675,0.0,0.0,,644,0
54_-77,2026-09-16,1,Quebec,54.5,-76.5,7.9,85.0,30.6,11.9,0.025034944351756443,0.00038029242,0.0,0.0,,700,0
54_-77,2026-09-17,2,Quebec,54.5,-76.5,8.2,74.0,16.6,1.2999999999999998,0.15864409294327678,0.00038029242,0.0,0.0,,699,0
54_-77,2026-09-18,3,Quebec,54.5,-76.5,6.9,73.0,24.5,8.9,0.031222078244044077,0.00038029242,0.0,0.0,,685,0
54_-77,2026-09-19,4,Quebec,54.5,-76.5,6.9,62.0,16.4,0.1,0.3064332705922445,0.00038029242,0.0,0.0,,697,0
54_-77,2026-09-20,5,Quebec,54.5,-76.5,6.0,83.0,22.6,8.7,0.009229692023544468,0.00038029242,0.0,0.0,,700,0
54_-77,2026-09-21,6,Quebec,54.5,-76.5,7.1,81.0,14.4,0.9,0.07332479867122298,0.00038029242,0.0,0.0,,713,0
54_-77,2026-09-22,7,Quebec,54.5,-76.5,10.4,62.0,13.3,0.0,0.3633163917680635,0.0006170935,0.0,0.0,,687,0
54_-92,2026-09-15,0,Ontario,54.5,-91.5,10.913632249880772,92.05102601557574,12.775393752904405,11.611637249214066,0.0,0.0007248675,0.0,0.0,,645,0
54_-92,2026-09-16,1,Ontario,54.5,-91.5,11.6,55.0,16.3,3.9,0.14120900934532762,0.0007248675,0.0,0.0,,635,0
54_-92,2026-09-17,2,Ontario,54.5,-91.5,7.8,63.0,23.6,2.1,0.4543432596898124,0.0007248675,0.0,0.0,,638,0
54_-92,2026-09-18,3,Ontario,54.5,-91.5,14.6,44.0,18.0,0.0,1.7773684722019654,0.0012195122,0.0,0.0,,576,0
54_-92,2026-09-19,4,Ontario,54.5,-91.5,9.4,73.0,17.4,0.1,2.3296619857883005,0.0007248675,0.0,0.0,,624,0
54_-92,2026-09-20,5,Ontario,54.5,-91.5,11.8,51.0,6.4,0.0,2.2076532292222737,0.0007248675,0.0,0.0,,623,0
54_-92,2026-09-21,6,Ontario,54.5,-91.5,15.8,55.0,13.3,0.6000000000000001,4.461352316666477,0.0007248675,0.0,0.0,,630,0
54_-92,2026-09-22,7,Ontario,54.5,-91.5,18.6,54.0,16.5,0.0,7.197314534999812,0.0015167142,0.0,0.0,,572,0
54_-94,2026-09-15,0,Manitoba,54.5,-93.5,9.201835953028706,92.18647275426957,14.364537687509499,11.388936354712442,0.0,0.0020446682,0.0,0.00196078431372549,1.0427807760424912,539,0
54_-94,2026-09-16,1,Manitoba,54.5,-93.5,12.0,65.0,18.0,3.6,0.1265451884312831,0.0020446682,0.00010140445,0.00196078431372549,1.0427807760424912,524,0
54_-94,2026-09-17,2,Manitoba,54.5,-93.5,9.1,56.0,15.9,3.1,0.238296487081075,0.0015167142,0.0,0.00196078431372549,0.7735242554917932,561,0
54_-94,2026-09-18,3,Manitoba,54.5,-93.5,14.9,50.0,18.4,0.0,1.2614151964555222,0.0020446682,0.00010140445,0.00196078431372549,1.0427807760424912,508,0
54_-94,2026-09-19,4,Manitoba,54.5,-93.5,9.8,69.0,14.7,0.0,1.8366500635744012,0.0015167142,0.0,0.00196078431372549,0.7735242554917932,551,0
54_-94,2026-09-20,5,Manitoba,54.5,-93.5,13.3,48.0,9.0,0.0,3.1825088536971347,0.0020446682,0.00010140445,0.00196078431372549,1.0427807760424912,508,0
54_-94,2026-09-21,6,Manitoba,54.5,-93.5,16.4,59.0,13.6,0.0,5.109014444501585,0.0020446682,0.00010140445,0.00196078431372549,1.0427807760424912,520,0
54_-94,2026-09-22,7,Manitoba,54.5,-93.5,18.4,58.0,16.0,0.0,6.882218822880387,0.0020446682,0.00010140445,0.00196078431372549,1.0427807760424912,528,0
54_-95,2026-09-15,0,Manitoba,54.5,-94.5,8.711807759941557,92.98397665215397,14.013140918856703,11.399133900033538,0.0,0.006459243,0.00019753922,0.013725490196078431,0.4706019994669727,287,0
54_-95,2026-09-16,1,Manitoba,54.5,-94.5,12.7,60.0,19.1,4.9,0.14496159353417032,0.006459243,0.00019753922,0.013725490196078431,0.4706019994669727,275,0
54_-95,2026-09-17,2,Manitoba,54.5,-94.5,9.1,57.0,12.8,4.5,0.1053080051843226,0.005107495,0.00019753922,0.013725490196078431,0.37211749303553787,303,0
54_-95,2026-09-18,3,Manitoba,54.5,-94.5,15.4,50.0,21.1,0.0,1.3100574186551914,0.006459243,0.00019753922,0.013725490196078431,0.4706019994669727,278,0
54_-95,2026-09-19,4,Manitoba,54.5,-94.5,10.2,66.0,15.9,0.10000000000000023,1.9504326895134971,0.005107495,0.00019753922,0.013725490196078431,0.37211749303553787,305,0
54_-95,2026-09-20,5,Manitoba,54.5,-94.5,13.6,52.0,9.8,0.0,3.003637455594079,0.005107495,0.00019753922,0.013725490196078431,0.37211749303553787,308,0
54_-95,2026-09-21,6,Manitoba,54.5,-94.5,16.2,61.0,15.3,0.0,5.1055053639895815,0.008237548,0.00019753922,0.013725490196078431,0.6001642239945275,261,0
54_-95,2026-09-22,7,Manitoba,54.5,-94.5,18.5,58.0,17.2,0.0,7.0073131661117944,0.008910148,0.00036769436,0.013725490196078431,0.6491679551878146,241,0
54_-96,2026-09-15,0,Manitoba,54.5,-95.5,8.354393615477205,94.04041261730768,14.451667430585424,11.314340325276286,0.0,0.0020446682,0.0,0.0,,540,0
54_-96,2026-09-16,1,Manitoba,54.5,-95.5,13.3,58.0,20.0,4.1,0.21756745494425986,0.0022243848,0.0,0.0,,487,0
54_-96,2026-09-17,2,Manitoba,54.5,-95.5,9.9,52.0,8.9,6.9,0.05601090248539134,0.0020446682,0.0,0.0,,519,0
54_-96,2026-09-18,3,Manitoba,54.5,-95.5,15.4,51.0,19.0,0.0,0.8796440064374729,0.0022243848,0.0,0.0,,476,0
54_-96,2026-09-19,4,Manitoba,54.5,-95.5,11.7,63.0,13.2,0.0,1.5561015777376719,0.0020446682,0.0,0.0,,503,0
54_-96,2026-09-20,5,Manitoba,54.5,-95.5,13.9,51.0,10.6,0.0,3.3786089535998407,0.0020446682,0.0,0.0,,509,0
54_-96,2026-09-21,6,Manitoba,54.5,-95.5,16.7,64.0,12.9,0.0,4.467189273377895,0.0020446682,0.0,0.0,,521,0
54_-96,2026-09-22,7,Manitoba,54.5,-95.5,18.6,59.0,16.6,0.0,6.807306132426538,0.002782071,0.00010140445,0.0,,483,0
54_-97,2026-09-15,0,Manitoba,54.5,-96.5,5.359834018169127,93.78162582976368,21.396977448097292,13.949402802341657,0.021360080338236238,0.0034599912,0.00010140445,0.0058823529411764705,0.5881985020823777,435,0
54_-97,2026-09-16,1,Manitoba,54.5,-96.5,12.3,70.0,18.4,2.6,0.14439992203569835,0.0034599912,0.00013172916,0.0058823529411764705,0.5881985020823777,416,0
54_-97,2026-09-17,2,Manitoba,54.5,-96.5,10.2,47.0,7.3,4.1,0.1204589188253042,0.003292181,0.00013172916,0.0058823529411764705,0.5596707807853818,461,0
54_-97,2026-09-18,3,Manitoba,54.5,-96.5,15.2,60.0,22.1,0.0,1.5445118531697324,0.0034599912,0.00013172916,0.0058823529411764705,0.5881985020823777,392,0
54_-97,2026-09-19,4,Manitoba,54.5,-96.5,11.7,58.0,12.7,0.1,2.045489869012598,0.0034599912,0.00010140445,0.0058823529411764705,0.5881985020823777,393,0
54_-97,2026-09-20,5,Manitoba,54.5,-96.5,13.5,56.0,12.3,0.0,3.7675920536081846,0.0034599912,0.00013172916,0.0058823529411764705,0.5881985020823777,400,0
54_-97,2026-09-21,6,Manitoba,54.5,-96.5,16.4,67.0,14.3,0.0,4.672524473645611,0.0034599912,0.00013172916,0.0058823529411764705,0.5881985020823777,409,0
54_-97,2026-09-22,7,Manitoba,54.5,-96.5,18.2,62.0,18.7,0.0,7.148466611584255,0.0034599912,0.00016979082,0.0058823529411764705,0.5881985020823777,419,0
54_-98,2026-09-15,0,Manitoba,54.5,-97.5,5.778785134932181,89.83750059264696,26.410703717063935,9.769569261760367,0.06187865714377196,0.005107495,0.00019753922,0.011764705882352941,0.4341370752081275,325,0
54_-98,2026-09-16,1,Manitoba,54.5,-97.5,13.3,61.0,19.3,1.3,0.902009371310088,0.005107495,0.00019753922,0.011764705882352941,0.4341370752081275,303,0
54_-98,2026-09-17,2,Manitoba,54.5,-97.5,10.5,54.0,4.4,4.4,0.14192349179229866,0.00510037,0.00019753922,0.011764705882352941,0.43353144312277436,336,0
54_-98,2026-09-18,3,Manitoba,54.5,-97.5,16.0,65.0,21.1,0.0,2.2232895048733456,0.005107495,0.00019753922,0.011764705882352941,0.4341370752081275,301,0
54_-98,2026-09-19,4,Manitoba,54.5,-97.5,12.2,61.0,12.4,0.0,2.6201849630582017,0.005107495,0.00019753922,0.011764705882352941,0.4341370752081275,306,0
54_-98,2026-09-20,5,Manitoba,54.5,-97.5,14.3,58.0,12.5,0.0,4.675309813860984,0.005107495,0.00019753922,0.011764705882352941,0.4341370752081275,309,0
54_-98,2026-09-21,6,Manitoba,54.5,-97.5,17.4,69.0,13.6,0.0,5.42272084868276,0.006459243,0.00019753922,0.011764705882352941,0.5490356660448015,292,0
54_-98,2026-09-22,7,Manitoba,54.5,-97.5,19.0,64.0,18.9,0.0,8.334887078156415,0.0085633695,0.00036769436,0.011764705882352941,0.7278864085674286,262,0
54_-99,2026-09-15,0,Manitoba,54.5,-98.5,6.002722451537795,88.91663390206635,26.77553295972296,8.522817965628517,0.06885542379120659,0.0034599912,0.0,0.00196078431372549,1.764595506247133,436,0
54_-99,2026-09-16,1,Manitoba,54.5,-98.5,12.8,65.0,14.3,0.4,0.7619902070124119,0.0034599912,0.0,0.00196078431372549,1.764595506247133,417,0
54_-99,2026-09-17,2,Manitoba,54.5,-98.5,11.6,49.0,1.5,3.5999999999999996,0.1729160455798978,0.0034599912,0.0,0.00196078431372549,1.764595506247133,408,0
54_-99,2026-09-18,3,Manitoba,54.5,-98.5,16.7,59.0,15.6,0.0,1.866493610276958,0.0034599912,0.00010140445,0.00196078431372549,1.764595506247133,393,0
54_-99,2026-09-19,4,Manitoba,54.5,-98.5,12.7,56.0,9.1,0.0,2.837561831174147,0.0034599912,0.0,0.00196078431372549,1.764595506247133,394,0
54_-99,2026-09-20,5,Manitoba,54.5,-98.5,15.7,59.0,14.3,0.0,5.994762711922822,0.0034599912,0.00010140445,0.00196078431372549,1.764595506247133,401,0
54_-99,2026-09-21,6,Manitoba,54.5,-98.5,17.9,62.0,11.0,0.0,6.008444199413475,0.0034599912,0.00010140445,0.00196078431372549,1.764595506247133,410,0
54_-99,2026-09-22,7,Manitoba,54.5,-98.5,19.2,60.0,17.1,0.0,9.172280670225206,0.0034599912,0.00013172916,0.00196078431372549,1.764595506247133,420,0
55_-100,2026-09-15,0,Manitoba,55.5,-99.5,6.767778646193494,74.95529971308005,11.052975237369532,2.431603807979888,1.219472837787884,0.0022243848,0.0,0.00196078431372549,1.1344362515956163,512,0
55_-100,2026-09-16,1,Manitoba,55.5,-99.5,13.2,56.0,16.6,0.3999999999999998,2.66464276767798,0.0022243848,0.00010140445,0.00196078431372549,1.1344362515956163,488,0
55_-100,2026-09-17,2,Manitoba,55.5,-99.5,10.5,51.0,3.0,4.1,0.21449881136348675,0.0020446682,0.00010140445,0.00196078431372549,1.0427807760424912,520,0
55_-100,2026-09-18,3,Manitoba,55.5,-99.5,15.0,68.0,10.4,1.0999999999999996,0.6370346488687487,0.0022243848,0.00010140445,0.00196078431372549,1.1344362515956163,477,0
55_-100,2026-09-19,4,Manitoba,55.5,-99.5,11.7,58.0,6.7,0.09999999999999956,0.870830233470337,0.0020446682,0.00010140445,0.00196078431372549,1.0427807760424912,504,0
55_-100,2026-09-20,5,Manitoba,55.5,-99.5,14.2,66.0,13.8,0.0,3.488673853494682,0.0020446682,0.00010140445,0.00196078431372549,1.0427807760424912,510,0
55_-100,2026-09-21,6,Manitoba,55.5,-99.5,17.6,67.0,11.0,0.0,4.156525646069805,0.0020446682,0.00010140445,0.00196078431372549,1.0427807760424912,522,0
55_-100,2026-09-22,7,Manitoba,55.5,-99.5,19.7,62.0,16.8,0.0,7.425170358182963,0.003292181,0.00013172916,0.00196078431372549,1.6790123423561454,469,0
55_-101,2026-09-15,0,Manitoba,55.5,-100.5,8.056068914052037,55.473330820662405,21.550700851317647,1.9853999127244346,3.1443729112251604,0.0034599912,0.00013172916,0.00392156862745098,0.8822977531235665,437,0
55_-101,2026-09-16,1,Manitoba,55.5,-100.5,8.6,93.0,12.0,0.9,0.9165622230628704,0.0034599912,0.00013172916,0.00392156862745098,0.8822977531235665,418,0
55_-101,2026-09-17,2,Manitoba,55.5,-100.5,11.3,48.0,6.2,1.2999999999999998,0.8405097814210866,0.0034599912,0.00013172916,0.00392156862745098,0.8822977531235665,409,0
55_-101,2026-09-18,3,Manitoba,55.5,-100.5,16.2,62.0,8.6,0.1,2.9100617184872215,0.0034599912,0.00013172916,0.00392156862745098,0.8822977531235665,394,0
55_-101,2026-09-19,4,Manitoba,55.5,-100.5,12.5,58.0,7.8,0.1,4.2951847313005995,0.0034599912,0.00013172916,0.00392156862745098,0.8822977531235665,395,0
55_-101,2026-09-20,5,Manitoba,55.5,-100.5,14.8,60.0,14.4,0.0,7.348574205131582,0.0034599912,0.00013172916,0.00392156862745098,0.8822977531235665,402,0
55_-101,2026-09-21,6,Manitoba,55.5,-100.5,17.7,67.0,11.8,0.0,6.839733494622038,0.0034599912,0.00013172916,0.00392156862745098,0.8822977531235665,411,0
55_-101,2026-09-22,7,Manitoba,55.5,-100.5,19.4,60.0,17.5,0.0,10.350714391835695,0.0039100684,0.00013172916,0.00392156862745098,0.9970674477517605,380,0
55_-102,2026-09-15,0,Manitoba,55.5,-101.5,9.692402933608498,50.47544787556862,14.172733554387383,2.6658430266562605,1.3963340187833626,0.006459243,0.00019753922,0.013725490196078431,0.4706019994669727,288,0
55_-102,2026-09-16,1,Manitoba,55.5,-101.5,9.9,79.0,17.0,2.5999999999999996,0.5865825246856969,0.005107495,0.00019753922,0.013725490196078431,0.37211749303553787,304,0
55_-102,2026-09-17,2,Manitoba,55.5,-101.5,11.7,46.0,9.9,1.0,0.8514147793320024,0.005107495,0.00019753922,0.013725490196078431,0.37211749303553787,304,0
55_-102,2026-09-18,3,Manitoba,55.5,-101.5,16.2,66.0,8.5,0.0,2.075623242383084,0.006459243,0.00019753922,0.013725490196078431,0.4706019994669727,279,0
55_-102,2026-09-19,4,Manitoba,55.5,-101.5,12.7,62.0,3.7,0.0,2.3892933170127892,0.005107495,0.00019753922,0.013725490196078431,0.37211749303553787,307,0
55_-102,2026-09-20,5,Manitoba,55.5,-101.5,15.1,60.0,15.6,0.0,6.653164252980677,0.008237548,0.00019753922,0.013725490196078431,0.6001642239945275,257,0
55_-102,2026-09-21,6,Manitoba,55.5,-101.5,17.7,69.0,12.0,0.0,5.925000967462154,0.008237548,0.00019753922,0.013725490196078431,0.6001642239945275,262,0
55_-102,2026-09-22,7,Manitoba,55.5,-101.5,19.1,61.0,19.4,0.0,9.898392510554453,0.0085633695,0.00036769436,0.013725490196078431,0.6239026359149388,263,0
55_-103,2026-09-15,0,Saskatchewan,55.5,-102.5,10.696896572528185,42.391664861308854,13.603290106393647,2.890520878520911,1.9851623115037649,0.005107495,0.00013172916,0.00392156862745098,1.3024112256243825,326,0
55_-103,2026-09-16,1,Saskatchewan,55.5,-102.5,11.0,62.0,18.8,0.6000000000000001,4.536379673367939,0.00510037,0.00013172916,0.00392156862745098,1.300594329368323,341,0
55_-103,2026-09-17,2,Saskatchewan,55.5,-102.5,14.0,44.0,13.7,0.30000000000000004,7.794107747726622,0.005107495,0.00013172916,0.00392156862745098,1.3024112256243825,305,0
55_-103,2026-09-18,3,Saskatchewan,55.5,-102.5,18.1,57.0,11.6,0.0,8.224039861826238,0.006459243,0.00016979082,0.00392156862745098,1.6471069981344044,280,0
55_-103,2026-09-19,4,Saskatchewan,55.5,-102.5,14.8,53.0,3.2,0.0,6.053405190927445,0.006459243,0.00016979082,0.00392156862745098,1.6471069981344044,287,0
55_-103,2026-09-20,5,Saskatchewan,55.5,-102.5,17.2,54.0,16.0,0.0,11.539013306169393,0.006459243,0.00019753922,0.00392156862745098,1.6471069981344044,281,0
55_-103,2026-09-21,6,Saskatchewan,55.5,-102.5,20.1,60.0,12.0,0.0,10.233503309196832,0.0085633695,0.00019753922,0.00392156862745098,2.1836592257022858,247,0
55_-103,2026-09-22,7,Saskatchewan,55.5,-102.5,20.4,57.0,18.2,0.0,13.76116675199961,0.01158889,0.00036769436,0.00392156862745098,2.9551669768989086,217,0
55_-104,2026-09-15,0,Saskatchewan,55.5,-103.5,10.86709355365852,47.900679892254026,15.777802949692836,1.133061473204385,6.400335494545167,0.0034599912,0.0,0.0,,438,0
55_-104,2026-09-16,1,Saskatchewan,55.5,-103.5,9.8,61.0,18.5,1.2,3.9952733603342905,0.0022243848,0.0,0.0,,489,0
55_-104,2026-09-17,2,Saskatchewan,55.5,-103.5,14.0,48.0,16.4,0.4,7.871125189282395,0.0034599912,0.0,0.0,,410,0
55_-104,2026-09-18,3,Saskatchewan,55.5,-103.5,17.9,49.0,13.0,0.0,9.588360738515208,0.0034599912,0.00010140445,0.0,,395,0
55_-104,2026-09-19,4,Saskatchewan,55.5,-103.5,15.5,52.0,7.0,0.0,7.777754364891718,0.0034599912,0.00010140445,0.0,,396,0
55_-104,2026-09-20,5,Saskatchewan,55.5,-103.5,18.1,50.0,13.6,0.0,11.45512552545378,0.00510037,0.00016979082,0.0,,331,0
55_-104,2026-09-21,6,Saskatchewan,55.5,-103.5,20.8,57.0,11.0,0.0,10.817352553720609,0.00510037,0.00016979082,0.0,,345,0
55_-104,2026-09-22,7,Saskatchewan,55.5,-103.5,19.8,60.0,18.9,0.0,15.427794384101546,0.005107495,0.00019753922,0.0,,336,0
55_-105,2026-09-15,0,Saskatchewan,55.5,-104.5,11.15038173995049,55.976024994226236,12.36133257613445,2.001575513780546,2.867172189295873,0.008237548,0.00036769436,0.011764705882352941,0.7001915946602821,251,0
55_-105,2026-09-16,1,Saskatchewan,55.5,-104.5,9.7,62.0,16.8,0.4,5.2412403772597385,0.006459243,0.00019753922,0.011764705882352941,0.5490356660448015,276,0
55_-105,2026-09-17,2,Saskatchewan,55.5,-104.5,14.6,51.0,16.3,0.2,9.243803576859293,0.008910148,0.00036769436,0.011764705882352941,0.7573626143857837,213,0
55_-105,2026-09-18,3,Saskatchewan,55.5,-104.5,16.8,55.0,12.1,0.0,9.239514315453034,0.01158889,0.00036769436,0.011764705882352941,0.9850556589663029,184,0
55_-105,2026-09-19,4,Saskatchewan,55.5,-104.5,16.0,50.0,8.8,0.0,9.24202980523123,0.01158889,0.00036769436,0.011764705882352941,0.9850556589663029,197,0
55_-105,2026-09-20,5,Saskatchewan,55.5,-104.5,17.2,56.0,16.3,0.0,13.126669437895147,0.01158889,0.00046264168,0.011764705882352941,0.9850556589663029,200,0
55_-105,2026-09-21,6,Saskatchewan,55.5,-104.5,18.9,64.0,13.3,0.0,11.90861652308225,0.013666987,0.00046264168,0.011764705882352941,1.1616939306259155,165,0
55_-105,2026-09-22,7,Saskatchewan,55.5,-104.5,20.1,58.0,17.8,0.0,14.800656070697231,0.016953317,0.0007264472,0.011764705882352941,1.4410319831222296,169,0
55_-106,2026-09-15,0,Saskatchewan,55.5,-105.5,11.867904389374523,52.24684533582652,12.487774780650636,0.4465600924132372,7.392254645451981,0.021778585,0.00036769436,0.027450980392156862,0.7933627534657717,84,0
55_-106,2026-09-16,1,Saskatchewan,55.5,-105.5,9.5,59.0,15.6,1.0,5.1622945522797545,0.016953317,0.00019753922,0.027450980392156862,0.6175851356238127,124,0
55_-106,2026-09-17,2,Saskatchewan,55.5,-105.5,15.3,53.0,14.7,0.1,8.80301368207652,0.024334805,0.00036769436,0.027450980392156862,0.8864821852850062,85,0
55_-106,2026-09-18,3,Saskatchewan,55.5,-105.5,17.0,52.0,11.3,0.0,9.73608558003389,0.027721774,0.00036769436,0.027450980392156862,1.0098646182034696,80,0
55_-106,2026-09-19,4,Saskatchewan,55.5,-105.5,17.0,49.0,8.5,0.0,9.95835525147807,0.03278111,0.00046264168,0.027450980392156862,1.1941689785037721,53,1
55_-106,2026-09-20,5,Saskatchewan,55.5,-105.5,18.7,48.0,14.0,0.0,13.904033428329306,0.03278111,0.0007264472,0.027450980392156862,1.1941689785037721,61,1
55_-106,2026-09-21,6,Saskatchewan,55.5,-105.5,20.5,57.0,10.3,0.0,12.477457353856071,0.03278111,0.0007264472,0.027450980392156862,1.1941689785037721,56,1
55_-106,2026-09-22,7,Saskatchewan,55.5,-105.5,20.1,58.0,18.5,0.0,17.72865329345936,0.03278111,0.0011269277,0.027450980392156862,1.1941689785037721,58,1
55_-107,2026-09-15,0,Saskatchewan,55.5,-106.5,11.254855041525389,62.9843316629906,10.29454847010157,0.04588891043947375,5.384341989322035,0.006459243,0.00036769436,0.013725490196078431,0.4706019994669727,289,0
55_-107,2026-09-16,1,Saskatchewan,55.5,-106.5,9.3,61.0,14.1,1.4000000000000001,2.931675269392539,0.005107495,0.00016979082,0.013725490196078431,0.37211749303553787,305,0
55_-107,2026-09-17,2,Saskatchewan,55.5,-106.5,15.6,58.0,16.8,0.0,7.054370219293053,0.0085633695,0.00019753922,0.013725490196078431,0.6239026359149388,228,0
55_-107,2026-09-18,3,Saskatchewan,55.5,-106.5,15.9,56.0,9.7,0.0,6.95236569290833,0.008910148,0.00019753922,0.013725490196078431,0.6491679551878146,220,0
55_-107,2026-09-19,4,Saskatchewan,55.5,-106.5,15.9,57.0,7.7,0.0,7.122585535553612,0.01158889,0.00036769436,0.013725490196078431,0.8443334219711167,198,0
55_-107,2026-09-20,5,Saskatchewan,55.5,-106.5,17.2,56.0,15.3,0.0,10.961481999426528,0.01158889,0.00036769436,0.013725490196078431,0.8443334219711167,201,0
55_-107,2026-09-21,6,Saskatchewan,55.5,-106.5,18.7,64.0,11.7,0.0,9.801054622965745,0.01158889,0.00036769436,0.013725490196078431,0.8443334219711167,206,0
55_-107,2026-09-22,7,Saskatchewan,55.5,-106.5,19.3,61.0,15.6,0.0,11.984133020954452,0.01158889,0.00046264168,0.013725490196078431,0.8443334219711167,218,0
55_-108,2026-09-15,0,Saskatchewan,55.5,-107.5,9.880654778745406,72.80707899396607,10.180946646415794,1.6683421501676265,1.6934244628012494,0.008237548,0.00019753922,0.01568627450980392,0.5251436959952116,252,0
55_-108,2026-09-16,1,Saskatchewan,55.5,-107.5,9.1,58.0,10.1,1.1999999999999997,1.689295561333823,0.006459243,0.00019753922,0.01568627450980392,0.4117767495336011,277,0
55_-108,2026-09-17,2,Saskatchewan,55.5,-107.5,17.1,52.0,15.3,0.0,6.77726955581441,0.01158889,0.00036769436,0.01568627450980392,0.7387917442247272,186,0
55_-108,2026-09-18,3,Saskatchewan,55.5,-107.5,17.4,48.0,10.5,0.0,8.87676857977354,0.01158889,0.00036769436,0.01568627450980392,0.7387917442247272,185,0
55_-108,2026-09-19,4,Saskatchewan,55.5,-107.5,18.7,41.0,12.8,0.0,13.328435371412418,0.023706896,0.0007264472,0.01568627450980392,1.5113146346993744,114,0
55_-108,2026-09-20,5,Saskatchewan,55.5,-107.5,18.6,51.0,12.4,0.0,13.729841221879248,0.020055054,0.0007264472,0.01568627450980392,1.2785096769221127,130,0
55_-108,2026-09-21,6,Saskatchewan,55.5,-107.5,20.4,58.0,9.9,0.0,12.231397353997245,0.023706896,0.00046264168,0.01568627450980392,1.5113146346993744,121,0
55_-108,2026-09-22,7,Saskatchewan,55.5,-107.5,20.1,58.0,15.0,0.0,15.194921156666805,0.023706896,0.00084241887,0.01568627450980392,1.5113146346993744,129,0
55_-109,2026-09-15,0,Saskatchewan,55.5,-108.5,10.082663444792477,61.25087183723326,10.241601586985118,0.8995817677485911,3.9902843207956313,0.01158889,0.00036769436,0.03529411764705882,0.32835188632210094,178,0
55_-109,2026-09-16,1,Saskatchewan,55.5,-108.5,8.9,60.0,9.6,6.300000000000001,0.27098665419608464,0.009431681,0.00036769436,0.03529411764705882,0.2672309521585703,188,0
55_-109,2026-09-17,2,Saskatchewan,55.5,-108.5,17.6,56.0,11.9,0.0,2.3146036993147883,0.016953317,0.00036769436,0.03529411764705882,0.48034399437407654,132,0
55_-109,2026-09-18,3,Saskatchewan,55.5,-108.5,17.2,50.0,7.1,0.0,4.693720830774259,0.017114606,0.00036769436,0.03529411764705882,0.48491382971405983,135,0
55_-109,2026-09-19,4,Saskatchewan,55.5,-108.5,18.9,48.0,10.8,0.0,9.380053553610454,0.029426603,0.00086677365,0.03529411764705882,0.8337537416567405,78,1
55_-109,2026-09-20,5,Saskatchewan,55.5,-108.5,19.4,54.0,10.1,0.0,9.734349670898343,0.029426603,0.00086677365,0.03529411764705882,0.8337537416567405,90,0
55_-109,2026-09-21,6,Saskatchewan,55.5,-108.5,20.7,60.0,8.2,0.0,9.370782466266661,0.031681307,0.00086677365,0.03529411764705882,0.8976370220383009,72,1
55_-109,2026-09-22,7,Saskatchewan,55.5,-108.5,20.1,62.0,12.8,0.0,11.7810605868061,0.031681307,0.00086677365,0.03529411764705882,0.8976370220383009,73,1
55_-110,2026-09-15,0,Saskatchewan,55.5,-109.5,8.674144516161231,69.04218998016374,6.655255647671995,0.6631482714745558,3.761551834679266,0.00510037,0.00013172916,0.00784313725490196,0.6502971646841615,359,0
55_-110,2026-09-16,1,Saskatchewan,55.5,-109.5,9.2,58.0,8.8,0.5,5.663617132592569,0.0034599912,0.00013172916,0.00784313725490196,0.44114887656178325,419,0
55_-110,2026-09-17,2,Saskatchewan,55.5,-109.5,16.0,60.0,14.1,0.0,10.72848043067986,0.008237548,0.00016979082,0.00784313725490196,1.0502873919904232,248,0
55_-110,2026-09-18,3,Saskatchewan,55.5,-109.5,17.3,43.0,7.3,0.0,12.208414537111155,0.01158889,0.00019753922,0.00784313725490196,1.4775834884494543,186,0
55_-110,2026-09-19,4,Saskatchewan,55.5,-109.5,18.4,46.0,13.3,0.0,17.194609695031403,0.01158889,0.00036769436,0.00784313725490196,1.4775834884494543,199,0
55_-110,2026-09-20,5,Saskatchewan,55.5,-109.5,19.7,53.0,9.0,0.0,15.009895034403845,0.01158889,0.00036769436,0.00784313725490196,1.4775834884494543,202,0
55_-110,2026-09-21,6,Saskatchewan,55.5,-109.5,21.3,54.0,7.4,0.0,14.51478468875146,0.015813954,0.00046264168,0.00784313725490196,2.0162791572511196,163,0
55_-110,2026-09-22,7,Saskatchewan,55.5,-109.5,19.3,61.0,10.8,0.0,15.772806520486718,0.01158889,0.00046264168,0.00784313725490196,1.4775834884494543,219,0
55_-111,2026-09-15,0,Alberta,55.5,-110.5,8.048401489995856,71.16208429335313,7.3299591831717965,4.029234991103863,0.4095184959427225,0.024334805,0.00036769436,0.050980392156862744,0.47733656130731106,73,1
55_-111,2026-09-16,1,Alberta,55.5,-110.5,9.8,60.0,6.3,0.9,0.7022842286400258,0.026660934,0.00019753922,0.050980392156862744,0.5229644763928193,66,1
55_-111,2026-09-17,2,Alberta,55.5,-110.5,15.1,60.0,11.9,0.0,3.106365183524705,0.031681307,0.00019753922,0.050980392156862744,0.6214410152572852,46,1
55_-111,2026-09-18,3,Alberta,55.5,-110.5,15.8,55.0,5.4,0.0,4.349489551254372,0.03278111,0.00036769436,0.050980392156862744,0.6430140653481851,43,1
55_-111,2026-09-19,4,Alberta,55.5,-110.5,17.9,48.0,17.7,0.0,12.909712683287472,0.039974753,0.0007264472,0.050980392156862744,0.784120151343254,40,1
55_-111,2026-09-20,5,Alberta,55.5,-110.5,18.3,59.0,7.9,0.0,8.923240150592752,0.039974753,0.0007264472,0.050980392156862744,0.784120151343254,45,1
55_-111,2026-09-21,6,Alberta,55.5,-110.5,20.3,59.0,8.7,0.0,9.608042392826933,0.039974753,0.0007264472,0.050980392156862744,0.784120151343254,43,1
55_-111,2026-09-22,7,Alberta,55.5,-110.5,18.4,65.0,8.9,0.0,9.723751404075726,0.039974753,0.0007264472,0.050980392156862744,0.784120151343254,42,1
55_-112,2026-09-15,0,Alberta,55.5,-111.5,8.186920582368131,75.0840786730552,4.212365912773479,1.053691774392856,1.5204800672332979,0.017114606,0.00016979082,0.03529411764705882,0.48491382971405983,111,0
55_-112,2026-09-16,1,Alberta,55.5,-111.5,9.9,60.0,4.0,0.8,1.8016704539822814,0.013233952,0.00016979082,0.03529411764705882,0.3749619796872139,142,0
55_-112,2026-09-17,2,Alberta,55.5,-111.5,14.5,60.0,11.0,0.0,5.580869897743631,0.015813954,0.00016979082,0.03529411764705882,0.44806203494469327,136,0
55_-112,2026-09-18,3,Alberta,55.5,-111.5,16.6,52.0,8.2,0.0,8.441556078190526,0.017114606,0.00019753922,0.03529411764705882,0.48491382971405983,136,0
55_-112,2026-09-19,4,Alberta,55.5,-111.5,17.6,50.0,17.0,0.0,15.596124053054382,0.027721774,0.00046264168,0.03529411764705882,0.7854502586026987,89,0
55_-112,2026-09-20,5,Alberta,55.5,-111.5,18.2,61.0,7.8,0.0,11.102694901392603,0.024334805,0.00036769436,0.03529411764705882,0.6894861441105604,115,0
55_-112,2026-09-21,6,Alberta,55.5,-111.5,20.1,61.0,9.7,0.0,12.318159231487366,0.027721774,0.00046264168,0.03529411764705882,0.7854502586026987,95,0
55_-112,2026-09-22,7,Alberta,55.5,-111.5,17.8,68.0,10.8,0.0,11.964328221274457,0.026660934,0.00036769436,0.03529411764705882,0.7553931325674057,108,0
55_-113,2026-09-15,0,Alberta,55.5,-112.5,7.207464256741662,73.52740136364223,8.675799016631057,0.3973195363799378,2.4377395008510674,0.01158889,0.00016979082,0.03529411764705882,0.32835188632210094,179,0
55_-113,2026-09-16,1,Alberta,55.5,-112.5,10.8,53.0,3.4,0.7,2.365935658241127,0.013666987,0.00016979082,0.03529411764705882,0.3872313102086385,134,0
55_-113,2026-09-17,2,Alberta,55.5,-112.5,15.0,56.0,7.2,0.0,5.279012787734921,0.019046638,0.00019753922,0.03529411764705882,0.539654747893413,114,0
55_-113,2026-09-18,3,Alberta,55.5,-112.5,16.9,50.0,7.8,0.0,7.809833333023323,0.020055054,0.00036769436,0.03529411764705882,0.5682265230764946,116,0
55_-113,2026-09-19,4,Alberta,55.5,-112.5,17.0,55.0,16.8,0.0,12.121616483788703,0.026660934,0.00046264168,0.03529411764705882,0.7553931325674057,102,0
55_-113,2026-09-20,5,Alberta,55.5,-112.5,18.2,62.0,7.1,0.0,8.357601270487125,0.027721774,0.00036769436,0.03529411764705882,0.7854502586026987,95,0
55_-113,2026-09-21,6,Alberta,55.5,-112.5,18.9,66.0,10.3,0.0,9.836340925179,0.024334805,0.00046264168,0.03529411764705882,0.6894861441105604,113,0
55_-113,2026-09-22,7,Alberta,55.5,-112.5,16.7,56.0,15.5,0.0,12.6064617809048,0.024334805,0.00046264168,0.03529411764705882,0.6894861441105604,120,0
55_-114,2026-09-15,0,Alberta,55.5,-113.5,8.875058877527957,68.96356566728107,4.565312411422419,1.2074442685316047,1.2242563174306647,0.019046638,0.00016979082,0.03137254901960784,0.6071115913800895,101,0
55_-114,2026-09-16,1,Alberta,55.5,-113.5,11.1,56.0,7.2,0.4,3.101381521560071,0.017114606,0.00016979082,0.03137254901960784,0.5455280584283173,114,0
55_-114,2026-09-17,2,Alberta,55.5,-113.5,16.4,51.0,11.4,0.0,7.476087242914456,0.021778585,0.00019753922,0.03137254901960784,0.6941924092825502,96,0
55_-114,2026-09-18,3,Alberta,55.5,-113.5,17.4,39.0,7.5,0.0,9.768275812703296,0.029426603,0.00036769436,0.03137254901960784,0.9379729593638331,68,1
55_-114,2026-09-19,4,Alberta,55.5,-113.5,15.9,61.0,12.8,0.0,11.087418093544082,0.029426603,0.00046264168,0.03137254901960784,0.9379729593638331,79,0
55_-114,2026-09-20,5,Alberta,55.5,-113.5,18.1,58.0,5.4,0.4,8.439685951855422,0.031681307,0.00036769436,0.03137254901960784,1.0098416497930884,75,1
55_-114,2026-09-21,6,Alberta,55.5,-113.5,18.5,69.0,6.9,0.0,8.127057465752433,0.029426603,0.00036769436,0.03137254901960784,0.9379729593638331,86,0
55_-114,2026-09-22,7,Alberta,55.5,-113.5,16.3,50.0,15.7,0.0,13.323451695471727,0.031681307,0.00046264168,0.03137254901960784,1.0098416497930884,74,1
55_-115,2026-09-15,0,Alberta,55.5,-114.5,10.835920341499804,67.45976577341546,8.436389457967843,0.8192132434623108,3.181026264501265,0.024334805,0.00016979082,0.03137254901960784,0.7756719121243805,74,1
55_-115,2026-09-16,1,Alberta,55.5,-114.5,11.1,56.0,9.4,0.0,5.057407901151308,0.021778585,0.00016979082,0.03137254901960784,0.6941924092825502,84,0
55_-115,2026-09-17,2,Alberta,55.5,-114.5,14.4,54.0,13.2,0.0,8.551610636108952,0.024334805,0.00016979082,0.03137254901960784,0.7756719121243805,86,0
55_-115,2026-09-18,3,Alberta,55.5,-114.5,17.0,35.0,2.3,0.0,8.45181518279126,0.031681307,0.00036769436,0.03137254901960784,1.0098416497930884,55,1
55_-115,2026-09-19,4,Alberta,55.5,-114.5,15.0,65.0,10.9,0.0,10.051312704011355,0.031681307,0.00036769436,0.03137254901960784,1.0098416497930884,62,1
55_-115,2026-09-20,5,Alberta,55.5,-114.5,18.3,47.0,8.8,0.0,10.880556042054899,0.03429977,0.00036769436,0.03137254901960784,1.0933051211759448,50,1
55_-115,2026-09-21,6,Alberta,55.5,-114.5,18.6,63.0,12.7,0.0,12.219531825794487,0.03278111,0.00036769436,0.03137254901960784,1.0448978561908007,57,1
55_-115,2026-09-22,7,Alberta,55.5,-114.5,13.2,59.0,15.6,0.0,13.60615686746569,0.031681307,0.00036769436,0.03137254901960784,1.0098416497930884,75,1
55_-116,2026-09-15,0,Alberta,55.5,-115.5,12.258447056618666,59.89478603335057,6.441084500525201,0.8530713323693679,5.071300328163372,0.031681307,0.00036769436,0.041176470588235294,0.769403161747115,45,1
55_-116,2026-09-16,1,Alberta,55.5,-115.5,12.1,64.0,12.0,0.0,8.546818595665309,0.027721774,0.00036769436,0.041176470588235294,0.6732430788023132,58,1
55_-116,2026-09-17,2,Alberta,55.5,-115.5,14.6,61.0,11.8,0.0,10.207648596032909,0.031681307,0.00036769436,0.041176470588235294,0.769403161747115,47,1
55_-116,2026-09-18,3,Alberta,55.5,-115.5,13.6,77.0,2.2,0.0,6.308785737234499,0.031681307,0.00036769436,0.041176470588235294,0.769403161747115,56,1
55_-116,2026-09-19,4,Alberta,55.5,-115.5,15.6,72.0,9.2,0.0,8.84337558178212,0.031681307,0.00036769436,0.041176470588235294,0.769403161747115,63,1
55_-116,2026-09-20,5,Alberta,55.5,-115.5,16.1,66.0,9.2,0.0,9.434890822551617,0.031681307,0.00036769436,0.041176470588235294,0.769403161747115,76,1
55_-116,2026-09-21,6,Alberta,55.5,-115.5,15.4,76.0,14.1,0.0,11.437039660323153,0.031681307,0.00036769436,0.041176470588235294,0.769403161747115,73,1
55_-116,2026-09-22,7,Alberta,55.5,-115.5,13.5,63.0,17.8,0.0,13.99530792838442,0.031681307,0.00036769436,0.041176470588235294,0.769403161747115,76,1
55_-117,2026-09-15,0,Alberta,55.5,-116.5,12.031173500181836,58.53757102620857,3.1195527470919187,0.37426582602763114,2.732292121383159,0.024334805,0.00019753922,0.047058823529411764,0.5171146080829203,75,1
55_-117,2026-09-16,1,Alberta,55.5,-116.5,13.5,55.0,6.3,0.2,4.715129667747364,0.023706896,0.00019753922,0.047058823529411764,0.5037715448997915,80,0
55_-117,2026-09-17,2,Alberta,55.5,-116.5,17.3,47.0,12.1,0.0,9.124333899222412,0.031681307,0.00036769436,0.047058823529411764,0.6732277665287256,48,1
55_-117,2026-09-18,3,Alberta,55.5,-116.5,16.2,58.0,2.8,0.0,6.3123823870250435,0.031681307,0.00036769436,0.047058823529411764,0.6732277665287256,57,1
55_-117,2026-09-19,4,Alberta,55.5,-116.5,18.5,54.0,4.1,0.0,7.125355125892014,0.03429977,0.00036769436,0.047058823529411764,0.7288700807839632,46,1
55_-117,2026-09-20,5,Alberta,55.5,-116.5,18.4,48.0,5.9,0.0,8.711272849219206,0.039974753,0.00046264168,0.047058823529411764,0.8494634972885251,46,1
55_-117,2026-09-21,6,Alberta,55.5,-116.5,17.2,59.0,7.7,0.0,9.478380575869839,0.03278111,0.00046264168,0.047058823529411764,0.6965985707938671,58,1
55_-117,2026-09-22,7,Alberta,55.5,-116.5,13.7,52.0,15.5,0.0,13.516318227702769,0.031681307,0.00036769436,0.047058823529411764,0.6732277665287256,77,1
55_-118,2026-09-15,0,Alberta,55.5,-117.5,10.183582931953401,72.71730343577548,10.58501498220731,0.49708357259299135,5.597313110109143,0.019046638,0.00016979082,0.03725490196078431,0.5112518664253386,102,0
55_-118,2026-09-16,1,Alberta,55.5,-117.5,15.3,54.0,6.5,0.1,6.295563443908976,0.022222223,0.00016979082,0.03725490196078431,0.5964912425138449,82,0
55_-118,2026-09-17,2,Alberta,55.5,-117.5,17.5,50.0,10.7,0.0,9.814404549838098,0.026660934,0.00019753922,0.03725490196078431,0.7156355992743844,74,1
55_-118,2026-09-18,3,Alberta,55.5,-117.5,15.4,64.0,2.4,0.0,6.671453995057873,0.026660934,0.00019753922,0.03725490196078431,0.7156355992743844,90,0
55_-118,2026-09-19,4,Alberta,55.5,-117.5,19.5,56.0,5.5,0.0,8.214494112184749,0.031681307,0.00036769436,0.03725490196078431,0.8503929682468113,64,1
55_-118,2026-09-20,5,Alberta,55.5,-117.5,19.2,48.0,13.8,0.0,13.733530743125154,0.031681307,0.00036769436,0.03725490196078431,0.8503929682468113,77,1
55_-118,2026-09-21,6,Alberta,55.5,-117.5,15.7,59.0,4.9,0.0,9.329487565419145,0.031681307,0.00036769436,0.03725490196078431,0.8503929682468113,74,1
55_-118,2026-09-22,7,Alberta,55.5,-117.5,14.2,52.0,12.5,0.0,13.155376224926856,0.023706896,0.00036769436,0.03725490196078431,0.6363430040839472,130,0
55_-119,2026-09-15,0,Alberta,55.5,-118.5,11.96621224094915,60.510432666976996,10.51180757050468,0.36829309614746847,7.193435634930176,0.013233952,0.00016979082,0.027450980392156862,0.48209397388356073,142,0
55_-119,2026-09-16,1,Alberta,55.5,-118.5,14.6,53.0,13.4,0.30000000000000004,10.205715153959044,0.013666987,0.00016979082,0.027450980392156862,0.49786882741110666,135,0
55_-119,2026-09-17,2,Alberta,55.5,-118.5,17.0,50.0,10.7,0.0,10.83633423494228,0.020055054,0.00019753922,0.027450980392156862,0.7305769582412073,102,0
55_-119,2026-09-18,3,Alberta,55.5,-118.5,16.0,50.0,2.5,0.0,8.055885638351976,0.027218936,0.00019753922,0.027450980392156862,0.9915469546935388,86,0
55_-119,2026-09-19,4,Alberta,55.5,-118.5,17.7,52.0,9.6,0.0,11.324035604627555,0.023706896,0.00036769436,0.027450980392156862,0.8636083626853568,115,0
55_-119,2026-09-20,5,Alberta,55.5,-118.5,16.4,57.0,12.1,0.0,12.903725874749693,0.023706896,0.00036769436,0.027450980392156862,0.8636083626853568,122,0
55_-119,2026-09-21,6,Alberta,55.5,-118.5,16.4,53.0,7.1,0.0,10.864394485381059,0.021778585,0.00036769436,0.027450980392156862,0.7933627534657717,127,0
55_-119,2026-09-22,7,Alberta,55.5,-118.5,12.8,56.0,15.2,1.8,5.2375201676598895,0.017114606,0.00016979082,0.027450980392156862,0.6234606382037913,158,0
55_-120,2026-09-15,0,Alberta,55.5,-119.5,13.141807441287133,51.96976127911924,4.636752421379001,0.23699288334004268,7.838557165903295,0.01158889,0.00015159816,0.013725490196078431,0.8443334219711167,180,0
55_-120,2026-09-16,1,Alberta,55.5,-119.5,15.7,48.0,13.6,0.1,13.761012747954513,0.013233952,0.00019753922,0.013725490196078431,0.9641879477671215,143,0
55_-120,2026-09-17,2,Alberta,55.5,-119.5,16.7,48.0,12.3,0.0,14.38309935131005,0.017114606,0.00019753922,0.013725490196078431,1.2469212764075825,128,0
55_-120,2026-09-18,3,Alberta,55.5,-119.5,16.7,46.0,2.4,0.0,10.334837204928597,0.023706896,0.00019753922,0.013725490196078431,1.7272167253707136,110,0
55_-120,2026-09-19,4,Alberta,55.5,-119.5,15.2,60.0,6.5,0.0,11.575123180960642,0.017114606,0.00019753922,0.013725490196078431,1.2469212764075825,139,0
55_-120,2026-09-20,5,Alberta,55.5,-119.5,15.8,56.0,6.6,0.0,11.906950822838372,0.017114606,0.00036769436,0.013725490196078431,1.2469212764075825,147,0
55_-120,2026-09-21,6,Alberta,55.5,-119.5,13.7,75.0,4.2,0.30000000000000004,8.326649403754793,0.013666987,0.00019753922,0.013725490196078431,0.9957376548222133,166,0
55_-120,2026-09-22,7,Alberta,55.5,-119.5,12.5,56.0,14.7,0.8999999999999999,9.905957854295329,0.01158889,0.00016979082,0.013725490196078431,0.8443334219711167,220,0
55_-121,2026-09-15,0,British Columbia,55.5,-120.5,14.288756674773818,56.38171570371108,7.289835892294921,0.5303578494993063,5.277634414884556,0.013666987,0.00019753922,0.021568627450980392,0.633651234886863,133,0
55_-121,2026-09-16,1,British Columbia,55.5,-120.5,16.8,38.0,17.2,0.0,15.227127559459024,0.020055054,0.00036769436,0.021568627450980392,0.9298252195797183,93,0
55_-121,2026-09-17,2,British Columbia,55.5,-120.5,17.5,43.0,11.3,0.0,13.618532489419254,0.023706896,0.00036769436,0.021568627450980392,1.0991379161449997,93,0
55_-121,2026-09-18,3,British Columbia,55.5,-120.5,17.9,39.0,7.8,0.0,13.4552045169368,0.024334805,0.00046264168,0.021568627450980392,1.128250053999099,99,0
55_-121,2026-09-19,4,British Columbia,55.5,-120.5,18.0,44.0,11.9,0.0,16.386362249206332,0.024334805,0.00046264168,0.021568627450980392,1.128250053999099,109,0
55_-121,2026-09-20,5,British Columbia,55.5,-120.5,19.3,39.0,13.7,0.0,18.847472970509322,0.027721774,0.0007264472,0.021568627450980392,1.2852822413498706,96,0
55_-121,2026-09-21,6,British Columbia,55.5,-120.5,16.3,54.0,1.1,0.0,10.6410010660606,0.027721774,0.00036769436,0.021568627450980392,1.2852822413498706,96,0
55_-121,2026-09-22,7,British Columbia,55.5,-120.5,12.6,48.0,18.2,0.0,20.692049537815095,0.017114606,0.00036769436,0.021568627450980392,0.7934953577139161,159,0
55_-122,2026-09-15,0,British Columbia,55.5,-121.5,15.826675603947644,50.2495088402535,6.367556994253318,0.09860556873429517,5.66734425895119,0.026660934,0.00036769436,0.029411764705882353,0.9064717590808868,66,1
55_-122,2026-09-16,1,British Columbia,55.5,-121.5,14.8,42.0,20.2,0.0,16.545193747672545,0.027721774,0.00046264168,0.029411764705882353,0.9425403103232384,59,1
55_-122,2026-09-17,2,British Columbia,55.5,-121.5,15.9,48.0,12.4,0.0,13.345343207758502,0.027218936,0.0007264472,0.029411764705882353,0.9254438243806362,67,1
55_-122,2026-09-18,3,British Columbia,55.5,-121.5,17.2,37.0,7.0,0.0,13.595688091576914,0.027721774,0.0007264472,0.029411764705882353,0.9425403103232384,81,0
55_-122,2026-09-19,4,British Columbia,55.5,-121.5,17.2,38.0,16.4,0.0,20.756230675254432,0.031681307,0.00086677365,0.029411764705882353,1.077164426445961,65,1
55_-122,2026-09-20,5,British Columbia,55.5,-121.5,16.6,43.0,18.9,0.0,23.37121810815585,0.031681307,0.00086677365,0.029411764705882353,1.077164426445961,78,1
55_-122,2026-09-21,6,British Columbia,55.5,-121.5,13.1,78.0,5.5,1.2000000000000002,3.6730300351343215,0.023706896,0.00036769436,0.029411764705882353,0.8060344718396664,122,0
55_-122,2026-09-22,7,British Columbia,55.5,-121.5,9.8,56.0,20.1,0.8999999999999999,9.177455300427752,0.017114606,0.00036769436,0.029411764705882353,0.5818965956568718,160,0
55_-123,2026-09-15,0,British Columbia,55.5,-122.5,16.68719184935975,46.050829580757906,7.908192484571394,0.22333583218128444,10.246720574343241,0.01158889,0.00036769436,0.00784313725490196,1.4775834884494543,181,0
55_-123,2026-09-16,1,British Columbia,55.5,-122.5,16.2,46.0,14.1,0.0,14.104701299882663,0.01158889,0.00036769436,0.00784313725490196,1.4775834884494543,174,0
55_-123,2026-09-17,2,British Columbia,55.5,-122.5,17.1,52.0,11.4,0.0,13.115673179405123,0.01158889,0.00036769436,0.00784313725490196,1.4775834884494543,187,0
55_-123,2026-09-18,3,British Columbia,55.5,-122.5,18.4,44.0,8.4,0.0,12.844648384432952,0.01158889,0.00036769436,0.00784313725490196,1.4775834884494543,187,0
55_-123,2026-09-19,4,British Columbia,55.5,-122.5,17.9,43.0,13.6,0.0,16.608172925868494,0.01158889,0.00036769436,0.00784313725490196,1.4775834884494543,200,0
55_-123,2026-09-20,5,British Columbia,55.5,-122.5,18.1,47.0,15.8,0.0,18.599641854943535,0.01158889,0.00040979983,0.00784313725490196,1.4775834884494543,203,0
55_-123,2026-09-21,6,British Columbia,55.5,-122.5,13.9,80.0,4.8,0.8999999999999999,4.446916128286541,0.006459243,0.00016979082,0.00784313725490196,0.8235534990672022,293,0
55_-123,2026-09-22,7,British Columbia,55.5,-122.5,10.6,64.0,14.0,3.9000000000000004,1.6529573589031787,0.005107495,0.00016979082,0.00784313725490196,0.6512056128121912,337,0
55_-124,2026-09-15,0,British Columbia,55.5,-123.5,15.600515132720167,49.10828456019139,7.827872060029451,2.280273922946898,5.67012206331649,0.016953317,0.00036769436,0.01764705882352941,0.9606879887481531,124,0
55_-124,2026-09-16,1,British Columbia,55.5,-123.5,16.3,46.0,7.9,0.0,8.77258111921164,0.019046638,0.00036769436,0.01764705882352941,1.079309495786826,104,0
55_-124,2026-09-17,2,British Columbia,55.5,-123.5,15.7,57.0,3.1,0.0,8.426408219781601,0.016953317,0.00036769436,0.01764705882352941,0.9606879887481531,133,0
55_-124,2026-09-18,3,British Columbia,55.5,-123.5,17.0,52.0,7.4,0.0,12.026746941863593,0.019046638,0.00036769436,0.01764705882352941,1.079309495786826,125,0
55_-124,2026-09-19,4,British Columbia,55.5,-123.5,17.5,49.0,7.2,0.0,13.37454485031132,0.019046638,0.00046264168,0.01764705882352941,1.079309495786826,130,0
55_-124,2026-09-20,5,British Columbia,55.5,-123.5,15.7,55.0,9.4,0.0,14.868529034129347,0.013666987,0.00036769436,0.01764705882352941,0.774462620417277,168,0
55_-124,2026-09-21,6,British Columbia,55.5,-123.5,12.6,84.0,0.9,1.1,3.0339575806209185,0.008910148,0.00016979082,0.01764705882352941,0.5049084095905224,235,0
55_-124,2026-09-22,7,British Columbia,55.5,-123.5,10.5,64.0,8.3,2.2,2.8098723972045447,0.006459243,0.00016979082,0.01764705882352941,0.36602377736320096,307,0
55_-125,2026-09-15,0,British Columbia,55.5,-124.5,16.96851602197777,35.36520371527849,3.6983080055352726,0.8771750833024393,11.097762279422524,0.00510037,0.00016979082,0.00196078431372549,2.601188658736646,360,0
55_-125,2026-09-16,1,British Columbia,55.5,-124.5,11.9,42.0,12.8,0.0,13.628881503741475,0.0034599912,0.00013172916,0.00196078431372549,1.764595506247133,420,0
55_-125,2026-09-17,2,British Columbia,55.5,-124.5,11.5,45.0,7.7,0.0,11.409260583789715,0.0034599912,0.00013172916,0.00196078431372549,1.764595506247133,411,0
55_-125,2026-09-18,3,British Columbia,55.5,-124.5,12.8,44.0,9.4,0.0,12.808808992979454,0.0034599912,0.00013172916,0.00196078431372549,1.764595506247133,396,0
55_-125,2026-09-19,4,British Columbia,55.5,-124.5,11.5,50.0,13.8,0.0,15.560802637357485,0.003292181,0.00013172916,0.00196078431372549,1.6790123423561454,441,0
55_-125,2026-09-20,5,British Columbia,55.5,-124.5,9.0,67.0,17.6,0.1,14.514846058591614,0.0020446682,0.00013172916,0.00196078431372549,1.0427807760424912,511,0
55_-125,2026-09-21,6,British Columbia,55.5,-124.5,3.2,98.0,4.4,3.2,0.12052439913544118,0.0015167142,0.0,0.00196078431372549,0.7735242554917932,570,0
55_-125,2026-09-22,7,British Columbia,55.5,-124.5,3.1,86.0,10.4,3.8000000000000003,0.012287056061636508,0.0007248675,0.0,0.00196078431372549,0.3696824301732704,640,0
55_-126,2026-09-15,0,British Columbia,55.5,-125.5,17.477698524011423,29.853555154735467,5.25416558548826,0.0,11.292929262024558,0.01158889,0.00036769436,0.013725490196078431,0.8443334219711167,182,0
55_-126,2026-09-16,1,British Columbia,55.5,-125.5,13.2,50.0,9.2,0.0,11.955207615410039,0.009431681,0.00036769436,0.013725490196078431,0.6871653055506093,189,0
55_-126,2026-09-17,2,British Columbia,55.5,-125.5,13.2,54.0,7.4,0.0,10.372275670613593,0.008910148,0.00019753922,0.013725490196078431,0.6491679551878146,214,0
55_-126,2026-09-18,3,British Columbia,55.5,-125.5,13.8,49.0,3.0,0.0,8.920120187381903,0.008910148,0.00019753922,0.013725490196078431,0.6491679551878146,221,0
55_-126,2026-09-19,4,British Columbia,55.5,-125.5,13.6,49.0,11.0,0.1,12.855326301507116,0.008910148,0.00036769436,0.013725490196078431,0.6491679551878146,223,0
55_-126,2026-09-20,5,British Columbia,55.5,-125.5,10.3,82.0,7.0,1.6,2.0132020320223347,0.008237548,0.00016979082,0.013725490196078431,0.6001642239945275,258,0
55_-126,2026-09-21,6,British Columbia,55.5,-125.5,7.0,98.0,3.6,12.8,2.0408300710839688e-05,0.00510037,0.00016979082,0.013725490196078431,0.3715983798195209,346,0
55_-126,2026-09-22,7,British Columbia,55.5,-125.5,6.9,78.0,6.5,9.3,0.00016079618641837292,0.0034599912,0.00010140445,0.013725490196078431,0.252085072321019,421,0
55_-127,2026-09-15,0,British Columbia,55.5,-126.5,15.691960483709817,37.96718000844807,4.202403276595923,0.0,8.469797807331254,0.009431681,0.00036769436,0.00980392156862745,0.962031427770853,198,0
55_-127,2026-09-16,1,British Columbia,55.5,-126.5,12.5,52.0,8.4,0.0,9.8491313713369,0.008237548,0.00019753922,0.00980392156862745,0.8402299135923386,244,0
55_-127,2026-09-17,2,British Columbia,55.5,-126.5,12.0,58.0,9.6,0.0,9.54073396100103,0.006459243,0.00019753922,0.00980392156862745,0.6588427992537618,275,0
55_-127,2026-09-18,3,British Columbia,55.5,-126.5,13.2,52.0,5.2,0.0,8.179623589491003,0.008237548,0.00018940108,0.00980392156862745,0.8402299135923386,247,0
55_-127,2026-09-19,4,British Columbia,55.5,-126.5,12.1,59.0,9.2,0.0,9.459942047717252,0.008237548,0.00019753922,0.00980392156862745,0.8402299135923386,255,0
55_-127,2026-09-20,5,British Columbia,55.5,-126.5,8.8,88.0,12.7,1.2000000000000002,3.153768437267359,0.00510037,0.00013172916,0.00980392156862745,0.5202377317473292,332,0
55_-127,2026-09-21,6,British Columbia,55.5,-126.5,7.4,96.0,3.8,3.0,0.06341969944984747,0.0034599912,0.00013172916,0.00980392156862745,0.3529191012494266,412,0
55_-127,2026-09-22,7,British Columbia,55.5,-126.5,6.7,78.0,9.3,4.4,0.019780611128410057,0.0034599912,0.00010140445,0.00980392156862745,0.3529191012494266,422,0
55_-128,2026-09-15,0,British Columbia,55.5,-127.5,17.07876909617858,61.281693636864254,5.846572903624023,0.0,5.578216684541248,0.01158889,0.00019753922,0.00980392156862745,1.1820667907595634,183,0
55_-128,2026-09-16,1,British Columbia,55.5,-127.5,7.3,60.0,7.4,0.0,6.134708019881883,0.0085633695,0.00016979082,0.00980392156862745,0.8734636902809143,218,0
55_-128,2026-09-17,2,British Columbia,55.5,-127.5,6.5,71.0,6.8,0.0,5.158841093739154,0.008237548,0.00016979082,0.00980392156862745,0.8402299135923386,249,0
55_-128,2026-09-18,3,British Columbia,55.5,-127.5,8.3,64.0,6.0,0.0,5.10533839270274,0.006459243,0.00016979082,0.00980392156862745,0.6588427992537618,281,0
55_-128,2026-09-19,4,British Columbia,55.5,-127.5,6.3,72.0,8.1,0.30000000000000004,5.293141057491588,0.005107495,0.00013172916,0.00980392156862745,0.520964490249753,308,0
55_-128,2026-09-20,5,British Columbia,55.5,-127.5,4.6,85.0,9.5,2.9,0.382985611999008,0.0034599912,0.00010140445,0.00980392156862745,0.3529191012494266,403,0
55_-128,2026-09-21,6,British Columbia,55.5,-127.5,3.4,78.0,3.7,2.0,0.12550134827331785,0.0034599912,6.2301784e-05,0.00980392156862745,0.3529191012494266,413,0
55_-128,2026-09-22,7,British Columbia,55.5,-127.5,2.5,80.0,7.9,3.2,0.025545386554754954,0.0034599912,7.8617755e-05,0.00980392156862745,0.3529191012494266,423,0
55_-129,2026-09-15,0,British Columbia,55.5,-128.5,16.140396981445548,65.18438557656859,3.394244851547779,0.0,5.6914880677868,0.005107495,0.00013172916,0.00392156862745098,1.3024112256243825,327,0
55_-129,2026-09-16,1,British Columbia,55.5,-128.5,9.2,64.0,8.3,0.0,6.923872013938883,0.00510037,0.0,0.00392156862745098,1.300594329368323,342,0
55_-129,2026-09-17,2,British Columbia,55.5,-128.5,9.0,66.0,5.3,0.0,5.840575236110653,0.0039100684,0.0,0.00392156862745098,0.9970674477517605,352,0
55_-129,2026-09-18,3,British Columbia,55.5,-128.5,10.2,62.0,1.6,0.0,5.0192062770759245,0.0034599912,0.0,0.00392156862745098,0.8822977531235665,397,0
55_-129,2026-09-19,4,British Columbia,55.5,-128.5,8.0,76.0,5.0,2.3,0.6806533555200641,0.0034599912,0.0,0.00392156862745098,0.8822977531235665,397,0
55_-129,2026-09-20,5,British Columbia,55.5,-128.5,6.6,91.0,7.4,9.3,0.0005490232334101511,0.0034599912,0.0,0.00392156862745098,0.8822977531235665,404,0
55_-129,2026-09-21,6,British Columbia,55.5,-128.5,5.1,88.0,1.5,4.7,2.0576748177621007e-05,0.0034599912,0.0,0.00392156862745098,0.8822977531235665,414,0
55_-129,2026-09-22,7,British Columbia,55.5,-128.5,3.0,89.0,9.5,15.6,2.212073165234548e-06,0.0034599912,0.0,0.00392156862745098,0.8822977531235665,424,0
55_-130,2026-09-15,0,British Columbia,55.5,-129.5,15.837934022806634,68.99384223846063,3.7819812537003448,0.0,4.964240343013681,0.0020446682,0.00010140445,0.00196078431372549,1.0427807760424912,541,0
55_-130,2026-09-16,1,British Columbia,55.5,-129.5,10.8,79.0,7.7,0.1,4.8202628325927925,0.0015167142,0.0,0.00196078431372549,0.7735242554917932,571,0
55_-130,2026-09-17,2,British Columbia,55.5,-129.5,11.7,75.0,3.5,0.4,3.964631224991017,0.0015167142,0.0,0.00196078431372549,0.7735242554917932,562,0
55_-130,2026-09-18,3,British Columbia,55.5,-129.5,13.5,69.0,4.4,0.0,4.350956672132831,0.0015167142,0.0,0.00196078431372549,0.7735242554917932,546,0
55_-130,2026-09-19,4,British Columbia,55.5,-129.5,10.6,99.0,2.0,5.4,0.002870523934216427,0.0012195122,0.0,0.00196078431372549,0.6219512200914323,588,0
55_-130,2026-09-20,5,British Columbia,55.5,-129.5,10.5,98.0,4.4,18.7,4.295119435956724e-08,0.0007248675,0.0,0.00196078431372549,0.3696824301732704,624,0
55_-130,2026-09-21,6,British Columbia,55.5,-129.5,11.1,85.0,3.5,10.9,3.7995462975152073e-06,0.0015167142,0.0,0.00196078431372549,0.7735242554917932,571,0
55_-130,2026-09-22,7,British Columbia,55.5,-129.5,8.9,96.0,4.8,21.400000000000002,1.8926456480691618e-08,0.0015167142,0.0,0.00196078431372549,0.7735242554917932,573,0
55_-88,2026-09-15,0,Ontario,55.5,-87.5,9.65233135363451,99.23834323182744,12.086011878192945,1.8025876846750284,0.07461144106091509,0.0007248675,0.0,0.0,,646,0
55_-88,2026-09-16,1,Ontario,55.5,-87.5,8.7,56.0,18.5,8.899999999999999,0.06922057173060321,0.0007248675,0.0,0.0,,636,0
55_-88,2026-09-17,2,Ontario,55.5,-87.5,6.6,80.0,23.4,3.6,0.05731590569753004,0.0006170935,0.0,0.0,,691,0
55_-88,2026-09-18,3,Ontario,55.5,-87.5,10.5,58.0,13.6,2.1999999999999997,0.20343298976214733,0.0007248675,0.0,0.0,,616,0
55_-88,2026-09-19,4,Ontario,55.5,-87.5,9.7,82.0,16.2,0.9,0.3810619173663512,0.00038029242,0.0,0.0,,698,0
55_-88,2026-09-20,5,Ontario,55.5,-87.5,8.0,60.0,17.8,0.2,0.7463798376492045,0.0007248675,0.0,0.0,,625,0
55_-88,2026-09-21,6,Ontario,55.5,-87.5,12.2,60.0,15.3,0.0,1.90451339687967,0.0007248675,0.0,0.0,,631,0
55_-88,2026-09-22,7,Ontario,55.5,-87.5,16.3,63.0,15.4,0.0,3.5164947555161277,0.0007248675,0.0,0.0,,641,0
55_-94,2026-09-15,0,Manitoba,55.5,-93.5,7.139386752201263,94.12418927747028,20.15754695565119,7.935569817836793,1.2588965016947649,0.0007248675,0.0,0.0,,647,0
55_-94,2026-09-16,1,Manitoba,55.5,-93.5,12.8,56.0,17.3,4.800000000000001,0.23728630512384336,0.0007248675,0.0,0.0,,637,0
55_-94,2026-09-17,2,Manitoba,55.5,-93.5,7.7,61.0,15.4,6.0,0.07360335500156821,0.0007248675,0.0,0.0,,639,0
55_-94,2026-09-18,3,Manitoba,55.5,-93.5,14.9,53.0,21.0,0.10000000000000006,0.895445441132301,0.0007248675,0.0,0.0,,617,0
55_-94,2026-09-19,4,Manitoba,55.5,-93.5,10.2,55.0,17.3,1.2999999999999998,0.9152086534657903,0.0007248675,0.0,0.0,,625,0
55_-94,2026-09-20,5,Manitoba,55.5,-93.5,13.8,47.0,12.5,0.0,3.1343305671234627,0.0007248675,0.0,0.0,,626,0
55_-94,2026-09-21,6,Manitoba,55.5,-93.5,16.7,59.0,13.0,0.0,4.639004304349986,0.0007248675,0.0,0.0,,632,0
55_-94,2026-09-22,7,Manitoba,55.5,-93.5,18.9,58.0,16.7,0.0,7.017410352103265,0.0015167142,0.0,0.0,,574,0
55_-95,2026-09-15,0,Manitoba,55.5,-94.5,6.2397445339756725,95.00139287751142,19.86784134554556,8.89420732418455,1.0856940623989886,0.0015167142,0.0,0.00196078431372549,0.7735242554917932,586,0
55_-95,2026-09-16,1,Manitoba,55.5,-94.5,12.7,59.0,19.0,3.9,0.26006768161965954,0.0015167142,0.0,0.00196078431372549,0.7735242554917932,572,0
55_-95,2026-09-17,2,Manitoba,55.5,-94.5,8.8,55.0,11.3,3.7,0.1477753239000393,0.0007248675,0.0,0.00196078431372549,0.3696824301732704,640,0
55_-95,2026-09-18,3,Manitoba,55.5,-94.5,15.1,56.0,20.1,0.1,0.9751102484956342,0.0015167142,0.00010140445,0.00196078431372549,0.7735242554917932,547,0
55_-95,2026-09-19,4,Manitoba,55.5,-94.5,10.6,57.0,16.3,2.7,0.526063209079784,0.0015167142,0.0,0.00196078431372549,0.7735242554917932,552,0
55_-95,2026-09-20,5,Manitoba,55.5,-94.5,13.9,52.0,12.4,0.0,1.0510401174126809,0.0015167142,0.0,0.00196078431372549,0.7735242554917932,556,0
55_-95,2026-09-21,6,Manitoba,55.5,-94.5,16.6,65.0,12.4,0.0,2.767704223882909,0.0015167142,0.0,0.00196078431372549,0.7735242554917932,572,0
55_-95,2026-09-22,7,Manitoba,55.5,-94.5,18.8,61.0,16.9,0.0,5.543386720364777,0.0020446682,0.00010140445,0.00196078431372549,1.0427807760424912,529,0
55_-96,2026-09-15,0,Manitoba,55.5,-95.5,5.120596538136328,95.69689794821745,19.434033331727548,12.553672220777212,0.6088975021705764,0.0015167142,0.0,0.00196078431372549,0.7735242554917932,587,0
55_-96,2026-09-16,1,Manitoba,55.5,-95.5,11.3,65.0,20.4,4.500000000000001,0.10420342388959292,0.0015167142,0.0,0.00196078431372549,0.7735242554917932,573,0
55_-96,2026-09-17,2,Manitoba,55.5,-95.5,8.2,59.0,8.8,2.4000000000000004,0.12103341697047364,0.0015167142,0.0,0.00196078431372549,0.7735242554917932,563,0
55_-96,2026-09-18,3,Manitoba,55.5,-95.5,15.2,61.0,20.9,0.1,0.8981747576515869,0.0015167142,0.00010140445,0.00196078431372549,0.7735242554917932,548,0
55_-96,2026-09-19,4,Manitoba,55.5,-95.5,10.8,55.0,14.8,0.4,2.0317031542662116,0.0015167142,0.0,0.00196078431372549,0.7735242554917932,553,0
55_-96,2026-09-20,5,Manitoba,55.5,-95.5,13.9,53.0,12.7,0.0,3.6879062137113467,0.0020446682,0.00010140445,0.00196078431372549,1.0427807760424912,512,0
55_-96,2026-09-21,6,Manitoba,55.5,-95.5,16.5,65.0,12.5,0.0,4.145923429171144,0.0020446682,0.00010140445,0.00196078431372549,1.0427807760424912,523,0
55_-96,2026-09-22,7,Manitoba,55.5,-95.5,18.8,60.0,17.0,0.0,6.536310037165874,0.0022243848,0.00013172916,0.00196078431372549,1.1344362515956163,501,0
55_-97,2026-09-15,0,Manitoba,55.5,-96.5,3.6947201298248986,94.18350360492052,18.877619156145695,17.056381455142905,0.0,0.0015167142,0.0,0.0,,588,0
55_-97,2026-09-16,1,Manitoba,55.5,-96.5,11.9,64.0,18.4,3.4,0.08806699630019794,0.0015167142,0.0,0.0,,574,0
55_-97,2026-09-17,2,Manitoba,55.5,-96.5,8.8,56.0,6.2,1.8,0.1485120646414615,0.0007248675,0.0,0.0,,641,0
55_-97,2026-09-18,3,Manitoba,55.5,-96.5,15.1,65.0,18.5,0.0,0.7945268803388331,0.0007248675,0.0,0.0,,618,0
55_-97,2026-09-19,4,Manitoba,55.5,-96.5,11.0,54.0,13.4,0.1,1.842009760757078,0.0007248675,0.0,0.0,,626,0
55_-97,2026-09-20,5,Manitoba,55.5,-96.5,13.6,59.0,14.1,0.0,3.4893064200162054,0.0007248675,0.0,0.0,,627,0
55_-97,2026-09-21,6,Manitoba,55.5,-96.5,16.2,67.0,12.3,0.0,3.61922604707276,0.0007248675,0.0,0.0,,633,0
55_-97,2026-09-22,7,Manitoba,55.5,-96.5,18.2,65.0,16.8,0.0,5.534015644518899,0.0015167142,0.0,0.0,,575,0
55_-98,2026-09-15,0,Manitoba,55.5,-97.5,3.8285361369450723,91.50162087549205,15.247110381189307,10.665398853049203,0.0,0.003292181,0.00010140445,0.00196078431372549,1.6790123423561454,483,0
55_-98,2026-09-16,1,Manitoba,55.5,-97.5,12.5,59.0,15.2,2.1999999999999997,0.21140558462953654,0.0034599912,0.00013172916,0.00196078431372549,1.764595506247133,421,0
55_-98,2026-09-17,2,Manitoba,55.5,-97.5,9.9,48.0,3.4,2.9,0.11990762907407335,0.0034599912,0.00013172916,0.00196078431372549,1.764595506247133,412,0
55_-98,2026-09-18,3,Manitoba,55.5,-97.5,13.3,85.0,15.1,0.7,0.43719059354801443,0.003292181,0.00010140445,0.00196078431372549,1.6790123423561454,447,0
55_-98,2026-09-19,4,Manitoba,55.5,-97.5,11.1,60.0,10.6,0.3,0.6338725517701683,0.003292181,0.00010140445,0.00196078431372549,1.6790123423561454,442,0
55_-98,2026-09-20,5,Manitoba,55.5,-97.5,14.2,63.0,14.0,0.0,2.2122575529751414,0.003292181,0.00010140445,0.00196078431372549,1.6790123423561454,450,0
55_-98,2026-09-21,6,Manitoba,55.5,-97.5,16.9,64.0,11.1,0.0,3.1148306786297013,0.0034599912,0.00010140445,0.00196078431372549,1.764595506247133,415,0
55_-98,2026-09-22,7,Manitoba,55.5,-97.5,19.0,63.0,16.9,0.0,5.767045032244392,0.0034599912,0.00013172916,0.00196078431372549,1.764595506247133,425,0
55_-99,2026-09-15,0,Manitoba,55.5,-98.5,4.868307501947199,87.53700679485445,11.261211610928013,7.1304597063955555,0.05030110061305747,0.00510037,0.00019753922,0.00980392156862745,0.5202377317473292,361,0
55_-99,2026-09-16,1,Manitoba,55.5,-98.5,12.8,53.0,17.1,1.2,0.695044208706106,0.005107495,0.00019753922,0.00980392156862745,0.520964490249753,306,0
55_-99,2026-09-17,2,Manitoba,55.5,-98.5,10.3,50.0,2.6,4.7,0.08951646840885892,0.00510037,0.00019753922,0.00980392156862745,0.5202377317473292,337,0
55_-99,2026-09-18,3,Manitoba,55.5,-98.5,13.7,79.0,12.5,1.9000000000000001,0.2429351979996307,0.00510037,0.00019753922,0.00980392156862745,0.5202377317473292,327,0
55_-99,2026-09-19,4,Manitoba,55.5,-98.5,11.6,58.0,9.9,0.1,0.5719014555917021,0.00510037,0.00019753922,0.00980392156862745,0.5202377317473292,336,0
55_-99,2026-09-20,5,Manitoba,55.5,-98.5,13.8,63.0,15.2,0.0,2.186159439579813,0.00510037,0.00019753922,0.00980392156862745,0.5202377317473292,333,0
55_-99,2026-09-21,6,Manitoba,55.5,-98.5,17.2,63.0,11.1,0.0,3.247798061468529,0.006459243,0.00036769436,0.00980392156862745,0.6588427992537618,294,0
55_-99,2026-09-22,7,Manitoba,55.5,-98.5,18.8,62.0,16.0,0.0,5.873483842552127,0.008237548,0.00036769436,0.00980392156862745,0.8402299135923386,285,0
56_-100,2026-09-15,0,Manitoba,56.5,-99.5,7.1124361686008255,73.12898579165683,7.93401394277135,4.846381843358242,0.18003242729423358,0.0007248675,0.0,0.0,,648,0
56_-100,2026-09-16,1,Manitoba,56.5,-99.5,8.8,79.0,17.6,0.7,0.7231992267041362,0.0007248675,0.0,0.0,,638,0
56_-100,2026-09-17,2,Manitoba,56.5,-99.5,9.5,49.0,3.8,3.3,0.1919613655197991,0.0007248675,0.0,0.0,,642,0
56_-100,2026-09-18,3,Manitoba,56.5,-99.5,15.8,67.0,9.6,2.5,0.3331709131474615,0.0007248675,0.0,0.0,,619,0
56_-100,2026-09-19,4,Manitoba,56.5,-99.5,10.8,57.0,6.6,0.1,0.5551939813989839,0.0007248675,0.0,0.0,,627,0
56_-100,2026-09-20,5,Manitoba,56.5,-99.5,13.9,62.0,14.7,0.0,2.5929261162420567,0.0007248675,0.0,0.0,,628,0
56_-100,2026-09-21,6,Manitoba,56.5,-99.5,17.9,66.0,10.6,0.30000000000000004,3.349311647262756,0.0007248675,0.0,0.0,,634,0
56_-100,2026-09-22,7,Manitoba,56.5,-99.5,19.1,64.0,16.0,0.0,5.982436867370209,0.0015167142,0.0,0.0,,576,0
56_-101,2026-09-15,0,Manitoba,56.5,-100.5,7.478599932003387,68.88576471396756,9.779008849318878,4.867807014935902,0.22925135893851678,0.0022243848,0.0,0.00392156862745098,0.5672181257978082,513,0
56_-101,2026-09-16,1,Manitoba,56.5,-100.5,8.1,86.0,16.0,1.9,0.18688701517029194,0.0020446682,0.0,0.00392156862745098,0.5213903880212456,525,0
56_-101,2026-09-17,2,Manitoba,56.5,-100.5,9.8,56.0,8.3,1.9000000000000001,0.3049942426955173,0.0022243848,0.0,0.00392156862745098,0.5672181257978082,488,0
56_-101,2026-09-18,3,Manitoba,56.5,-100.5,15.5,72.0,8.1,4.9,0.09169915922006239,0.0034599912,0.0,0.00392156862745098,0.8822977531235665,398,0
56_-101,2026-09-19,4,Manitoba,56.5,-100.5,11.2,57.0,3.8,0.0,0.32964451430946295,0.002782071,0.0,0.00392156862745098,0.7094281073659658,458,0
56_-101,2026-09-20,5,Manitoba,56.5,-100.5,14.4,62.0,15.3,0.0,1.547805931056047,0.0034599912,0.0,0.00392156862745098,0.8822977531235665,405,0
56_-101,2026-09-21,6,Manitoba,56.5,-100.5,17.4,69.0,11.1,0.30000000000000004,2.4194009416902973,0.0034599912,0.00010140445,0.00392156862745098,0.8822977531235665,416,0
56_-101,2026-09-22,7,Manitoba,56.5,-100.5,18.8,64.0,17.2,0.0,5.492914104141781,0.0034599912,0.00010140445,0.00392156862745098,0.8822977531235665,426,0
56_-102,2026-09-15,0,Manitoba,56.5,-101.5,8.298648658086965,60.40106522811628,13.21902530391888,4.259185104105807,0.4248195132737662,0.00510037,0.00013172916,0.00784313725490196,0.6502971646841615,362,0
56_-102,2026-09-16,1,Manitoba,56.5,-101.5,8.8,79.0,18.1,1.2000000000000002,0.6835118727193047,0.0034599912,0.00010140445,0.00784313725490196,0.44114887656178325,422,0
56_-102,2026-09-17,2,Manitoba,56.5,-101.5,10.2,51.0,11.5,2.9,0.41730338580949156,0.0034599912,0.00010140445,0.00784313725490196,0.44114887656178325,413,0
56_-102,2026-09-18,3,Manitoba,56.5,-101.5,14.9,69.0,10.1,5.5,0.1216598468393674,0.00510037,0.00013172916,0.00784313725490196,0.6502971646841615,328,0
56_-102,2026-09-19,4,Manitoba,56.5,-101.5,11.2,61.0,3.5,0.0,0.316821008242872,0.0034599912,0.00013172916,0.00784313725490196,0.44114887656178325,398,0
56_-102,2026-09-20,5,Manitoba,56.5,-101.5,14.0,66.0,17.0,0.0,1.5239207062541427,0.00510037,0.00013172916,0.00784313725490196,0.6502971646841615,334,0
56_-102,2026-09-21,6,Manitoba,56.5,-101.5,17.4,68.0,11.3,0.0,2.3252835030281394,0.005107495,0.00016979082,0.00784313725490196,0.6512056128121912,316,0
56_-102,2026-09-22,7,Manitoba,56.5,-101.5,18.4,66.0,17.3,0.0,5.107043628263392,0.006459243,0.00019753922,0.00784313725490196,0.8235534990672022,308,0
56_-103,2026-09-15,0,Saskatchewan,56.5,-102.5,10.193854500707772,56.301388483075044,8.182700141224451,2.1243209812755466,2.6479298732432373,0.0034599912,0.0,0.00196078431372549,1.764595506247133,439,0
56_-103,2026-09-16,1,Saskatchewan,56.5,-102.5,8.3,75.0,18.1,2.6999999999999997,1.7410069424073256,0.0020446682,0.0,0.00196078431372549,1.0427807760424912,526,0
56_-103,2026-09-17,2,Saskatchewan,56.5,-102.5,12.0,45.0,15.4,2.5999999999999996,2.5738314835961336,0.0034599912,0.0,0.00196078431372549,1.764595506247133,414,0
56_-103,2026-09-18,3,Saskatchewan,56.5,-102.5,15.4,64.0,11.5,1.4,2.6377783502505787,0.0034599912,0.0,0.00196078431372549,1.764595506247133,399,0
56_-103,2026-09-19,4,Saskatchewan,56.5,-102.5,13.9,56.0,3.6,0.0,3.0412353845061935,0.0034599912,0.0,0.00196078431372549,1.764595506247133,399,0
56_-103,2026-09-20,5,Saskatchewan,56.5,-102.5,16.1,61.0,16.5,0.30000000000000004,9.544923385336393,0.0034599912,0.00010140445,0.00196078431372549,1.764595506247133,406,0
56_-103,2026-09-21,6,Saskatchewan,56.5,-102.5,20.2,60.0,11.5,0.6,9.147093174144445,0.00510037,0.00013172916,0.00196078431372549,2.601188658736646,347,0
56_-103,2026-09-22,7,Saskatchewan,56.5,-102.5,20.1,60.0,17.8,0.0,13.670483673768597,0.00510037,0.00016979082,0.00196078431372549,2.601188658736646,364,0
56_-104,2026-09-15,0,Saskatchewan,56.5,-103.5,10.518061497875843,54.83266209104053,7.767536747814094,1.951823129843694,3.2555264722969626,0.006459243,0.00016979082,0.00784313725490196,0.8235534990672022,290,0
56_-104,2026-09-16,1,Saskatchewan,56.5,-103.5,8.9,65.0,16.0,1.4000000000000001,4.683296406069835,0.006459243,0.00013172916,0.00784313725490196,0.8235534990672022,278,0
56_-104,2026-09-17,2,Saskatchewan,56.5,-103.5,12.3,49.0,15.2,0.30000000000000004,8.903257271142147,0.006459243,0.00016979082,0.00784313725490196,0.8235534990672022,276,0
56_-104,2026-09-18,3,Saskatchewan,56.5,-103.5,15.9,57.0,13.2,0.7,10.008278319360846,0.0085633695,0.00016979082,0.00784313725490196,1.0918296128511429,229,0
56_-104,2026-09-19,4,Saskatchewan,56.5,-103.5,14.9,54.0,6.0,0.0,9.386776343398202,0.008910148,0.00019753922,0.00784313725490196,1.1360439215786755,224,0
56_-104,2026-09-20,5,Saskatchewan,56.5,-103.5,16.7,62.0,17.5,0.6000000000000001,14.243386504125667,0.0085633695,0.00019753922,0.00784313725490196,1.0918296128511429,239,0
56_-104,2026-09-21,6,Saskatchewan,56.5,-103.5,20.1,60.0,11.6,0.0,13.029622357182372,0.01158889,0.00036769436,0.00784313725490196,1.4775834884494543,207,0
56_-104,2026-09-22,7,Saskatchewan,56.5,-103.5,20.4,58.0,16.6,0.0,17.231897839244482,0.01158889,0.00036769436,0.00784313725490196,1.4775834884494543,221,0
56_-105,2026-09-15,0,Saskatchewan,56.5,-104.5,10.650019422998291,55.826395799540734,8.71406791013384,2.562500443912688,2.861648754481087,0.0034599912,0.0,0.0,,440,0
56_-105,2026-09-16,1,Saskatchewan,56.5,-104.5,9.1,60.0,14.4,2.0,3.1842037741022424,0.0022243848,0.0,0.0,,490,0
56_-105,2026-09-17,2,Saskatchewan,56.5,-104.5,13.1,47.0,16.5,0.9,6.531758613161914,0.003292181,0.0,0.0,,462,0
56_-105,2026-09-18,3,Saskatchewan,56.5,-104.5,16.0,49.0,13.4,0.1,11.2701547700225,0.0034599912,0.0,0.0,,400,0
56_-105,2026-09-19,4,Saskatchewan,56.5,-104.5,15.6,51.0,8.9,0.0,11.404330177841642,0.0034599912,0.0,0.0,,400,0
56_-105,2026-09-20,5,Saskatchewan,56.5,-104.5,17.7,52.0,16.4,8.7,2.261282407720531,0.0034599912,0.0,0.0,,407,0
56_-105,2026-09-21,6,Saskatchewan,56.5,-104.5,19.6,62.0,12.4,0.0,4.430626292636964,0.0034599912,0.00010140445,0.0,,417,0
56_-105,2026-09-22,7,Saskatchewan,56.5,-104.5,20.1,58.0,15.9,0.0,10.104147045652844,0.0034599912,0.00013172916,0.0,,427,0
56_-106,2026-09-15,0,Saskatchewan,56.5,-105.5,8.701577594787437,72.32662351761357,14.402761697904834,0.6274976039585579,4.96210519140257,0.0034599912,0.00010140445,0.00392156862745098,0.8822977531235665,441,0
56_-106,2026-09-16,1,Saskatchewan,56.5,-105.5,6.9,75.0,14.7,2.6,0.9451763987142714,0.003292181,0.0,0.00392156862745098,0.8395061711780727,456,0
56_-106,2026-09-17,2,Saskatchewan,56.5,-105.5,12.8,55.0,19.5,0.09999999999999978,5.2466721623040495,0.0034599912,0.0,0.00392156862745098,0.8822977531235665,415,0
56_-106,2026-09-18,3,Saskatchewan,56.5,-105.5,14.5,53.0,14.1,0.09999999999999978,7.950742284598892,0.00510037,0.0,0.00392156862745098,1.300594329368323,329,0
56_-106,2026-09-19,4,Saskatchewan,56.5,-105.5,16.0,49.0,10.0,0.0,9.601207499420717,0.00510037,0.00012340459,0.00392156862745098,1.300594329368323,337,0
56_-106,2026-09-20,5,Saskatchewan,56.5,-105.5,17.1,55.0,14.3,11.100000000000001,0.7678644394813661,0.00510037,0.00010140445,0.00392156862745098,1.300594329368323,335,0
56_-106,2026-09-21,6,Saskatchewan,56.5,-105.5,18.8,64.0,12.4,0.0,2.668137167227147,0.00510037,0.00013172916,0.00392156862745098,1.300594329368323,348,0
56_-106,2026-09-22,7,Saskatchewan,56.5,-105.5,18.7,62.0,15.8,0.0,6.806731198065237,0.006459243,0.00016979082,0.00392156862745098,1.6471069981344044,309,0
56_-107,2026-09-15,0,Saskatchewan,56.5,-106.5,8.873762864597548,71.19055824682307,13.434887298424616,0.4599696594492462,4.3289463022052415,0.003771806,0.00016979082,0.00784313725490196,0.4809052526252344,382,0
56_-107,2026-09-16,1,Saskatchewan,56.5,-106.5,8.0,60.0,12.1,1.2000000000000002,3.226598683562981,0.0034599912,0.00010140445,0.00784313725490196,0.44114887656178325,423,0
56_-107,2026-09-17,2,Saskatchewan,56.5,-106.5,14.2,55.0,15.7,0.1,7.948758452736073,0.005107495,0.00013172916,0.00784313725490196,0.6512056128121912,306,0
56_-107,2026-09-18,3,Saskatchewan,56.5,-106.5,15.2,49.0,12.0,0.0,10.631753382614498,0.006459243,0.00016979082,0.00784313725490196,0.8235534990672022,282,0
56_-107,2026-09-19,4,Saskatchewan,56.5,-106.5,16.7,48.0,12.1,0.0,12.98537903757628,0.008910148,0.00019753922,0.00784313725490196,1.1360439215786755,225,0
56_-107,2026-09-20,5,Saskatchewan,56.5,-106.5,17.6,57.0,11.5,5.1000000000000005,1.7162093010899115,0.008237548,0.00019753922,0.00784313725490196,1.0502873919904232,259,0
56_-107,2026-09-21,6,Saskatchewan,56.5,-106.5,19.3,62.0,10.5,0.0,4.069083171081544,0.0085633695,0.00019753922,0.00784313725490196,1.0918296128511429,248,0
56_-107,2026-09-22,7,Saskatchewan,56.5,-106.5,19.4,61.0,14.5,0.0,8.89971269039742,0.008910148,0.00036769436,0.00784313725490196,1.1360439215786755,242,0
56_-108,2026-09-15,0,Saskatchewan,56.5,-107.5,9.347969030198968,62.85958448867334,14.752952663756375,0.7271835794007213,3.3090306754886303,0.0034599912,0.00010140445,0.00392156862745098,0.8822977531235665,442,0
56_-108,2026-09-16,1,Saskatchewan,56.5,-107.5,8.3,57.0,11.3,1.1,2.581111234002064,0.0034599912,0.0,0.00392156862745098,0.8822977531235665,424,0
56_-108,2026-09-17,2,Saskatchewan,56.5,-107.5,14.6,56.0,14.6,0.0,6.635454105695271,0.00510037,0.00012933054,0.00392156862745098,1.300594329368323,338,0
56_-108,2026-09-18,3,Saskatchewan,56.5,-107.5,15.3,51.0,10.3,0.0,8.25935873400703,0.00510037,0.00010371967,0.00392156862745098,1.300594329368323,330,0
56_-108,2026-09-19,4,Saskatchewan,56.5,-107.5,17.6,47.0,12.8,0.0,11.942922346493045,0.006459243,0.00019753922,0.00392156862745098,1.6471069981344044,288,0
56_-108,2026-09-20,5,Saskatchewan,56.5,-107.5,18.5,57.0,9.1,1.5,4.366821006327208,0.005107495,0.00019753922,0.00392156862745098,1.3024112256243825,310,0
56_-108,2026-09-21,6,Saskatchewan,56.5,-107.5,19.7,61.0,8.5,0.0,7.157575032519073,0.006459243,0.00019753922,0.00392156862745098,1.6471069981344044,295,0
56_-108,2026-09-22,7,Saskatchewan,56.5,-107.5,19.6,62.0,14.4,0.0,11.027314695287613,0.008237548,0.00019753922,0.00392156862745098,2.1005747839808464,286,0
56_-109,2026-09-15,0,Saskatchewan,56.5,-108.5,9.501481150304546,64.0403802719421,16.30878203580386,0.5712242523463813,4.150623464781421,0.005107495,0.00016979082,0.00980392156862745,0.520964490249753,328,0
56_-109,2026-09-16,1,Saskatchewan,56.5,-108.5,8.0,69.0,8.2,1.8,1.2689033910649647,0.00510037,0.00016979082,0.00980392156862745,0.5202377317473292,343,0
56_-109,2026-09-17,2,Saskatchewan,56.5,-108.5,14.1,63.0,12.2,0.1,3.8417201774797234,0.006459243,0.00016979082,0.00980392156862745,0.6588427992537618,277,0
56_-109,2026-09-18,3,Saskatchewan,56.5,-108.5,14.1,61.0,7.1,0.0,4.8518748260939955,0.006459243,0.00019753922,0.00980392156862745,0.6588427992537618,283,0
56_-109,2026-09-19,4,Saskatchewan,56.5,-108.5,16.6,57.0,13.8,0.0,9.73832754184957,0.009431681,0.00036769436,0.00980392156862745,0.962031427770853,218,0
56_-109,2026-09-20,5,Saskatchewan,56.5,-108.5,17.7,61.0,6.4,0.1,7.668246280257086,0.009431681,0.00036769436,0.00980392156862745,0.962031427770853,212,0
56_-109,2026-09-21,6,Saskatchewan,56.5,-108.5,18.1,68.0,7.9,0.0,8.447112962457656,0.01158889,0.00036769436,0.00980392156862745,1.1820667907595634,208,0
56_-109,2026-09-22,7,Saskatchewan,56.5,-108.5,18.1,68.0,13.5,0.0,11.019821852419327,0.01158889,0.00046264168,0.00980392156862745,1.1820667907595634,222,0
56_-110,2026-09-15,0,Saskatchewan,56.5,-109.5,9.721534499379032,65.28178288460263,12.273273612291463,0.8582366628339485,3.41689761232455,0.0085633695,0.00019753922,0.0196078431372549,0.43673184514045715,232,0
56_-110,2026-09-16,1,Saskatchewan,56.5,-109.5,7.7,65.0,6.3,0.9,1.6478848351022803,0.008237548,0.00019753922,0.0196078431372549,0.4201149567961693,245,0
56_-110,2026-09-17,2,Saskatchewan,56.5,-109.5,14.6,58.0,11.2,0.0,5.056115061699556,0.01158889,0.00019753922,0.0196078431372549,0.5910333953797817,188,0
56_-110,2026-09-18,3,Saskatchewan,56.5,-109.5,14.8,56.0,4.1,0.0,5.329284707949032,0.01158889,0.00019753922,0.0196078431372549,0.5910333953797817,188,0
56_-110,2026-09-19,4,Saskatchewan,56.5,-109.5,17.4,49.0,12.9,0.0,11.513184791805227,0.017114606,0.0007264472,0.0196078431372549,0.8728448934853077,140,0
56_-110,2026-09-20,5,Saskatchewan,56.5,-109.5,18.0,60.0,5.7,0.0,8.802473037232382,0.017114606,0.00046264168,0.0196078431372549,0.8728448934853077,148,0
56_-110,2026-09-21,6,Saskatchewan,56.5,-109.5,18.0,68.0,5.1,0.0,8.212117166180743,0.017114606,0.0007264472,0.0196078431372549,0.8728448934853077,149,0
56_-110,2026-09-22,7,Saskatchewan,56.5,-109.5,18.1,68.0,9.8,0.0,10.112119021948436,0.017114606,0.0007264472,0.0196078431372549,0.8728448934853077,161,0
56_-111,2026-09-15,0,Alberta,56.5,-110.5,10.985572026838542,58.62407984686159,11.358976932392295,0.1489721622647938,9.451328103488446,0.008910148,0.00019753922,0.011764705882352941,0.7573626143857837,211,0
56_-111,2026-09-16,1,Alberta,56.5,-110.5,8.0,63.0,7.0,1.7000000000000002,2.2011134803008168,0.008237548,0.00019753922,0.011764705882352941,0.7001915946602821,246,0
56_-111,2026-09-17,2,Alberta,56.5,-110.5,15.7,54.0,6.2,0.0,4.429966226487039,0.009431681,0.00019753922,0.011764705882352941,0.8016928564757109,206,0
56_-111,2026-09-18,3,Alberta,56.5,-110.5,16.0,52.0,6.4,0.0,7.9236218798507165,0.009803922,0.00019753922,0.011764705882352941,0.8333333628252149,199,0
56_-111,2026-09-19,4,Alberta,56.5,-110.5,16.9,49.0,12.4,0.0,13.661761525839651,0.015813954,0.00046264168,0.011764705882352941,1.3441861048340797,151,0
56_-111,2026-09-20,5,Alberta,56.5,-110.5,19.5,52.0,4.3,0.0,10.713265693657764,0.017114606,0.00046264168,0.011764705882352941,1.4547414891421795,149,0
56_-111,2026-09-21,6,Alberta,56.5,-110.5,19.8,60.0,6.6,0.0,12.074645345119832,0.016953317,0.00046264168,0.011764705882352941,1.4410319831222296,159,0
56_-111,2026-09-22,7,Alberta,56.5,-110.5,19.1,62.0,1.3,0.0,9.849124610538158,0.019046638,0.00046264168,0.011764705882352941,1.6189642436802387,149,0
56_-112,2026-09-15,0,Alberta,56.5,-111.5,11.916559885473685,52.00832517218041,15.150419530849408,0.028643089519397747,14.831534813775653,0.029426603,0.00036769436,0.029411764705882353,1.0005044899880886,52,1
56_-112,2026-09-16,1,Alberta,56.5,-111.5,9.2,60.0,5.2,0.4,10.103514577635934,0.023706896,0.00019753922,0.029411764705882353,0.8060344718396664,81,0
56_-112,2026-09-17,2,Alberta,56.5,-111.5,16.6,52.0,10.7,0.0,14.495946264193377,0.029426603,0.00036769436,0.029411764705882353,1.0005044899880886,55,1
56_-112,2026-09-18,3,Alberta,56.5,-111.5,16.9,46.0,5.8,0.0,13.68457824997466,0.031681307,0.00036769436,0.029411764705882353,1.077164426445961,58,1
56_-112,2026-09-19,4,Alberta,56.5,-111.5,20.2,40.0,19.6,0.0,27.784691391837722,0.03429977,0.0011269277,0.029411764705882353,1.1661921292543411,47,1
56_-112,2026-09-20,5,Alberta,56.5,-111.5,21.0,46.0,8.0,0.0,18.78495262790526,0.039974753,0.00086677365,0.029411764705882353,1.3591415956616402,47,1
56_-112,2026-09-21,6,Alberta,56.5,-111.5,22.2,47.0,4.3,0.0,16.753559252992094,0.04981479,0.00086677365,0.029411764705882353,1.6937028765678406,35,1
56_-112,2026-09-22,7,Alberta,56.5,-111.5,19.1,65.0,8.3,0.0,15.6731439531106,0.03429977,0.0007264472,0.029411764705882353,1.1661921292543411,50,1
56_-113,2026-09-15,0,Alberta,56.5,-112.5,11.284812395911356,60.52167692798,7.3621676800526075,0.24813221651979062,11.528663799905967,0.017114606,0.00036769436,0.021568627450980392,0.7934953577139161,112,0
56_-113,2026-09-16,1,Alberta,56.5,-112.5,9.5,63.0,4.5,0.30000000000000004,9.001949913483905,0.01158889,0.00019753922,0.021568627450980392,0.5373030867088925,175,0
56_-113,2026-09-17,2,Alberta,56.5,-112.5,16.1,56.0,8.5,0.0,12.878381575505442,0.019046638,0.00036769436,0.021568627450980392,0.8830714056437666,115,0
56_-113,2026-09-18,3,Alberta,56.5,-112.5,16.2,52.0,3.5,0.0,11.842700385941665,0.021778585,0.00036769436,0.021568627450980392,1.0097344135018913,113,0
56_-113,2026-09-19,4,Alberta,56.5,-112.5,18.5,48.0,16.2,0.0,22.23541922844251,0.027721774,0.00080679386,0.021568627450980392,1.2852822413498706,90,0
56_-113,2026-09-20,5,Alberta,56.5,-112.5,19.4,53.0,8.1,0.1,16.796741167387797,0.027721774,0.00046264168,0.021568627450980392,1.2852822413498706,97,0
56_-113,2026-09-21,6,Alberta,56.5,-112.5,20.3,54.0,4.1,0.0,14.671819839579028,0.031681307,0.00046264168,0.021568627450980392,1.4688605815172195,75,1
56_-113,2026-09-22,7,Alberta,56.5,-112.5,17.8,60.0,12.1,0.6000000000000001,16.119349828938045,0.024334805,0.00036769436,0.021568627450980392,1.128250053999099,121,0
56_-114,2026-09-15,0,Alberta,56.5,-113.5,10.60393848312187,71.95250952545985,10.967037817452885,1.4986415262039448,1.5346914607621538,0.01158889,0.00016979082,0.021568627450980392,0.5373030867088925,184,0
56_-114,2026-09-16,1,Alberta,56.5,-113.5,9.8,67.0,4.7,2.5,0.4306903735185289,0.009431681,0.00013172916,0.021568627450980392,0.43728701262311503,190,0
56_-114,2026-09-17,2,Alberta,56.5,-113.5,15.3,60.0,9.3,0.0,1.6220319228426532,0.013233952,0.00016979082,0.021568627450980392,0.6135741485790773,149,0
56_-114,2026-09-18,3,Alberta,56.5,-113.5,16.9,44.0,1.9,0.0,3.1766106576872715,0.019046638,0.00019753922,0.021568627450980392,0.8830714056437666,126,0
56_-114,2026-09-19,4,Alberta,56.5,-113.5,18.1,53.0,12.9,0.0,8.572137933873865,0.019046638,0.00036769436,0.021568627450980392,0.8830714056437666,131,0
56_-114,2026-09-20,5,Alberta,56.5,-113.5,19.1,49.0,7.6,0.0,8.442225659307038,0.026660934,0.00036769436,0.021568627450980392,1.2360978532921185,105,0
56_-114,2026-09-21,6,Alberta,56.5,-113.5,20.4,47.0,2.6,0.0,7.830510992654495,0.031681307,0.00046264168,0.021568627450980392,1.4688605815172195,76,1
56_-114,2026-09-22,7,Alberta,56.5,-113.5,17.2,55.0,11.5,0.0,11.799624586099323,0.024334805,0.00046264168,0.021568627450980392,1.128250053999099,122,0
56_-115,2026-09-15,0,Alberta,56.5,-114.5,10.90630785043719,68.2230140667693,9.231788017732637,2.530617273942645,0.9404372390650046,0.01158889,0.00016979082,0.03529411764705882,0.32835188632210094,185,0
56_-115,2026-09-16,1,Alberta,56.5,-114.5,9.9,61.0,9.3,0.6000000000000001,1.6555985314236419,0.01158889,0.00013172916,0.03529411764705882,0.32835188632210094,176,0
56_-115,2026-09-17,2,Alberta,56.5,-114.5,13.6,61.0,9.9,0.0,3.6897864665006694,0.013666987,0.00016979082,0.03529411764705882,0.3872313102086385,141,0
56_-115,2026-09-18,3,Alberta,56.5,-114.5,16.1,38.0,5.0,0.0,6.637414342543574,0.024334805,0.00036769436,0.03529411764705882,0.6894861441105604,100,0
56_-115,2026-09-19,4,Alberta,56.5,-114.5,16.9,57.0,11.2,0.0,9.213529220410226,0.027218936,0.00036769436,0.03529411764705882,0.7712031869838635,94,0
56_-115,2026-09-20,5,Alberta,56.5,-114.5,18.5,44.0,9.9,0.0,10.925667399412191,0.031681307,0.00036769436,0.03529411764705882,0.8976370220383009,79,0
56_-115,2026-09-21,6,Alberta,56.5,-114.5,19.6,40.0,6.9,0.0,11.507943127459425,0.031681307,0.00046264168,0.03529411764705882,0.8976370220383009,77,1
56_-115,2026-09-22,7,Alberta,56.5,-114.5,13.9,66.0,13.8,0.0,11.432302804511853,0.027721774,0.00036769436,0.03529411764705882,0.7854502586026987,97,0
56_-116,2026-09-15,0,Alberta,56.5,-115.5,11.385639284424247,63.801992460204524,10.116189202395448,4.2497823083320485,0.39899230594328045,0.01158889,0.00019753922,0.03333333333333333,0.3476667031645775,186,0
56_-116,2026-09-16,1,Alberta,56.5,-115.5,12.6,52.0,10.1,0.4,1.3046019595650196,0.01158889,0.00016979082,0.03333333333333333,0.3476667031645775,177,0
56_-116,2026-09-17,2,Alberta,56.5,-115.5,14.2,62.0,9.2,0.0,2.9801117606330045,0.013666987,0.00016979082,0.03333333333333333,0.41000962257385254,142,0
56_-116,2026-09-18,3,Alberta,56.5,-115.5,16.6,50.0,1.1,0.0,3.53642869686009,0.021778585,0.00019753922,0.03333333333333333,0.6533575616776943,114,0
56_-116,2026-09-19,4,Alberta,56.5,-115.5,18.1,60.0,8.3,0.0,6.249268669618812,0.023706896,0.00036769436,0.03333333333333333,0.7112068869173527,116,0
56_-116,2026-09-20,5,Alberta,56.5,-115.5,18.7,49.0,7.0,0.0,7.834793168760614,0.027218936,0.00036769436,0.03333333333333333,0.8165680803358555,103,0
56_-116,2026-09-21,6,Alberta,56.5,-115.5,19.0,48.0,2.2,0.0,7.225105281788047,0.031681307,0.00036769436,0.03333333333333333,0.9504391998052597,78,1
56_-116,2026-09-22,7,Alberta,56.5,-115.5,14.1,63.0,13.5,0.0,10.597951471918128,0.024334805,0.00036769436,0.03333333333333333,0.7300441525876522,123,0
56_-117,2026-09-15,0,Alberta,56.5,-116.5,9.451333017793333,80.97447592815153,10.453142316756031,1.2372759334130536,3.8752528300485283,0.019046638,0.00016979082,0.03333333333333333,0.5713991448283195,103,0
56_-117,2026-09-16,1,Alberta,56.5,-116.5,13.8,47.0,10.9,0.9,4.473225172078381,0.020055054,0.00016979082,0.03333333333333333,0.6016516126692295,94,0
56_-117,2026-09-17,2,Alberta,56.5,-116.5,12.8,64.0,5.6,0.0,4.461793980932542,0.019046638,0.00016979082,0.03333333333333333,0.5713991448283195,116,0
56_-117,2026-09-18,3,Alberta,56.5,-116.5,17.3,47.0,4.2,0.0,6.938387267789576,0.027721774,0.00019753922,0.03333333333333333,0.8316532149910927,82,0
56_-117,2026-09-19,4,Alberta,56.5,-116.5,18.1,54.0,7.9,0.0,9.033324847209906,0.029426603,0.00036769436,0.03333333333333333,0.8827980794012547,80,0
56_-117,2026-09-20,5,Alberta,56.5,-116.5,19.1,42.0,9.2,0.0,12.439387865752852,0.03278111,0.00036769436,0.03333333333333333,0.9834332764148712,62,1
56_-117,2026-09-21,6,Alberta,56.5,-116.5,18.3,50.0,5.0,0.0,10.917681746391004,0.031681307,0.00036769436,0.03333333333333333,0.9504391998052597,79,0
56_-117,2026-09-22,7,Alberta,56.5,-116.5,12.7,64.0,13.1,0.0,12.274514501703687,0.02867302,0.00036769436,0.03333333333333333,0.8601905778050423,88,0
56_-118,2026-09-15,0,Alberta,56.5,-117.5,9.403902609609174,84.52762618138509,10.478762068294815,0.36903152311247933,4.49321369502189,0.021778585,0.00019753922,0.0392156862745098,0.5553539274260402,85,0
56_-118,2026-09-16,1,Alberta,56.5,-117.5,11.5,60.0,11.1,0.6,5.430630046078048,0.020055054,0.00013172916,0.0392156862745098,0.5114038707688451,95,0
56_-118,2026-09-17,2,Alberta,56.5,-117.5,15.5,52.0,3.4,0.0,5.6001746668964465,0.029426603,0.00016979082,0.0392156862745098,0.7503783674910665,56,1
56_-118,2026-09-18,3,Alberta,56.5,-117.5,15.9,59.0,3.6,0.0,6.207793563788702,0.027721774,0.00019753922,0.0392156862745098,0.7069052327424288,83,0
56_-118,2026-09-19,4,Alberta,56.5,-117.5,17.1,60.0,10.5,0.0,9.008685600093367,0.029426603,0.00036769436,0.0392156862745098,0.7503783674910665,81,0
56_-118,2026-09-20,5,Alberta,56.5,-117.5,16.7,52.0,11.2,0.0,10.78442731986846,0.031681307,0.00036769436,0.0392156862745098,0.8078733198344707,80,0
56_-118,2026-09-21,6,Alberta,56.5,-117.5,18.5,48.0,7.4,0.0,10.735260961468203,0.031681307,0.00036769436,0.0392156862745098,0.8078733198344707,80,0
56_-118,2026-09-22,7,Alberta,56.5,-117.5,13.0,61.0,15.2,0.6000000000000001,11.406237175564593,0.026660934,0.00019753922,0.0392156862745098,0.6798538193106651,109,0
56_-119,2026-09-15,0,Alberta,56.5,-118.5,9.999415998710091,73.82285621566714,9.010300641191472,0.6645438878836452,4.368828007104701,0.017114606,0.00016979082,0.027450980392156862,0.6234606382037913,113,0
56_-119,2026-09-16,1,Alberta,56.5,-118.5,12.8,50.0,9.0,0.1,7.0745467442727,0.017114606,0.00013172916,0.027450980392156862,0.6234606382037913,115,0
56_-119,2026-09-17,2,Alberta,56.5,-118.5,16.3,45.0,3.3,0.0,7.68347704209144,0.024334805,0.00019753922,0.027450980392156862,0.8864821852850062,87,0
56_-119,2026-09-18,3,Alberta,56.5,-118.5,15.8,49.0,2.1,0.0,7.852864715866677,0.027218936,0.00019753922,0.027450980392156862,0.9915469546935388,87,0
56_-119,2026-09-19,4,Alberta,56.5,-118.5,17.0,50.0,11.1,0.0,12.118431265336072,0.024334805,0.00036769436,0.027450980392156862,0.8864821852850062,110,0
56_-119,2026-09-20,5,Alberta,56.5,-118.5,16.5,46.0,12.1,0.0,13.76060504095487,0.023706896,0.00036769436,0.027450980392156862,0.8636083626853568,123,0
56_-119,2026-09-21,6,Alberta,56.5,-118.5,17.3,46.0,8.3,0.0,12.515934901474314,0.023706896,0.00036769436,0.027450980392156862,0.8636083626853568,123,0
56_-119,2026-09-22,7,Alberta,56.5,-118.5,11.0,65.0,16.3,0.0,14.073700315837687,0.019046638,0.00019753922,0.027450980392156862,0.6938418187201023,150,0
56_-120,2026-09-15,0,Alberta,56.5,-119.5,12.701303845716486,58.30095827526085,11.36769397101259,1.4873683886744302,5.371494090834404,0.01158889,0.00014076142,0.01764705882352941,0.6567037726442019,187,0
56_-120,2026-09-16,1,Alberta,56.5,-119.5,11.9,51.0,4.4,0.0,4.6358563890719,0.01158889,0.00019753922,0.01764705882352941,0.6567037726442019,178,0
56_-120,2026-09-17,2,Alberta,56.5,-119.5,17.6,46.0,4.9,0.0,8.386263628752063,0.017114606,0.00036769436,0.01764705882352941,0.9698276594281197,129,0
56_-120,2026-09-18,3,Alberta,56.5,-119.5,15.4,51.0,4.3,0.0,8.914972860134425,0.019046638,0.00036769436,0.01764705882352941,1.079309495786826,127,0
56_-120,2026-09-19,4,Alberta,56.5,-119.5,15.4,56.0,3.1,0.0,8.730775186453258,0.020055054,0.00036769436,0.01764705882352941,1.1364530461529891,121,0
56_-120,2026-09-20,5,Alberta,56.5,-119.5,15.3,51.0,2.8,0.0,8.990614701569884,0.023706896,0.00036769436,0.01764705882352941,1.3433907863994439,124,0
56_-120,2026-09-21,6,Alberta,56.5,-119.5,15.8,54.0,5.3,0.0,10.304444626402615,0.019046638,0.00036769436,0.01764705882352941,1.079309495786826,139,0
56_-120,2026-09-22,7,Alberta,56.5,-119.5,13.2,55.0,12.9,1.5,6.09449846429593,0.013233952,0.00019753922,0.01764705882352941,0.7499239593744278,177,0
56_-121,2026-09-15,0,British Columbia,56.5,-120.5,14.014413202175305,40.90822637437295,12.380612063933746,0.4188313578002341,18.307615776200397,0.024334805,0.00019753922,0.03333333333333333,0.7300441525876522,76,1
56_-121,2026-09-16,1,British Columbia,56.5,-120.5,14.9,45.0,9.7,0.0,15.306123813613569,0.024334805,0.00036769436,0.03333333333333333,0.7300441525876522,74,1
56_-121,2026-09-17,2,British Columbia,56.5,-120.5,17.5,44.0,7.6,0.0,16.177847156658558,0.027721774,0.00036769436,0.03333333333333333,0.8316532149910927,65,1
56_-121,2026-09-18,3,British Columbia,56.5,-120.5,17.4,43.0,5.8,0.0,16.08344269485636,0.029426603,0.00046264168,0.03333333333333333,0.8827980794012547,69,1
56_-121,2026-09-19,4,British Columbia,56.5,-120.5,17.5,50.0,14.5,0.0,22.611857942551172,0.031681307,0.0007264472,0.03333333333333333,0.9504391998052597,66,1
56_-121,2026-09-20,5,British Columbia,56.5,-120.5,18.9,41.0,14.5,0.0,24.388624561272533,0.031681307,0.00086677365,0.03333333333333333,0.9504391998052597,81,0
56_-121,2026-09-21,6,British Columbia,56.5,-120.5,15.1,58.0,6.3,0.2,15.9335805461577,0.029426603,0.00036769436,0.03333333333333333,0.8827980794012547,87,0
56_-121,2026-09-22,7,British Columbia,56.5,-120.5,13.0,54.0,17.7,3.0999999999999996,6.290650680222448,0.020055054,0.00036769436,0.03333333333333333,0.6016516126692295,140,0
56_-122,2026-09-15,0,British Columbia,56.5,-121.5,13.643578496787836,47.55842395796977,7.306238518709765,0.7430659425641599,8.653656661808343,0.023706896,0.00019753922,0.03725490196078431,0.6363430040839472,81,0
56_-122,2026-09-16,1,British Columbia,56.5,-121.5,15.3,43.0,10.3,0.0,11.143246373097195,0.024334805,0.00036769436,0.03725490196078431,0.6531973996836888,75,1
56_-122,2026-09-17,2,British Columbia,56.5,-121.5,17.2,39.0,10.6,0.0,15.325762438630587,0.029426603,0.00046264168,0.03725490196078431,0.78987196578007,57,1
56_-122,2026-09-18,3,British Columbia,56.5,-121.5,16.1,44.0,8.5,0.0,14.56270109764824,0.029426603,0.00046264168,0.03725490196078431,0.78987196578007,70,1
56_-122,2026-09-19,4,British Columbia,56.5,-121.5,14.8,60.0,9.6,0.0,13.42989251766281,0.027721774,0.00046264168,0.03725490196078431,0.7441107713078198,91,0
56_-122,2026-09-20,5,British Columbia,56.5,-121.5,16.8,46.0,16.8,0.0,19.128508223983687,0.029426603,0.0007264472,0.03725490196078431,0.78987196578007,91,0
56_-122,2026-09-21,6,British Columbia,56.5,-121.5,12.2,76.0,7.2,0.3,9.412790267675383,0.023706896,0.00036769436,0.03725490196078431,0.6363430040839472,124,0
56_-122,2026-09-22,7,British Columbia,56.5,-121.5,11.2,63.0,13.6,3.0,3.188456206986931,0.020055054,0.00036769436,0.03725490196078431,0.5383198639672053,141,0
56_-123,2026-09-15,0,British Columbia,56.5,-122.5,16.94249344728999,29.37109390162791,3.129314291406751,0.0,7.195482068541703,0.0085633695,0.00016979082,0.0058823529411764705,1.4557728171348572,233,0
56_-123,2026-09-16,1,British Columbia,56.5,-122.5,17.2,33.0,13.3,0.0,19.410305304692283,0.008237548,0.00019753922,0.0058823529411764705,1.4003831893205643,247,0
56_-123,2026-09-17,2,British Columbia,56.5,-122.5,17.0,38.0,11.4,0.0,19.111994808278506,0.008910148,0.00019753922,0.0058823529411764705,1.5147252287715673,215,0
56_-123,2026-09-18,3,British Columbia,56.5,-122.5,15.3,47.0,7.5,0.0,16.447318714077245,0.008237548,0.00019753922,0.0058823529411764705,1.4003831893205643,248,0
56_-123,2026-09-19,4,British Columbia,56.5,-122.5,17.9,36.0,13.5,0.0,22.395449194538067,0.0085633695,0.00036769436,0.0058823529411764705,1.4557728171348572,237,0
56_-123,2026-09-20,5,British Columbia,56.5,-122.5,16.4,48.0,9.6,0.0,18.695488657473202,0.0085633695,0.00019753922,0.0058823529411764705,1.4557728171348572,240,0
56_-123,2026-09-21,6,British Columbia,56.5,-122.5,14.6,56.0,6.3,0.0,14.56839832776975,0.006459243,0.00016979082,0.0058823529411764705,1.098071332089603,296,0
56_-123,2026-09-22,7,British Columbia,56.5,-122.5,11.6,54.0,12.2,0.30000000000000004,17.430694138889784,0.005107495,0.00013172916,0.0058823529411764705,0.868274150416255,338,0
56_-124,2026-09-15,0,British Columbia,56.5,-123.5,16.823895635933926,30.577650946804233,6.411312163653149,0.014537726414988105,4.235945059895098,0.00510037,0.00019753922,0.00392156862745098,1.300594329368323,363,0
56_-124,2026-09-16,1,British Columbia,56.5,-123.5,10.6,54.0,18.3,0.0,10.370625799004186,0.003292181,0.00016979082,0.00392156862745098,0.8395061711780727,457,0
56_-124,2026-09-17,2,British Columbia,56.5,-123.5,10.5,58.0,19.8,0.0,11.754247967548523,0.0034599912,0.00016979082,0.00392156862745098,0.8822977531235665,416,0
56_-124,2026-09-18,3,British Columbia,56.5,-123.5,13.3,46.0,10.3,0.0,10.073423271521634,0.0034599912,0.00016979082,0.00392156862745098,0.8822977531235665,401,0
56_-124,2026-09-19,4,British Columbia,56.5,-123.5,11.3,60.0,22.2,0.0,16.062106094820724,0.0034599912,0.00016979082,0.00392156862745098,0.8822977531235665,401,0
56_-124,2026-09-20,5,British Columbia,56.5,-123.5,11.3,63.0,22.2,0.30000000000000004,15.573974313739374,0.0034599912,0.00016979082,0.00392156862745098,0.8822977531235665,408,0
56_-124,2026-09-21,6,British Columbia,56.5,-123.5,7.6,84.0,11.2,1.2000000000000002,3.2453514038565645,0.0020446682,0.00013172916,0.00392156862745098,0.5213903880212456,524,0
56_-124,2026-09-22,7,British Columbia,56.5,-123.5,5.1,78.0,14.3,5.3,0.16463495779282675,0.0015167142,0.0,0.00392156862745098,0.3867621277458966,577,0
56_-125,2026-09-15,0,British Columbia,56.5,-124.5,14.980212952007916,34.118840586301765,4.418645739760422,0.0,7.864284390279038,0.008237548,0.00019753922,0.011764705882352941,0.7001915946602821,253,0
56_-125,2026-09-16,1,British Columbia,56.5,-124.5,14.6,58.0,6.5,0.0,8.380748750330055,0.006459243,0.00019753922,0.011764705882352941,0.5490356660448015,279,0
56_-125,2026-09-17,2,British Columbia,56.5,-124.5,15.5,49.0,7.9,0.0,9.629930822771506,0.008237548,0.00019753922,0.011764705882352941,0.7001915946602821,250,0
56_-125,2026-09-18,3,British Columbia,56.5,-124.5,15.2,61.0,7.6,0.0,9.428944317459417,0.005107495,0.00019753922,0.011764705882352941,0.4341370752081275,302,0
56_-125,2026-09-19,4,British Columbia,56.5,-124.5,16.7,50.0,5.9,0.0,9.41722823411618,0.0085633695,0.00036769436,0.011764705882352941,0.7278864085674286,238,0
56_-125,2026-09-20,5,British Columbia,56.5,-124.5,14.8,63.0,12.4,0.0,11.720060536103672,0.005107495,0.00032771265,0.011764705882352941,0.4341370752081275,311,0
56_-125,2026-09-21,6,British Columbia,56.5,-124.5,10.8,88.0,3.6,1.0,2.4121257373093443,0.00510037,0.00016979082,0.011764705882352941,0.43353144312277436,349,0
56_-125,2026-09-22,7,British Columbia,56.5,-124.5,10.0,86.0,8.9,8.5,0.016172746692731103,0.0034599912,0.00010140445,0.011764705882352941,0.29409925104118884,428,0
56_-126,2026-09-15,0,British Columbia,56.5,-125.5,13.185608409643764,34.7779202016673,3.5905852896568957,0.0,6.302552794781489,0.008237548,0.00019753922,0.00980392156862745,0.8402299135923386,254,0
56_-126,2026-09-16,1,British Columbia,56.5,-125.5,13.3,48.0,9.6,0.0,8.64712960572117,0.008237548,0.00019753922,0.00980392156862745,0.8402299135923386,248,0
56_-126,2026-09-17,2,British Columbia,56.5,-125.5,11.6,52.0,9.5,0.0,8.971723121418316,0.006459243,0.00016979082,0.00980392156862745,0.6588427992537618,278,0
56_-126,2026-09-18,3,British Columbia,56.5,-125.5,13.2,47.0,1.3,0.0,6.505341629312897,0.006459243,0.00016979082,0.00980392156862745,0.6588427992537618,284,0
56_-126,2026-09-19,4,British Columbia,56.5,-125.5,12.1,56.0,11.9,0.0,10.348381990467892,0.006459243,0.00019753922,0.00980392156862745,0.6588427992537618,289,0
56_-126,2026-09-20,5,British Columbia,56.5,-125.5,10.1,83.0,5.9,1.5,1.360148380317784,0.00510037,0.00010140445,0.00980392156862745,0.5202377317473292,336,0
56_-126,2026-09-21,6,British Columbia,56.5,-125.5,5.9,99.0,3.6,1.0,0.6908293614402752,0.0034599912,0.00010140445,0.00980392156862745,0.3529191012494266,418,0
56_-126,2026-09-22,7,British Columbia,56.5,-125.5,5.7,90.0,2.3,3.5,0.01762855861544541,0.0034599912,0.0,0.00980392156862745,0.3529191012494266,429,0
56_-127,2026-09-15,0,British Columbia,56.5,-126.5,13.880332911022927,40.611972571972885,5.251308140867771,0.0,6.602880142587539,0.00510037,0.00010140445,0.0058823529411764705,0.8670628862455487,364,0
56_-127,2026-09-16,1,British Columbia,56.5,-126.5,6.9,60.0,9.5,0.0,7.054936435118807,0.0034599912,0.00010140445,0.0058823529411764705,0.5881985020823777,425,0
56_-127,2026-09-17,2,British Columbia,56.5,-126.5,5.9,61.0,8.3,0.0,6.264222489153562,0.0034599912,0.0,0.0058823529411764705,0.5881985020823777,417,0
56_-127,2026-09-18,3,British Columbia,56.5,-126.5,8.7,54.0,7.1,0.0,6.1452567016313004,0.0034599912,0.0,0.0058823529411764705,0.5881985020823777,402,0
56_-127,2026-09-19,4,British Columbia,56.5,-126.5,6.1,71.0,12.5,1.0,3.310840097145461,0.003292181,0.0,0.0058823529411764705,0.5596707807853818,443,0
56_-127,2026-09-20,5,British Columbia,56.5,-126.5,3.6,97.0,11.7,4.2,0.019789338161031,0.003292181,0.0,0.0058823529411764705,0.5596707807853818,451,0
56_-127,2026-09-21,6,British Columbia,56.5,-126.5,2.4,90.0,2.8,2.3,0.0021811662866632682,0.003292181,0.0,0.0058823529411764705,0.5596707807853818,471,0
56_-127,2026-09-22,7,British Columbia,56.5,-126.5,0.8,90.0,8.3,3.5,0.00028934631049833316,0.0022243848,0.0,0.0058823529411764705,0.3781454171985388,502,0
56_-128,2026-09-15,0,British Columbia,56.5,-127.5,14.25257395955528,46.83186618280715,5.187137325093824,0.0,5.891365144244637,0.0034599912,0.0,0.00196078431372549,1.764595506247133,443,0
56_-128,2026-09-16,1,British Columbia,56.5,-127.5,12.7,57.0,6.9,0.0,6.742753742753625,0.0022243848,0.0,0.00196078431372549,1.1344362515956163,491,0
56_-128,2026-09-17,2,British Columbia,56.5,-127.5,10.8,65.0,5.8,0.0,5.719099739622573,0.0020446682,0.0,0.00196078431372549,1.0427807760424912,521,0
56_-128,2026-09-18,3,British Columbia,56.5,-127.5,12.8,58.0,2.2,0.0,5.02133484010286,0.0020446682,0.0,0.00196078431372549,1.0427807760424912,509,0
56_-128,2026-09-19,4,British Columbia,56.5,-127.5,10.5,84.0,5.3,2.0,0.6653914346218054,0.0015167142,0.0,0.00196078431372549,0.7735242554917932,554,0
56_-128,2026-09-20,5,British Columbia,56.5,-127.5,8.3,97.0,4.8,4.3,0.0028022153569477225,0.0007248675,0.0,0.00196078431372549,0.3696824301732704,629,0
56_-128,2026-09-21,6,British Columbia,56.5,-127.5,7.1,89.0,2.2,3.8,0.00015652917204884515,0.000804364,0.0,0.00196078431372549,0.4102256312035024,602,0
56_-128,2026-09-22,7,British Columbia,56.5,-127.5,6.1,89.0,5.5,4.3,5.1403501552127604e-05,0.0007248675,0.0,0.00196078431372549,0.3696824301732704,642,0
56_-130,2026-09-15,0,British Columbia,56.5,-129.5,16.93873882817704,50.54074395746711,1.6678989019722512,0.0,5.912215224105303,0.006459243,0.00013172916,0.0058823529411764705,1.098071332089603,291,0
56_-130,2026-09-16,1,British Columbia,56.5,-129.5,10.3,66.0,3.6,0.0,5.722068043491515,0.003771806,0.00010140445,0.0058823529411764705,0.6412070035003126,366,0
56_-130,2026-09-17,2,British Columbia,56.5,-129.5,12.0,64.0,2.2,0.0,5.467546950707041,0.0034599912,4.390893e-06,0.0058823529411764705,0.5881985020823777,418,0
56_-130,2026-09-18,3,British Columbia,56.5,-129.5,11.2,65.0,1.9,0.0,5.381749776394189,0.0034599912,0.0,0.0058823529411764705,0.5881985020823777,403,0
56_-130,2026-09-19,4,British Columbia,56.5,-129.5,8.9,95.0,6.2,1.2000000000000002,1.4368067488470422,0.0034599912,0.0,0.0058823529411764705,0.5881985020823777,402,0
56_-130,2026-09-20,5,British Columbia,56.5,-129.5,9.0,93.0,6.0,12.400000000000002,0.00024302672027304872,0.0034599912,0.0,0.0058823529411764705,0.5881985020823777,409,0
56_-130,2026-09-21,6,British Columbia,56.5,-129.5,8.8,84.0,3.4,17.6,8.742412282581134e-06,0.0034599912,0.0,0.0058823529411764705,0.5881985020823777,419,0
56_-130,2026-09-22,7,British Columbia,56.5,-129.5,6.2,95.0,4.8,12.3,9.461310826610306e-08,0.003292181,0.0,0.0058823529411764705,0.5596707807853818,470,0
56_-131,2026-09-15,0,British Columbia,56.5,-130.5,16.013615059934125,58.09057438657236,4.325682508127724,0.0,4.241741992393251,0.003292181,0.0,0.00196078431372549,1.6790123423561454,484,0
56_-131,2026-09-16,1,British Columbia,56.5,-130.5,11.9,87.0,7.6,0.1,3.2219798205798127,0.0020446682,0.0,0.00196078431372549,1.0427807760424912,527,0
56_-131,2026-09-17,2,British Columbia,56.5,-130.5,13.8,78.0,6.3,2.2,0.6117073464695464,0.0020446682,0.0,0.00196078431372549,1.0427807760424912,522,0
56_-131,2026-09-18,3,British Columbia,56.5,-130.5,12.9,70.0,2.7,0.0,0.7135778058920648,0.0020446682,0.0,0.00196078431372549,1.0427807760424912,510,0
56_-131,2026-09-19,4,British Columbia,56.5,-130.5,12.4,94.0,5.5,4.5,0.01182914270445306,0.0015167142,0.0,0.00196078431372549,0.7735242554917932,555,0
56_-131,2026-09-20,5,British Columbia,56.5,-130.5,10.4,94.0,5.7,25.7,6.229244177426727e-07,0.0015167142,0.0,0.00196078431372549,0.7735242554917932,557,0
56_-131,2026-09-21,6,British Columbia,56.5,-130.5,11.9,79.0,2.3,5.7,4.73183247932548e-05,0.0020446682,0.0,0.00196078431372549,1.0427807760424912,525,0
56_-131,2026-09-22,7,British Columbia,56.5,-130.5,10.0,91.0,3.2,3.3,2.4098012850230495e-05,0.0020446682,0.0,0.00196078431372549,1.0427807760424912,530,0
56_-94,2026-09-15,0,Manitoba,56.5,-93.5,4.717692412960959,93.20397448178778,31.269746186370313,2.457689675976033,3.537564821899884,0.0015167142,0.0,0.00196078431372549,0.7735242554917932,589,0
56_-94,2026-09-16,1,Manitoba,56.5,-93.5,11.8,64.0,14.0,4.1,0.2794849709383625,0.0015167142,0.0,0.00196078431372549,0.7735242554917932,575,0
56_-94,2026-09-17,2,Manitoba,56.5,-93.5,8.4,57.0,13.7,2.8,0.259409853204125,0.0015167142,0.0,0.00196078431372549,0.7735242554917932,564,0
56_-94,2026-09-18,3,Manitoba,56.5,-93.5,13.9,59.0,19.7,0.0,0.9662776562237222,0.0015167142,0.0,0.00196078431372549,0.7735242554917932,549,0
56_-94,2026-09-19,4,Manitoba,56.5,-93.5,10.1,55.0,18.0,1.6,0.8377420789264597,0.0015167142,0.0,0.00196078431372549,0.7735242554917932,556,0
56_-94,2026-09-20,5,Manitoba,56.5,-93.5,13.7,51.0,12.9,0.0,2.5195774125319432,0.0020446682,0.0,0.00196078431372549,1.0427807760424912,513,0
56_-94,2026-09-21,6,Manitoba,56.5,-93.5,15.6,66.0,11.3,1.5,0.8509435874013017,0.0020446682,0.0,0.00196078431372549,1.0427807760424912,526,0
56_-94,2026-09-22,7,Manitoba,56.5,-93.5,19.0,61.0,15.4,0.0,4.16215560601773,0.0020446682,0.0,0.00196078431372549,1.0427807760424912,531,0
56_-95,2026-09-15,0,Manitoba,56.5,-94.5,4.808769622487385,93.3478466753266,32.675392836352785,0.9183453174821318,3.9423099960373187,0.0007248675,0.0,0.0,,649,0
56_-95,2026-09-16,1,Manitoba,56.5,-94.5,11.9,62.0,13.3,3.8,0.3402560546805979,0.0007248675,0.0,0.0,,639,0
56_-95,2026-09-17,2,Manitoba,56.5,-94.5,8.9,49.0,9.4,5.0,0.12230321816336918,0.0007248675,0.0,0.0,,643,0
56_-95,2026-09-18,3,Manitoba,56.5,-94.5,14.5,64.0,21.0,0.0,0.8736785814364977,0.0007248675,0.0,0.0,,620,0
56_-95,2026-09-19,4,Manitoba,56.5,-94.5,10.7,52.0,17.2,0.2,2.56103839498743,0.0007248675,0.0,0.0,,628,0
56_-95,2026-09-20,5,Manitoba,56.5,-94.5,14.3,55.0,13.9,0.0,3.9722165708450907,0.0012195122,0.0,0.0,,588,0
56_-95,2026-09-21,6,Manitoba,56.5,-94.5,15.9,66.0,11.6,2.7,0.5662816189113429,0.0012195122,0.0,0.0,,600,0
56_-95,2026-09-22,7,Manitoba,56.5,-94.5,19.3,60.0,15.6,0.0,2.879093329346587,0.0015167142,0.0,0.0,,578,0
56_-96,2026-09-15,0,Manitoba,56.5,-95.5,4.5084990780832355,92.89544560689704,27.422442501130945,5.115789447956208,2.5905468499922297,0.0007248675,0.0,0.0,,650,0
56_-96,2026-09-16,1,Manitoba,56.5,-95.5,12.1,62.0,12.6,3.3000000000000003,0.2619569708036695,0.0007248675,0.0,0.0,,640,0
56_-96,2026-09-17,2,Manitoba,56.5,-95.5,8.8,51.0,8.0,1.3,0.39260315633079396,0.0007248675,0.0,0.0,,644,0
56_-96,2026-09-18,3,Manitoba,56.5,-95.5,14.8,66.0,19.9,0.30000000000000004,2.120162606974604,0.0007248675,0.0,0.0,,621,0
56_-96,2026-09-19,4,Manitoba,56.5,-95.5,11.0,52.0,16.3,0.10000000000000006,3.904040472888988,0.0007248675,0.0,0.0,,629,0
56_-96,2026-09-20,5,Manitoba,56.5,-95.5,13.5,62.0,13.3,0.0,4.118230906149478,0.0007248675,0.0,0.0,,630,0
56_-96,2026-09-21,6,Manitoba,56.5,-95.5,15.6,69.0,10.6,6.0,0.24787179428916623,0.0007248675,0.0,0.0,,635,0
56_-96,2026-09-22,7,Manitoba,56.5,-95.5,18.7,64.0,14.7,0.0,0.962750360030023,0.0012195122,0.0,0.0,,609,0
56_-97,2026-09-15,0,Manitoba,56.5,-96.5,4.132882246977324,92.38772994911913,19.574856253695813,11.729491741367912,0.5447160956769479,0.002782071,0.00013172916,0.00392156862745098,0.7094281073659658,500,0
56_-97,2026-09-16,1,Manitoba,56.5,-96.5,11.0,67.0,14.0,3.1,0.07879585189389725,0.002782071,0.00013172916,0.00392156862745098,0.7094281073659658,474,0
56_-97,2026-09-17,2,Manitoba,56.5,-96.5,7.6,61.0,5.6,4.2,0.024289782631934365,0.0020446682,0.00010140445,0.00392156862745098,0.5213903880212456,523,0
56_-97,2026-09-18,3,Manitoba,56.5,-96.5,14.1,68.0,18.7,1.2000000000000002,0.46766549904816707,0.0034599912,0.00013172916,0.00392156862745098,0.8822977531235665,404,0
56_-97,2026-09-19,4,Manitoba,56.5,-96.5,11.1,50.0,14.7,0.2,0.8689990807883228,0.003292181,0.00013172916,0.00392156862745098,0.8395061711780727,444,0
56_-97,2026-09-20,5,Manitoba,56.5,-96.5,12.0,71.0,15.3,0.0,1.9266770328906382,0.003292181,0.00013172916,0.00392156862745098,0.8395061711780727,452,0
56_-97,2026-09-21,6,Manitoba,56.5,-96.5,15.1,70.0,11.9,0.30000000000000004,2.3237878055945935,0.0034599912,0.00013172916,0.00392156862745098,0.8822977531235665,420,0
56_-97,2026-09-22,7,Manitoba,56.5,-96.5,17.6,69.0,17.0,0.0,4.292611992229884,0.0034599912,0.00016979082,0.00392156862745098,0.8822977531235665,430,0
56_-98,2026-09-15,0,Manitoba,56.5,-97.5,4.114366652213634,90.58549775593585,14.894056177526684,9.851545702072494,0.04426334796627176,0.0007248675,0.0,0.0,,651,0
56_-98,2026-09-16,1,Manitoba,56.5,-97.5,10.9,68.0,12.5,2.2,0.10077719296290594,0.0006170935,0.0,0.0,,693,0
56_-98,2026-09-17,2,Manitoba,56.5,-97.5,7.8,58.0,5.1,4.3,0.030422379670833246,0.00038029242,0.0,0.0,,700,0
56_-98,2026-09-18,3,Manitoba,56.5,-97.5,14.5,69.0,15.2,0.3000000000000005,0.4696946426628335,0.00038029242,0.0,0.0,,686,0
56_-98,2026-09-19,4,Manitoba,56.5,-97.5,10.9,52.0,11.7,0.0,0.8009181847444989,0.00038029242,0.0,0.0,,699,0
56_-98,2026-09-20,5,Manitoba,56.5,-97.5,11.8,74.0,15.1,0.0,1.859518115057485,0.00038029242,0.0,0.0,,701,0
56_-98,2026-09-21,6,Manitoba,56.5,-97.5,15.0,72.0,11.1,0.3000000000000005,2.0594864680927256,0.00038029242,0.0,0.0,,714,0
56_-98,2026-09-22,7,Manitoba,56.5,-97.5,17.6,69.0,16.5,0.0,4.137402321510798,0.00038029242,0.0,0.0,,705,0
56_-99,2026-09-15,0,Manitoba,56.5,-98.5,5.155903043899964,84.70152204557411,10.63601677874183,6.041375136534083,0.12700708045259085,0.0007248675,0.0,0.0,,652,0
56_-99,2026-09-16,1,Manitoba,56.5,-98.5,11.4,56.0,15.2,1.2999999999999998,0.5954645104770813,0.0007248675,0.0,0.0,,641,0
56_-99,2026-09-17,2,Manitoba,56.5,-98.5,8.4,55.0,5.2,3.3,0.16150793252307763,0.0007248675,0.0,0.0,,645,0
56_-99,2026-09-18,3,Manitoba,56.5,-98.5,15.0,69.0,12.2,1.0999999999999999,0.5630510004387701,0.0007248675,0.0,0.0,,622,0
56_-99,2026-09-19,4,Manitoba,56.5,-98.5,10.3,57.0,7.6,0.0,0.7408001501498177,0.0006170935,0.0,0.0,,677,0
56_-99,2026-09-20,5,Manitoba,56.5,-98.5,12.4,69.0,14.3,0.0,2.5487908834674133,0.0006170935,0.0,0.0,,675,0
56_-99,2026-09-21,6,Manitoba,56.5,-98.5,16.8,69.0,11.1,0.0,3.1292288082370305,0.0006170935,0.0,0.0,,689,0
56_-99,2026-09-22,7,Manitoba,56.5,-98.5,18.6,65.0,16.9,0.0,5.874825893584931,0.0007248675,0.0,0.0,,643,0
57_-101,2026-09-15,0,Manitoba,57.5,-100.5,7.942015371980435,62.22179422092624,12.448492414048214,4.143567105173887,0.3579393478323543,0.0022243848,0.0,0.00392156862745098,0.5672181257978082,514,0
57_-101,2026-09-16,1,Manitoba,57.5,-100.5,5.9,95.0,15.1,2.4,0.034018024391710124,0.0020446682,0.0,0.00392156862745098,0.5213903880212456,528,0
57_-101,2026-09-17,2,Manitoba,57.5,-100.5,8.1,59.0,7.7,2.3,0.09907065703191376,0.0020446682,0.0,0.00392156862745098,0.5213903880212456,524,0
57_-101,2026-09-18,3,Manitoba,57.5,-100.5,14.2,69.0,13.1,2.5,0.24973495096314835,0.0034599912,0.0,0.00392156862745098,0.8822977531235665,405,0
57_-101,2026-09-19,4,Manitoba,57.5,-100.5,10.6,57.0,5.4,0.0,0.3820146335766996,0.0020446682,0.0,0.00392156862745098,0.5213903880212456,505,0
57_-101,2026-09-20,5,Manitoba,57.5,-100.5,12.0,73.0,14.9,0.20000000000000023,0.9294077029074522,0.0022243848,0.0,0.00392156862745098,0.5672181257978082,473,0
57_-101,2026-09-21,6,Manitoba,57.5,-100.5,17.5,65.0,10.5,0.10000000000000023,2.1185344279855305,0.0034599912,0.00010140445,0.00392156862745098,0.8822977531235665,421,0
57_-101,2026-09-22,7,Manitoba,57.5,-100.5,18.5,67.0,15.9,0.0,4.400962932075622,0.0034599912,0.00010140445,0.00392156862745098,0.8822977531235665,431,0
57_-102,2026-09-15,0,Manitoba,57.5,-101.5,8.39866256943094,61.74251888189228,11.5965810196267,4.17381463527983,0.33575076592890146,0.0022243848,0.0,0.00392156862745098,0.5672181257978082,515,0
57_-102,2026-09-16,1,Manitoba,57.5,-101.5,5.3,98.0,12.9,3.3,0.003234795834171029,0.0020446682,0.0,0.00392156862745098,0.5213903880212456,529,0
57_-102,2026-09-17,2,Manitoba,57.5,-101.5,9.3,55.0,10.6,2.9000000000000004,0.08915197430323636,0.0022243848,0.0,0.00392156862745098,0.5672181257978082,489,0
57_-102,2026-09-18,3,Manitoba,57.5,-101.5,13.6,68.0,10.6,1.1,0.41922941842427136,0.0034599912,0.0,0.00392156862745098,0.8822977531235665,406,0
57_-102,2026-09-19,4,Manitoba,57.5,-101.5,11.0,57.0,4.1,0.0,0.5138785874567114,0.0022243848,0.0,0.00392156862745098,0.5672181257978082,474,0
57_-102,2026-09-20,5,Manitoba,57.5,-101.5,13.4,69.0,19.2,0.8,2.3956901040584553,0.002782071,0.0,0.00392156862745098,0.7094281073659658,459,0
57_-102,2026-09-21,6,Manitoba,57.5,-101.5,17.9,64.0,11.7,0.1,3.2300702839527458,0.0034599912,0.00010140445,0.00392156862745098,0.8822977531235665,422,0
57_-102,2026-09-22,7,Manitoba,57.5,-101.5,19.1,64.0,16.2,0.0,5.8773680989291135,0.0034599912,0.00013172916,0.00392156862745098,0.8822977531235665,432,0
57_-103,2026-09-15,0,Saskatchewan,57.5,-102.5,8.212239947628332,74.73592300788354,5.667596412831674,1.8837879622886236,0.14493370671674172,0.0034599912,0.0,0.0058823529411764705,0.5881985020823777,444,0
57_-103,2026-09-16,1,Saskatchewan,57.5,-102.5,8.0,68.0,20.4,3.8,0.24269887398091095,0.0034599912,0.0,0.0058823529411764705,0.5881985020823777,426,0
57_-103,2026-09-17,2,Saskatchewan,57.5,-102.5,10.3,57.0,18.2,0.1,1.7946640732720744,0.0034599912,0.0,0.0058823529411764705,0.5881985020823777,419,0
57_-103,2026-09-18,3,Saskatchewan,57.5,-102.5,13.8,62.0,17.8,0.1,3.951338733366467,0.0034599912,0.0,0.0058823529411764705,0.5881985020823777,407,0
57_-103,2026-09-19,4,Saskatchewan,57.5,-102.5,10.7,72.0,9.5,0.0,3.0204493811716566,0.0034599912,0.0,0.0058823529411764705,0.5881985020823777,403,0
57_-103,2026-09-20,5,Saskatchewan,57.5,-102.5,15.3,66.0,15.7,4.800000000000001,0.6674666325601463,0.0034599912,0.0,0.0058823529411764705,0.5881985020823777,410,0
57_-103,2026-09-21,6,Saskatchewan,57.5,-102.5,18.1,65.0,13.1,0.0,1.8343768298780763,0.00510037,0.00010140445,0.0058823529411764705,0.8670628862455487,350,0
57_-103,2026-09-22,7,Saskatchewan,57.5,-102.5,17.8,70.0,18.5,0.0,5.00879506103786,0.00510037,0.00010140445,0.0058823529411764705,0.8670628862455487,365,0
57_-104,2026-09-15,0,Saskatchewan,57.5,-103.5,7.999427813400984,79.38795705999917,4.018067387281543,1.4246538160039397,0.035007707896756994,0.00510037,0.00013172916,0.011764705882352941,0.43353144312277436,365,0
57_-104,2026-09-16,1,Saskatchewan,57.5,-103.5,7.6,68.0,17.1,3.2,0.14623191361015525,0.00510037,0.00013172916,0.011764705882352941,0.43353144312277436,344,0
57_-104,2026-09-17,2,Saskatchewan,57.5,-103.5,10.3,50.0,14.4,0.1,1.1172704163522547,0.00510037,0.00013172916,0.011764705882352941,0.43353144312277436,339,0
57_-104,2026-09-18,3,Saskatchewan,57.5,-103.5,12.8,64.0,15.3,2.5999999999999996,0.8178706390110988,0.006459243,0.00013172916,0.011764705882352941,0.5490356660448015,285,0
57_-104,2026-09-19,4,Saskatchewan,57.5,-103.5,12.8,57.0,8.3,0.0,1.1041479442470317,0.008237548,0.00016979082,0.011764705882352941,0.7001915946602821,256,0
57_-104,2026-09-20,5,Saskatchewan,57.5,-103.5,16.2,62.0,14.3,4.800000000000001,0.5942896900258575,0.006459243,0.00016979082,0.011764705882352941,0.5490356660448015,282,0
57_-104,2026-09-21,6,Saskatchewan,57.5,-103.5,18.5,64.0,11.9,0.0,1.5029107167164888,0.008237548,0.00019753922,0.011764705882352941,0.7001915946602821,263,0
57_-104,2026-09-22,7,Saskatchewan,57.5,-103.5,19.0,64.0,15.4,0.0,4.71969374032735,0.008910148,0.00019753922,0.011764705882352941,0.7573626143857837,243,0
57_-105,2026-09-15,0,Saskatchewan,57.5,-104.5,7.999747717990903,78.77011775650057,8.170357392102021,1.42906868027137,0.24274499002285208,0.0034599912,0.00010140445,0.00784313725490196,0.44114887656178325,445,0
57_-105,2026-09-16,1,Saskatchewan,57.5,-104.5,7.2,63.0,15.4,2.1999999999999997,0.38207988607848165,0.0034599912,0.00010140445,0.00784313725490196,0.44114887656178325,427,0
57_-105,2026-09-17,2,Saskatchewan,57.5,-104.5,10.7,50.0,16.0,0.1,2.312681039078443,0.0034599912,0.00010140445,0.00784313725490196,0.44114887656178325,420,0
57_-105,2026-09-18,3,Saskatchewan,57.5,-104.5,12.5,60.0,16.8,1.0,3.4554250746293014,0.0034599912,0.00010140445,0.00784313725490196,0.44114887656178325,408,0
57_-105,2026-09-19,4,Saskatchewan,57.5,-104.5,14.6,55.0,8.3,0.0,4.315416753095984,0.00510037,0.00013172916,0.00784313725490196,0.6502971646841615,338,0
57_-105,2026-09-20,5,Saskatchewan,57.5,-104.5,17.1,59.0,14.2,10.100000000000001,0.5300828933101833,0.00510037,0.00013172916,0.00784313725490196,0.6502971646841615,337,0
57_-105,2026-09-21,6,Saskatchewan,57.5,-104.5,19.8,57.0,11.3,0.0,2.064293782109045,0.005107495,0.00016979082,0.00784313725490196,0.6512056128121912,317,0
57_-105,2026-09-22,7,Saskatchewan,57.5,-104.5,19.6,63.0,14.6,0.0,5.547872211966566,0.006459243,0.00016979082,0.00784313725490196,0.8235534990672022,310,0
57_-106,2026-09-15,0,Saskatchewan,57.5,-105.5,8.210534182242732,75.79550166025192,16.89612412569851,1.5364234305639968,0.7345874847236542,0.0034599912,0.0,0.00392156862745098,0.8822977531235665,446,0
57_-106,2026-09-16,1,Saskatchewan,57.5,-105.5,7.2,62.0,14.1,2.7,0.5530950030175596,0.0034599912,0.0,0.00392156862745098,0.8822977531235665,428,0
57_-106,2026-09-17,2,Saskatchewan,57.5,-105.5,11.0,54.0,16.8,0.4,2.908488450144298,0.0034599912,0.0,0.00392156862745098,0.8822977531235665,421,0
57_-106,2026-09-18,3,Saskatchewan,57.5,-105.5,11.5,62.0,17.0,0.2,5.265848974994297,0.0034599912,0.0,0.00392156862745098,0.8822977531235665,409,0
57_-106,2026-09-19,4,Saskatchewan,57.5,-105.5,14.7,57.0,9.4,0.0,5.6342746405994415,0.0034599912,0.0,0.00392156862745098,0.8822977531235665,404,0
57_-106,2026-09-20,5,Saskatchewan,57.5,-105.5,16.5,64.0,14.2,22.900000000000002,0.2488784068766604,0.0034599912,0.0,0.00392156862745098,0.8822977531235665,411,0
57_-106,2026-09-21,6,Saskatchewan,57.5,-105.5,18.4,62.0,10.5,0.0,0.9217613338792506,0.003771806,1.9451907e-05,0.00392156862745098,0.9618105052504689,369,0
57_-106,2026-09-22,7,Saskatchewan,57.5,-105.5,18.3,66.0,13.9,0.0,3.6868192513847653,0.00510037,0.00010140445,0.00392156862745098,1.300594329368323,366,0
57_-107,2026-09-15,0,Saskatchewan,57.5,-106.5,8.327822409638463,74.22766052621938,17.1615333342202,1.4467355627997558,1.1426103607405038,0.0034599912,0.0,0.00392156862745098,0.8822977531235665,447,0
57_-107,2026-09-16,1,Saskatchewan,57.5,-106.5,6.7,70.0,16.6,3.2,0.4545671110568196,0.002782071,0.0,0.00392156862745098,0.7094281073659658,475,0
57_-107,2026-09-17,2,Saskatchewan,57.5,-106.5,12.6,56.0,21.5,0.2,3.8595860417439436,0.0034599912,0.0,0.00392156862745098,0.8822977531235665,422,0
57_-107,2026-09-18,3,Saskatchewan,57.5,-106.5,11.0,71.0,15.7,0.0,4.149715121997657,0.003292181,0.0,0.00392156862745098,0.8395061711780727,448,0
57_-107,2026-09-19,4,Saskatchewan,57.5,-106.5,15.9,51.0,12.4,0.0,7.1158096852525174,0.0034599912,0.00010140445,0.00392156862745098,0.8822977531235665,405,0
57_-107,2026-09-20,5,Saskatchewan,57.5,-106.5,16.0,67.0,16.5,0.8999999999999999,6.114094730272129,0.0034599912,0.0,0.00392156862745098,0.8822977531235665,412,0
57_-107,2026-09-21,6,Saskatchewan,57.5,-106.5,17.6,66.0,10.8,0.0,6.22738701843966,0.0034599912,0.00010140445,0.00392156862745098,0.8822977531235665,423,0
57_-107,2026-09-22,7,Saskatchewan,57.5,-106.5,18.2,66.0,15.8,0.0,8.956994893604255,0.00510037,0.00010140445,0.00392156862745098,1.300594329368323,367,0
57_-108,2026-09-15,0,Saskatchewan,57.5,-107.5,9.013851412394255,66.6693895513823,16.7811039667,1.3125558120201932,2.365754493533296,0.0020446682,0.0,0.00196078431372549,1.0427807760424912,542,0
57_-108,2026-09-16,1,Saskatchewan,57.5,-107.5,7.2,56.0,13.7,1.0,2.8791733616282444,0.0015167142,0.0,0.00196078431372549,0.7735242554917932,576,0
57_-108,2026-09-17,2,Saskatchewan,57.5,-107.5,12.6,57.0,15.0,0.0,6.011469732616697,0.0015167142,0.0,0.00196078431372549,0.7735242554917932,565,0
57_-108,2026-09-18,3,Saskatchewan,57.5,-107.5,12.9,57.0,13.4,0.0,8.153085274657016,0.0020446682,0.0,0.00196078431372549,1.0427807760424912,511,0
57_-108,2026-09-19,4,Saskatchewan,57.5,-107.5,16.4,51.0,14.3,0.0,11.502426455010061,0.0022243848,0.00010140445,0.00196078431372549,1.1344362515956163,475,0
57_-108,2026-09-20,5,Saskatchewan,57.5,-107.5,17.6,58.0,11.2,0.7000000000000001,8.729276462589851,0.0022243848,0.0,0.00196078431372549,1.1344362515956163,474,0
57_-108,2026-09-21,6,Saskatchewan,57.5,-107.5,18.9,63.0,10.0,0.0,9.047468881600723,0.0034599912,0.00010140445,0.00196078431372549,1.764595506247133,424,0
57_-108,2026-09-22,7,Saskatchewan,57.5,-107.5,18.4,65.0,14.1,0.0,11.072365849786932,0.0034599912,0.00010140445,0.00196078431372549,1.764595506247133,433,0
57_-109,2026-09-15,0,Saskatchewan,57.5,-108.5,9.83383519165054,62.19658393879401,13.204306400497744,0.7800070349170385,3.8953480730762933,0.0034599912,0.0,0.00392156862745098,0.8822977531235665,448,0
57_-109,2026-09-16,1,Saskatchewan,57.5,-108.5,7.2,55.0,9.9,2.4000000000000004,1.337000605788456,0.002782071,0.0,0.00392156862745098,0.7094281073659658,476,0
57_-109,2026-09-17,2,Saskatchewan,57.5,-108.5,13.3,56.0,12.4,0.0,4.071025264111169,0.0034599912,0.0,0.00392156862745098,0.8822977531235665,423,0
57_-109,2026-09-18,3,Saskatchewan,57.5,-108.5,13.5,55.0,9.7,0.4,6.3858402390994655,0.0034599912,0.0,0.00392156862745098,0.8822977531235665,410,0
57_-109,2026-09-19,4,Saskatchewan,57.5,-108.5,16.9,47.0,13.2,0.0,11.86821417551268,0.0034599912,0.00013172916,0.00392156862745098,0.8822977531235665,406,0
57_-109,2026-09-20,5,Saskatchewan,57.5,-108.5,18.2,54.0,9.1,0.30000000000000004,10.598459441878381,0.0039100684,0.00013172916,0.00392156862745098,0.9970674477517605,348,0
57_-109,2026-09-21,6,Saskatchewan,57.5,-108.5,19.9,56.0,9.2,0.0,11.040286780860509,0.005107495,0.00016979082,0.00392156862745098,1.3024112256243825,318,0
57_-109,2026-09-22,7,Saskatchewan,57.5,-108.5,18.9,64.0,11.0,0.0,12.127424059433766,0.00510037,0.00016979082,0.00392156862745098,1.300594329368323,368,0
57_-110,2026-09-15,0,Saskatchewan,57.5,-109.5,10.091474523315076,62.83368135829747,11.243981707803172,0.7113913507977105,3.0570118026372683,0.0022243848,0.0,0.00196078431372549,1.1344362515956163,516,0
57_-110,2026-09-16,1,Saskatchewan,57.5,-109.5,6.7,60.0,8.5,1.1,2.009698621127581,0.0020446682,0.0,0.00196078431372549,1.0427807760424912,530,0
57_-110,2026-09-17,2,Saskatchewan,57.5,-109.5,13.2,60.0,10.6,0.0,4.445754720463747,0.0020446682,0.0,0.00196078431372549,1.0427807760424912,525,0
57_-110,2026-09-18,3,Saskatchewan,57.5,-109.5,13.7,57.0,8.8,0.6,5.8786067935552095,0.0020446682,0.0,0.00196078431372549,1.0427807760424912,512,0
57_-110,2026-09-19,4,Saskatchewan,57.5,-109.5,17.1,46.0,13.9,0.0,12.407836131687306,0.003292181,0.00010140445,0.00196078431372549,1.6790123423561454,445,0
57_-110,2026-09-20,5,Saskatchewan,57.5,-109.5,19.0,45.0,9.7,0.6000000000000001,11.906797632940139,0.0034599912,0.00010140445,0.00196078431372549,1.764595506247133,413,0
57_-110,2026-09-21,6,Saskatchewan,57.5,-109.5,20.3,49.0,8.7,0.0,12.441097869272348,0.0034599912,0.00013172916,0.00196078431372549,1.764595506247133,425,0
57_-110,2026-09-22,7,Saskatchewan,57.5,-109.5,18.2,66.0,5.8,0.0,9.828125785196232,0.0034599912,0.00010140445,0.00196078431372549,1.764595506247133,434,0
57_-111,2026-09-15,0,Alberta,57.5,-110.5,10.983998366691688,60.07513015808147,12.77008600177478,0.9450947849614137,4.702605143489969,0.008910148,0.00013172916,0.01568627450980392,0.5680219607893378,212,0
57_-111,2026-09-16,1,Alberta,57.5,-110.5,7.9,58.0,6.8,3.0000000000000004,0.5950650865747801,0.0085633695,0.00013172916,0.01568627450980392,0.5459148064255714,219,0
57_-111,2026-09-17,2,Alberta,57.5,-110.5,15.2,54.0,9.7,0.0,2.7965424933857546,0.01158889,0.00016979082,0.01568627450980392,0.7387917442247272,189,0
57_-111,2026-09-18,3,Alberta,57.5,-110.5,14.8,56.0,4.9,0.2,4.146538793645826,0.01158889,0.00016979082,0.01568627450980392,0.7387917442247272,189,0
57_-111,2026-09-19,4,Alberta,57.5,-110.5,18.2,44.0,15.4,0.1,13.116997704340836,0.01158889,0.00036769436,0.01568627450980392,0.7387917442247272,201,0
57_-111,2026-09-20,5,Alberta,57.5,-110.5,20.1,42.0,8.8,1.2,7.975810279992272,0.013666987,0.00036769436,0.01568627450980392,0.8712704479694366,169,0
57_-111,2026-09-21,6,Alberta,57.5,-110.5,20.8,46.0,9.5,0.0,12.15184023110892,0.017114606,0.00036769436,0.01568627450980392,1.0910561168566346,150,0
57_-111,2026-09-22,7,Alberta,57.5,-110.5,19.2,65.0,3.5,0.0,8.799473817771377,0.016953317,0.00036769436,0.01568627450980392,1.0807739873416722,170,0
57_-112,2026-09-15,0,Alberta,57.5,-111.5,12.493359541412605,49.94598503955702,12.508837383951086,0.2142489654963844,14.242506441157474,0.016953317,0.00019753922,0.01568627450980392,1.0807739873416722,125,0
57_-112,2026-09-16,1,Alberta,57.5,-111.5,8.6,62.0,8.8,1.2000000000000002,5.87676866016994,0.008910148,0.00016979082,0.01568627450980392,0.5680219607893378,204,0
57_-112,2026-09-17,2,Alberta,57.5,-111.5,14.1,61.0,11.6,0.0,10.33764951057879,0.01158889,0.00019078096,0.01568627450980392,0.7387917442247272,190,0
57_-112,2026-09-18,3,Alberta,57.5,-111.5,15.6,56.0,3.4,0.2,9.47574787784797,0.01158889,0.00019753922,0.01568627450980392,0.7387917442247272,190,0
57_-112,2026-09-19,4,Alberta,57.5,-111.5,16.8,48.0,13.2,0.2,18.199109077567797,0.016953317,0.00036769436,0.01568627450980392,1.0807739873416722,149,0
57_-112,2026-09-20,5,Alberta,57.5,-111.5,18.7,55.0,10.6,0.0,16.801788215550104,0.017114606,0.00036769436,0.01568627450980392,1.0910561168566346,150,0
57_-112,2026-09-21,6,Alberta,57.5,-111.5,18.9,57.0,11.1,0.0,17.41012644882162,0.016953317,0.00036769436,0.01568627450980392,1.0807739873416722,160,0
57_-112,2026-09-22,7,Alberta,57.5,-111.5,18.7,67.0,8.0,0.0,14.717939492612889,0.019046638,0.00036769436,0.01568627450980392,1.214223182760179,151,0
57_-113,2026-09-15,0,Alberta,57.5,-112.5,12.171944113945735,52.41589563719809,10.79179577577607,0.14956242730799005,14.031893177437764,0.017114606,0.00019753922,0.021568627450980392,0.7934953577139161,114,0
57_-113,2026-09-16,1,Alberta,57.5,-112.5,7.1,62.0,9.7,3.6999999999999997,1.8133620122055405,0.01158889,0.00016979082,0.021568627450980392,0.5373030867088925,179,0
57_-113,2026-09-17,2,Alberta,57.5,-112.5,16.3,47.0,6.3,0.0,4.5569534699135925,0.017114606,0.00019753922,0.021568627450980392,0.7934953577139161,130,0
57_-113,2026-09-18,3,Alberta,57.5,-112.5,14.3,50.0,9.7,0.0,10.079636559229275,0.013233952,0.00019753922,0.021568627450980392,0.6135741485790773,155,0
57_-113,2026-09-19,4,Alberta,57.5,-112.5,14.4,57.0,16.2,0.0,15.424225719256869,0.017114606,0.00036769436,0.021568627450980392,0.7934953577139161,141,0
57_-113,2026-09-20,5,Alberta,57.5,-112.5,18.5,39.0,11.4,0.4,18.831720235372096,0.019046638,0.00036769436,0.021568627450980392,0.8830714056437666,139,0
57_-113,2026-09-21,6,Alberta,57.5,-112.5,18.1,45.0,9.4,0.0,17.880564741479667,0.017114606,0.00046264168,0.021568627450980392,0.7934953577139161,151,0
57_-113,2026-09-22,7,Alberta,57.5,-112.5,16.4,60.0,9.3,0.0,15.9834451846179,0.017114606,0.00036769436,0.021568627450980392,0.7934953577139161,162,0
57_-114,2026-09-15,0,Alberta,57.5,-113.5,10.462333435630521,71.1914790906558,3.914205247413344,1.0264952001183536,2.8330495878797914,0.008237548,0.00013172916,0.013725490196078431,0.6001642239945275,255,0
57_-114,2026-09-16,1,Alberta,57.5,-113.5,9.4,54.0,6.8,2.7,0.572685708765293,0.006459243,0.00010140445,0.013725490196078431,0.4706019994669727,280,0
57_-114,2026-09-17,2,Alberta,57.5,-113.5,14.4,56.0,10.0,0.0,2.5103536713995824,0.0085633695,0.00013172916,0.013725490196078431,0.6239026359149388,229,0
57_-114,2026-09-18,3,Alberta,57.5,-113.5,15.1,44.0,9.5,0.0,6.567221224594841,0.009431681,0.00016979082,0.013725490196078431,0.6871653055506093,204,0
57_-114,2026-09-19,4,Alberta,57.5,-113.5,16.6,53.0,14.3,0.0,10.650076148800403,0.01158889,0.00019753922,0.013725490196078431,0.8443334219711167,202,0
57_-114,2026-09-20,5,Alberta,57.5,-113.5,19.4,35.0,13.5,0.0,16.166923876661826,0.015813954,0.00036769436,0.013725490196078431,1.1521595184292113,159,0
57_-114,2026-09-21,6,Alberta,57.5,-113.5,19.8,38.0,9.5,0.0,14.938057290511853,0.017114606,0.00036769436,0.013725490196078431,1.2469212764075825,152,0
57_-114,2026-09-22,7,Alberta,57.5,-113.5,15.8,61.0,10.7,0.0,12.396150314353948,0.01158889,0.00036769436,0.013725490196078431,0.8443334219711167,223,0
57_-115,2026-09-15,0,Alberta,57.5,-114.5,10.291816901319125,74.46754512339486,1.681799947933623,1.5246782560747527,0.10839007328972204,0.0085633695,0.00010140445,0.01764705882352941,0.4852576057116191,234,0
57_-115,2026-09-16,1,Alberta,57.5,-114.5,9.9,65.0,9.1,2.4,0.15554577831598315,0.0085633695,0.00010140445,0.01764705882352941,0.4852576057116191,220,0
57_-115,2026-09-17,2,Alberta,57.5,-114.5,13.3,67.0,6.4,0.0,0.4693029348162528,0.009431681,0.00010140445,0.01764705882352941,0.5344619043171406,207,0
57_-115,2026-09-18,3,Alberta,57.5,-114.5,15.3,52.0,6.2,0.0,0.9618341121085372,0.009431681,0.00013172916,0.01764705882352941,0.5344619043171406,205,0
57_-115,2026-09-19,4,Alberta,57.5,-114.5,17.6,56.0,15.7,0.0,5.676102796273967,0.013233952,0.00019753922,0.01764705882352941,0.7499239593744278,164,0
57_-115,2026-09-20,5,Alberta,57.5,-114.5,18.3,52.0,11.5,0.0,6.6365129858781176,0.013233952,0.00019753922,0.01764705882352941,0.7499239593744278,177,0
57_-115,2026-09-21,6,Alberta,57.5,-114.5,18.2,52.0,10.7,0.0,7.421616501577497,0.013666987,0.00019753922,0.01764705882352941,0.774462620417277,167,0
57_-115,2026-09-22,7,Alberta,57.5,-114.5,15.5,66.0,11.1,0.0,7.112162096081335,0.013666987,0.00019753922,0.01764705882352941,0.774462620417277,173,0
57_-116,2026-09-15,0,Alberta,57.5,-115.5,9.87655271995438,75.24824263892538,3.99811826499849,0.7411337433977697,0.5358474600993737,0.01158889,0.00013172916,0.023529411764705882,0.49252782948315144,188,0
57_-116,2026-09-16,1,Alberta,57.5,-115.5,10.4,64.0,9.9,1.0,0.8947821619581946,0.008910148,0.00010140445,0.023529411764705882,0.37868130719289184,205,0
57_-116,2026-09-17,2,Alberta,57.5,-115.5,16.7,53.0,9.1,0.0,3.199248383766263,0.013233952,0.00016979082,0.023529411764705882,0.5624429695308208,150,0
57_-116,2026-09-18,3,Alberta,57.5,-115.5,16.9,43.0,9.3,0.0,7.318709946845477,0.016953317,0.00019753922,0.023529411764705882,0.7205159915611148,145,0
57_-116,2026-09-19,4,Alberta,57.5,-115.5,17.3,63.0,9.0,0.0,7.593885316087536,0.019046638,0.00019753922,0.023529411764705882,0.8094821218401194,132,0
57_-116,2026-09-20,5,Alberta,57.5,-115.5,19.7,48.0,7.6,0.0,8.845982383251858,0.024334805,0.00036769436,0.023529411764705882,1.0342292161658406,116,0
57_-116,2026-09-21,6,Alberta,57.5,-115.5,19.4,50.0,4.9,0.0,8.336402488649561,0.024334805,0.00036769436,0.023529411764705882,1.0342292161658406,114,0
57_-116,2026-09-22,7,Alberta,57.5,-115.5,13.9,68.0,10.9,0.0,8.889688002884657,0.017114606,0.00019753922,0.023529411764705882,0.7273707445710897,163,0
57_-117,2026-09-15,0,Alberta,57.5,-116.5,10.074649278837809,78.53042209530024,9.57526116545881,1.1036321112425032,0.7252658565706712,0.0085633695,0.00010140445,0.0196078431372549,0.43673184514045715,235,0
57_-117,2026-09-16,1,Alberta,57.5,-116.5,12.6,50.0,11.1,0.7,1.9639230835875032,0.01158889,0.00010140445,0.0196078431372549,0.5910333953797817,180,0
57_-117,2026-09-17,2,Alberta,57.5,-116.5,14.6,60.0,3.8,0.0,2.3953318183186516,0.01158889,0.00013172916,0.0196078431372549,0.5910333953797817,191,0
57_-117,2026-09-18,3,Alberta,57.5,-116.5,15.0,48.0,2.6,0.0,4.200457217921414,0.013666987,0.00016979082,0.0196078431372549,0.6970163583755493,147,0
57_-117,2026-09-19,4,Alberta,57.5,-116.5,16.9,63.0,9.7,0.0,6.384721596338371,0.017114606,0.00016979082,0.0196078431372549,0.8728448934853077,142,0
57_-117,2026-09-20,5,Alberta,57.5,-116.5,17.2,53.0,9.7,0.0,7.893884640300746,0.017114606,0.00019753922,0.0196078431372549,0.8728448934853077,151,0
57_-117,2026-09-21,6,Alberta,57.5,-116.5,17.2,55.0,8.3,0.0,7.893896835084845,0.017114606,0.00019753922,0.0196078431372549,0.8728448934853077,153,0
57_-117,2026-09-22,7,Alberta,57.5,-116.5,12.9,71.0,7.0,0.30000000000000004,6.436650076535421,0.013233952,0.00016979082,0.0196078431372549,0.674931563436985,178,0
57_-118,2026-09-15,0,Alberta,57.5,-117.5,10.387011274027708,76.99749380781836,11.533681631835682,1.2161300508323147,0.7482383600141402,0.019046638,0.00013172916,0.043137254901960784,0.4415357028218833,104,0
57_-118,2026-09-16,1,Alberta,57.5,-117.5,11.1,53.0,14.2,0.1,2.4902298268736858,0.017114606,0.00013172916,0.043137254901960784,0.39674767885695805,116,0
57_-118,2026-09-17,2,Alberta,57.5,-117.5,16.6,43.0,11.6,0.0,6.485283217316093,0.024334805,0.00019753922,0.043137254901960784,0.5641250269995495,88,0
57_-118,2026-09-18,3,Alberta,57.5,-117.5,16.2,36.0,1.8,0.1,6.4071237866489605,0.031681307,0.00036769436,0.043137254901960784,0.7344302907586098,59,1
57_-118,2026-09-19,4,Alberta,57.5,-117.5,17.3,51.0,11.5,0.0,10.520116314229542,0.031681307,0.00036769436,0.043137254901960784,0.7344302907586098,67,1
57_-118,2026-09-20,5,Alberta,57.5,-117.5,16.7,48.0,13.9,0.0,12.290186699051258,0.027721774,0.00036769436,0.043137254901960784,0.6426411206749353,98,0
57_-118,2026-09-21,6,Alberta,57.5,-117.5,16.8,51.0,9.1,0.0,10.622317432194832,0.027721774,0.00036769436,0.043137254901960784,0.6426411206749353,97,0
57_-118,2026-09-22,7,Alberta,57.5,-117.5,13.3,60.0,9.4,0.6000000000000001,8.214861659852778,0.026660934,0.00019753922,0.043137254901960784,0.6180489266460593,110,0
57_-119,2026-09-15,0,Alberta,57.5,-118.5,11.842767597284533,59.06585189395101,10.395743735198364,0.9823639928713497,1.4263274336360623,0.006459243,0.00010140445,0.013725490196078431,0.4706019994669727,292,0
57_-119,2026-09-16,1,Alberta,57.5,-118.5,12.6,45.0,8.8,0.2,3.2675407790940816,0.008237548,0.00010140445,0.013725490196078431,0.6001642239945275,249,0
57_-119,2026-09-17,2,Alberta,57.5,-118.5,14.3,50.0,10.7,0.0,6.268361886057493,0.0085633695,0.00013172916,0.013725490196078431,0.6239026359149388,230,0
57_-119,2026-09-18,3,Alberta,57.5,-118.5,15.2,37.0,1.3,0.0,6.09628964287999,0.01158889,0.00016979082,0.013725490196078431,0.8443334219711167,191,0
57_-119,2026-09-19,4,Alberta,57.5,-118.5,17.8,45.0,11.1,0.0,10.579916482052708,0.01158889,0.00019753922,0.013725490196078431,0.8443334219711167,203,0
57_-119,2026-09-20,5,Alberta,57.5,-118.5,16.5,45.0,14.2,0.0,12.700551311751248,0.01158889,0.00019753922,0.013725490196078431,0.8443334219711167,204,0
57_-119,2026-09-21,6,Alberta,57.5,-118.5,15.5,52.0,7.6,0.0,10.089276818376037,0.01158889,0.00019753922,0.013725490196078431,0.8443334219711167,209,0
57_-119,2026-09-22,7,Alberta,57.5,-118.5,11.9,60.0,11.7,1.5,3.68749497162493,0.008910148,0.00013172916,0.013725490196078431,0.6491679551878146,244,0
57_-120,2026-09-15,0,Alberta,57.5,-119.5,13.263065702846204,36.97965256250077,6.050524734793449,0.7925460847307937,2.5804962636465416,0.0034599912,0.0,0.0,,449,0
57_-120,2026-09-16,1,Alberta,57.5,-119.5,11.9,47.0,10.1,0.0,5.696501618681262,0.0034599912,0.0,0.0,,429,0
57_-120,2026-09-17,2,Alberta,57.5,-119.5,14.6,48.0,5.2,0.0,6.137025939663379,0.0034599912,0.0,0.0,,424,0
57_-120,2026-09-18,3,Alberta,57.5,-119.5,14.5,39.0,6.2,0.0,8.603425893839427,0.0034599912,0.0,0.0,,411,0
57_-120,2026-09-19,4,Alberta,57.5,-119.5,14.7,57.0,11.6,0.0,10.523892487583979,0.0034599912,0.0,0.0,,407,0
57_-120,2026-09-20,5,Alberta,57.5,-119.5,16.3,47.0,14.8,0.0,12.777175311566737,0.0034599912,0.00010140445,0.0,,414,0
57_-120,2026-09-21,6,Alberta,57.5,-119.5,14.8,57.0,11.2,0.0,11.046077595191981,0.0034599912,0.0,0.0,,426,0
57_-120,2026-09-22,7,Alberta,57.5,-119.5,10.0,71.0,11.3,2.7,1.3687468446597335,0.003292181,0.0,0.0,,471,0
57_-121,2026-09-15,0,British Columbia,57.5,-120.5,13.550999297539361,36.309114441905436,8.488263708976904,0.24759747499511534,5.923290676247906,0.008910148,0.00016979082,0.013725490196078431,0.6491679551878146,213,0
57_-121,2026-09-16,1,British Columbia,57.5,-120.5,16.2,36.0,11.1,0.0,11.082178185162487,0.01158889,0.00019753922,0.013725490196078431,0.8443334219711167,181,0
57_-121,2026-09-17,2,British Columbia,57.5,-120.5,16.0,45.0,6.9,0.0,9.855356992333222,0.01158889,0.00036769436,0.013725490196078431,0.8443334219711167,192,0
57_-121,2026-09-18,3,British Columbia,57.5,-120.5,16.7,35.0,6.4,0.0,12.043320648614246,0.01158889,0.00036769436,0.013725490196078431,0.8443334219711167,192,0
57_-121,2026-09-19,4,British Columbia,57.5,-120.5,18.0,44.0,14.8,0.0,17.454482107358835,0.01158889,0.00036769436,0.013725490196078431,0.8443334219711167,204,0
57_-121,2026-09-20,5,British Columbia,57.5,-120.5,17.8,43.0,21.2,0.2,22.93869446992323,0.013233952,0.0007264472,0.013725490196078431,0.9641879477671215,178,0
57_-121,2026-09-21,6,British Columbia,57.5,-120.5,15.0,54.0,12.2,0.1,14.757228270232833,0.01158889,0.00036769436,0.013725490196078431,0.8443334219711167,210,0
57_-121,2026-09-22,7,British Columbia,57.5,-120.5,12.8,51.0,10.7,0.5,13.87903532289248,0.008910148,0.00019753922,0.013725490196078431,0.6491679551878146,245,0
57_-122,2026-09-15,0,British Columbia,57.5,-121.5,14.80972618111997,31.414371070444442,8.414587933441183,0.008443208735497417,12.14136939861817,0.01158889,0.00019753922,0.013725490196078431,0.8443334219711167,189,0
57_-122,2026-09-16,1,British Columbia,57.5,-121.5,17.3,33.0,6.5,0.0,14.150313608242229,0.013666987,0.00036769436,0.013725490196078431,0.9957376548222133,136,0
57_-122,2026-09-17,2,British Columbia,57.5,-121.5,16.6,38.0,9.6,0.0,16.526745456212993,0.013666987,0.00036769436,0.013725490196078431,0.9957376548222133,143,0
57_-122,2026-09-18,3,British Columbia,57.5,-121.5,16.3,39.0,9.1,0.0,16.75803316652737,0.013233952,0.00036769436,0.013725490196078431,0.9641879477671215,156,0
57_-122,2026-09-19,4,British Columbia,57.5,-121.5,17.7,41.0,13.6,0.0,20.43657893754557,0.013666987,0.00046264168,0.013725490196078431,0.9957376548222133,158,0
57_-122,2026-09-20,5,British Columbia,57.5,-121.5,17.7,41.0,21.2,0.0,27.537984521793184,0.016953317,0.00083361124,0.013725490196078431,1.2351702712476254,156,0
57_-122,2026-09-21,6,British Columbia,57.5,-121.5,16.3,43.0,12.3,0.0,20.329868570444507,0.01158889,0.00036769436,0.013725490196078431,0.8443334219711167,211,0
57_-122,2026-09-22,7,British Columbia,57.5,-121.5,13.3,48.0,7.4,0.1,15.635555254674985,0.01158889,0.00036769436,0.013725490196078431,0.8443334219711167,224,0
57_-123,2026-09-15,0,British Columbia,57.5,-122.5,14.076236520469655,34.539809160986174,6.64935603909887,0.20285983038209388,10.153999418724394,0.00510037,0.00010140445,0.00392156862745098,1.300594329368323,366,0
57_-123,2026-09-16,1,British Columbia,57.5,-122.5,15.5,34.0,10.1,0.0,15.602040842512206,0.005107495,0.00013172916,0.00392156862745098,1.3024112256243825,307,0
57_-123,2026-09-17,2,British Columbia,57.5,-122.5,14.1,38.0,10.5,0.0,16.45003686043742,0.006459243,0.00016979082,0.00392156862745098,1.6471069981344044,279,0
57_-123,2026-09-18,3,British Columbia,57.5,-122.5,14.6,41.0,8.1,0.0,15.427123140893967,0.00510037,0.00016979082,0.00392156862745098,1.300594329368323,331,0
57_-123,2026-09-19,4,British Columbia,57.5,-122.5,13.6,49.0,13.9,0.0,18.751515156364842,0.00510037,0.00016979082,0.00392156862745098,1.300594329368323,339,0
57_-123,2026-09-20,5,British Columbia,57.5,-122.5,14.0,46.0,15.6,0.0,20.40929994849635,0.00510037,0.00019753922,0.00392156862745098,1.300594329368323,338,0
57_-123,2026-09-21,6,British Columbia,57.5,-122.5,12.3,52.0,9.0,0.4,15.149940013813271,0.0034599912,0.00013172916,0.00392156862745098,0.8822977531235665,427,0
57_-123,2026-09-22,7,British Columbia,57.5,-122.5,9.2,64.0,8.5,2.9,2.1756930813310333,0.0034599912,0.00010140445,0.00392156862745098,0.8822977531235665,435,0
57_-124,2026-09-15,0,British Columbia,57.5,-123.5,15.618971416306639,30.633451427975537,7.994738136974175,0.08964726778618394,15.913437784862833,0.003771806,0.00013172916,0.00392156862745098,0.9618105052504689,383,0
57_-124,2026-09-16,1,British Columbia,57.5,-123.5,11.5,44.0,12.6,0.0,17.42602649514875,0.0034599912,0.00013172916,0.00392156862745098,0.8822977531235665,430,0
57_-124,2026-09-17,2,British Columbia,57.5,-123.5,10.1,51.0,10.5,0.0,16.184339719712906,0.0034599912,0.00016979082,0.00392156862745098,0.8822977531235665,425,0
57_-124,2026-09-18,3,British Columbia,57.5,-123.5,12.0,44.0,7.6,0.0,14.750839582084733,0.0034599912,0.00013172916,0.00392156862745098,0.8822977531235665,412,0
57_-124,2026-09-19,4,British Columbia,57.5,-123.5,10.2,57.0,14.8,0.0,18.091471139401122,0.0034599912,0.00016979082,0.00392156862745098,0.8822977531235665,408,0
57_-124,2026-09-20,5,British Columbia,57.5,-123.5,10.8,58.0,20.1,0.0,21.49370054198788,0.0034599912,0.00016979082,0.00392156862745098,0.8822977531235665,415,0
57_-124,2026-09-21,6,British Columbia,57.5,-123.5,8.7,57.0,7.0,0.0,12.969032355531068,0.0034599912,0.00013172916,0.00392156862745098,0.8822977531235665,428,0
57_-124,2026-09-22,7,British Columbia,57.5,-123.5,6.3,66.0,11.7,1.5,5.472718642855958,0.002782071,0.0,0.00392156862745098,0.7094281073659658,484,0
57_-126,2026-09-15,0,British Columbia,57.5,-125.5,15.383079849073406,33.18641020229345,4.644811627029697,0.0,13.050561142095999,0.019046638,0.00036769436,0.023529411764705882,0.8094821218401194,105,0
57_-126,2026-09-16,1,British Columbia,57.5,-125.5,10.1,49.0,4.5,0.0,11.599020142942017,0.016953317,0.00036769436,0.023529411764705882,0.7205159915611148,125,0
57_-126,2026-09-17,2,British Columbia,57.5,-125.5,9.2,54.0,8.8,0.0,12.265395205302783,0.01158889,0.00036769436,0.023529411764705882,0.49252782948315144,193,0
57_-126,2026-09-18,3,British Columbia,57.5,-125.5,10.8,48.0,6.2,0.0,11.305437481408365,0.01158889,0.00036769436,0.023529411764705882,0.49252782948315144,193,0
57_-126,2026-09-19,4,British Columbia,57.5,-125.5,10.0,60.0,7.9,0.2,10.890324618703588,0.01158889,0.00019753922,0.023529411764705882,0.49252782948315144,205,0
57_-126,2026-09-20,5,British Columbia,57.5,-125.5,7.6,80.0,10.6,0.5,8.489155327442784,0.008910148,0.00016979082,0.023529411764705882,0.37868130719289184,224,0
57_-126,2026-09-21,6,British Columbia,57.5,-125.5,7.0,64.0,4.7,0.8,4.336600086329517,0.006459243,0.00016979082,0.023529411764705882,0.27451783302240074,297,0
57_-126,2026-09-22,7,British Columbia,57.5,-125.5,4.3,84.0,5.3,2.1,0.7925680627207032,0.00510037,0.00010140445,0.023529411764705882,0.21676572156138718,369,0
57_-131,2026-09-15,0,British Columbia,57.5,-130.5,13.844465004660103,53.764930076994034,5.588668858211571,0.0,4.465400717773589,0.00510037,0.00010140445,0.00392156862745098,1.300594329368323,367,0
57_-131,2026-09-16,1,British Columbia,57.5,-130.5,9.3,68.0,8.2,0.0,4.860598068936544,0.0034599912,0.0,0.00392156862745098,0.8822977531235665,431,0
57_-131,2026-09-17,2,British Columbia,57.5,-130.5,10.1,65.0,4.7,0.0,4.229938710235359,0.0034599912,0.0,0.00392156862745098,0.8822977531235665,426,0
57_-131,2026-09-18,3,British Columbia,57.5,-130.5,10.0,58.0,7.1,0.0,5.051351363158743,0.003292181,0.0,0.00392156862745098,0.8395061711780727,449,0
57_-131,2026-09-19,4,British Columbia,57.5,-130.5,7.3,92.0,12.6,1.5,1.2562124661357108,0.0020446682,0.0,0.00392156862745098,0.5213903880212456,506,0
57_-131,2026-09-20,5,British Columbia,57.5,-130.5,6.3,92.0,10.6,10.0,0.0006427565605846238,0.0020446682,0.0,0.00392156862745098,0.5213903880212456,514,0
57_-131,2026-09-21,6,British Columbia,57.5,-130.5,5.9,76.0,10.1,0.6000000000000001,0.0554708092272726,0.0020446682,0.0,0.00392156862745098,0.5213903880212456,527,0
57_-131,2026-09-22,7,British Columbia,57.5,-130.5,4.0,93.0,6.5,5.6000000000000005,0.000109028633610372,0.0020446682,0.0,0.00392156862745098,0.5213903880212456,532,0
57_-132,2026-09-15,0,British Columbia,57.5,-131.5,13.394129698363637,56.6635914923874,4.9603984973300195,0.0,4.06952713198882,0.0020446682,0.0,0.00196078431372549,1.0427807760424912,543,0
57_-132,2026-09-16,1,British Columbia,57.5,-131.5,0.0,98.0,8.1,0.0,1.87625146626046,0.0020446682,0.0,0.00196078431372549,1.0427807760424912,531,0
57_-132,2026-09-17,2,British Columbia,57.5,-131.5,0.4,91.0,5.1,2.2,0.23933966446772578,0.0015167142,0.0,0.00196078431372549,0.7735242554917932,566,0
57_-132,2026-09-18,3,British Columbia,57.5,-131.5,1.4,74.0,6.7,0.0,0.5243549017790607,0.0007248675,0.0,0.00196078431372549,0.3696824301732704,623,0
57_-132,2026-09-19,4,British Columbia,57.5,-131.5,0.9,99.0,10.5,8.6,2.7846684932786097e-05,0.0007248675,0.0,0.00196078431372549,0.3696824301732704,630,0
57_-132,2026-09-20,5,British Columbia,57.5,-131.5,-1.0,97.0,6.7,35.400000000000006,6.07850377117203e-09,0.0012195122,0.0,0.00196078431372549,0.6219512200914323,589,0
57_-132,2026-09-21,6,British Columbia,57.5,-131.5,-1.7,97.0,4.8,5.0,2.841435779411486e-09,0.0007248675,0.0,0.00196078431372549,0.3696824301732704,636,0
57_-132,2026-09-22,7,British Columbia,57.5,-131.5,-1.6,90.0,4.2,1.4000000000000001,6.333562342611353e-08,0.0007248675,0.0,0.00196078431372549,0.3696824301732704,644,0
57_-96,2026-09-15,0,Manitoba,57.5,-95.5,5.642874002825333,80.0624207649678,26.82912099060287,3.243409566536927,2.8489961368626817,0.0006170935,0.0,0.0,,695,0
57_-96,2026-09-16,1,Manitoba,57.5,-95.5,10.6,65.0,14.0,0.9,0.7775317374997508,0.0007248675,0.0,0.0,,642,0
57_-96,2026-09-17,2,Manitoba,57.5,-95.5,7.1,59.0,8.4,3.8,0.18629159172291887,0.0007248675,0.0,0.0,,646,0
57_-96,2026-09-18,3,Manitoba,57.5,-95.5,13.6,72.0,20.0,3.3,0.3339027111831935,0.0007248675,0.0,0.0,,624,0
57_-96,2026-09-19,4,Manitoba,57.5,-95.5,9.7,55.0,19.5,0.4,0.8670124295226359,0.0007248675,0.0,0.0,,631,0
57_-96,2026-09-20,5,Manitoba,57.5,-95.5,11.5,70.0,14.3,0.0,1.200179288974562,0.0007248675,0.0,0.0,,631,0
57_-96,2026-09-21,6,Manitoba,57.5,-95.5,14.9,72.0,10.9,0.30000000000000004,1.739500508743186,0.0007248675,0.0,0.0,,637,0
57_-96,2026-09-22,7,Manitoba,57.5,-95.5,17.7,72.0,17.1,0.0,3.8099696565619823,0.0007248675,0.0,0.0,,645,0
58_-101,2026-09-15,0,Manitoba,58.5,-100.5,7.1549594159194045,59.190965759401465,9.944398922450963,1.211181318657154,0.8948727422678118,0.0007248675,0.0,0.0,,653,0
58_-101,2026-09-16,1,Manitoba,58.5,-100.5,1.9,99.0,9.2,9.7,2.5594746873661383e-05,0.00038029242,0.0,0.0,,701,0
58_-101,2026-09-17,2,Manitoba,58.5,-100.5,6.2,61.0,10.5,2.8000000000000003,0.010926368425319508,0.0007248675,0.0,0.0,,647,0
58_-101,2026-09-18,3,Manitoba,58.5,-100.5,12.5,70.0,12.6,2.8,0.0879117127859404,0.0006170935,0.0,0.0,,661,0
58_-101,2026-09-19,4,Manitoba,58.5,-100.5,10.7,56.0,9.4,0.0,0.38356862666814645,0.0007248675,0.0,0.0,,632,0
58_-101,2026-09-20,5,Manitoba,58.5,-100.5,11.2,82.0,19.7,3.8,0.1598024054984299,0.0006170935,0.0,0.0,,676,0
58_-101,2026-09-21,6,Manitoba,58.5,-100.5,16.9,67.0,13.5,1.9000000000000001,0.34204464393414497,0.0007248675,0.0,0.0,,638,0
58_-101,2026-09-22,7,Manitoba,58.5,-100.5,17.8,69.0,17.4,0.0,0.9006087015649464,0.0007248675,0.0,0.0,,646,0
58_-103,2026-09-15,0,Saskatchewan,58.5,-102.5,7.6720092628400005,80.25198493128167,7.837679240580663,1.1935719886425782,0.09489575017067017,0.0034599912,0.0,0.0058823529411764705,0.5881985020823777,450,0
58_-103,2026-09-16,1,Saskatchewan,58.5,-102.5,5.5,86.0,11.8,11.3,0.00022797738822989135,0.0034599912,0.0,0.0058823529411764705,0.5881985020823777,432,0
58_-103,2026-09-17,2,Saskatchewan,58.5,-102.5,8.8,57.0,13.7,3.0,0.05492369703851632,0.0034599912,0.0,0.0058823529411764705,0.5881985020823777,427,0
58_-103,2026-09-18,3,Saskatchewan,58.5,-102.5,9.3,78.0,18.9,1.5,0.2856100006344797,0.003292181,0.0,0.0058823529411764705,0.5596707807853818,450,0
58_-103,2026-09-19,4,Saskatchewan,58.5,-102.5,11.4,57.0,7.8,0.2,0.45979531122896317,0.0034599912,0.0,0.0058823529411764705,0.5881985020823777,409,0
58_-103,2026-09-20,5,Saskatchewan,58.5,-102.5,14.7,69.0,16.5,6.0,0.24215010328992861,0.0041958042,0.0,0.0058823529411764705,0.7132867211475968,347,0
58_-103,2026-09-21,6,Saskatchewan,58.5,-102.5,18.0,63.0,12.3,0.0,0.6621529383202766,0.005107495,0.00010140445,0.0058823529411764705,0.868274150416255,319,0
58_-103,2026-09-22,7,Saskatchewan,58.5,-102.5,18.3,68.0,15.1,0.0,2.4154380230882553,0.006459243,0.00010140445,0.0058823529411764705,1.098071332089603,311,0
58_-104,2026-09-15,0,Saskatchewan,58.5,-103.5,7.370013533589041,82.59933601538296,7.886808819657426,1.1956434473175719,0.0710601493797947,0.0027960227,0.0,0.00196078431372549,1.4259715704247355,490,0
58_-104,2026-09-16,1,Saskatchewan,58.5,-103.5,6.5,71.0,18.6,6.6000000000000005,0.03029697155215382,0.0022243848,0.0,0.00196078431372549,1.1344362515956163,492,0
58_-104,2026-09-17,2,Saskatchewan,58.5,-103.5,9.1,62.0,17.3,1.0999999999999999,0.4784124168688703,0.003292181,0.0,0.00196078431372549,1.6790123423561454,463,0
58_-104,2026-09-18,3,Saskatchewan,58.5,-103.5,8.2,80.0,21.0,1.3,0.7272512382921369,0.0020446682,0.0,0.00196078431372549,1.0427807760424912,513,0
58_-104,2026-09-19,4,Saskatchewan,58.5,-103.5,12.0,58.0,10.4,0.1,0.8013124193384997,0.003292181,0.0,0.00196078431372549,1.6790123423561454,446,0
58_-104,2026-09-20,5,Saskatchewan,58.5,-103.5,16.8,63.0,11.2,12.600000000000001,0.15460783397293554,0.0034599912,0.0,0.00196078431372549,1.764595506247133,416,0
58_-104,2026-09-21,6,Saskatchewan,58.5,-103.5,19.2,60.0,9.5,0.0,0.6501565412487093,0.0034599912,0.0,0.00196078431372549,1.764595506247133,429,0
58_-104,2026-09-22,7,Saskatchewan,58.5,-103.5,17.5,70.0,15.6,0.0,2.628537828043321,0.003771806,0.00010140445,0.00196078431372549,1.9236210105009377,381,0
58_-105,2026-09-15,0,Saskatchewan,58.5,-104.5,9.763589257226249,64.25799196868428,9.295007005338729,1.5215209311378985,0.2000080361567496,0.003292181,0.0,0.00196078431372549,1.6790123423561454,485,0
58_-105,2026-09-16,1,Saskatchewan,58.5,-104.5,6.7,65.0,16.0,4.4,0.1197557913522816,0.0020446682,0.0,0.00196078431372549,1.0427807760424912,532,0
58_-105,2026-09-17,2,Saskatchewan,58.5,-104.5,8.4,65.0,14.3,0.8,0.506916512280252,0.0022243848,0.0,0.00196078431372549,1.1344362515956163,490,0
58_-105,2026-09-18,3,Saskatchewan,58.5,-104.5,8.3,76.0,18.2,0.7000000000000001,0.8353977329345574,0.0015167142,0.0,0.00196078431372549,0.7735242554917932,550,0
58_-105,2026-09-19,4,Saskatchewan,58.5,-104.5,13.6,55.0,9.4,0.1,1.3671015546977896,0.0022243848,0.0,0.00196078431372549,1.1344362515956163,476,0
58_-105,2026-09-20,5,Saskatchewan,58.5,-104.5,16.9,65.0,13.5,8.0,0.2854165562775733,0.002782071,0.0,0.00196078431372549,1.4188562147319317,460,0
58_-105,2026-09-21,6,Saskatchewan,58.5,-104.5,19.7,60.0,12.3,0.0,0.8934163947730653,0.0034599912,0.0,0.00196078431372549,1.764595506247133,430,0
58_-105,2026-09-22,7,Saskatchewan,58.5,-104.5,19.0,64.0,14.2,0.0,3.49257573717988,0.0034599912,0.0,0.00196078431372549,1.764595506247133,436,0
58_-106,2026-09-15,0,Saskatchewan,58.5,-105.5,10.125880617197891,60.7674686333296,12.202424878949692,1.1785506741905891,1.1406986959333556,0.0020446682,0.0,0.00196078431372549,1.0427807760424912,544,0
58_-106,2026-09-16,1,Saskatchewan,58.5,-105.5,7.7,53.0,15.4,6.2,0.189985524640537,0.0020446682,0.0,0.00196078431372549,1.0427807760424912,533,0
58_-106,2026-09-17,2,Saskatchewan,58.5,-105.5,10.0,60.0,15.7,0.30000000000000004,0.7495113372723173,0.0020446682,0.0,0.00196078431372549,1.0427807760424912,526,0
58_-106,2026-09-18,3,Saskatchewan,58.5,-105.5,9.2,69.0,15.3,0.30000000000000004,1.3431577531075833,0.0015167142,0.0,0.00196078431372549,0.7735242554917932,551,0
58_-106,2026-09-19,4,Saskatchewan,58.5,-105.5,15.1,54.0,9.0,0.0,2.7409584565765273,0.0020446682,0.0,0.00196078431372549,1.0427807760424912,507,0
58_-106,2026-09-20,5,Saskatchewan,58.5,-105.5,17.8,63.0,10.7,5.5,0.39747082689106134,0.0022243848,0.0,0.00196078431372549,1.1344362515956163,475,0
58_-106,2026-09-21,6,Saskatchewan,58.5,-105.5,19.6,62.0,11.5,0.0,1.1251636344721858,0.003292181,0.0,0.00196078431372549,1.6790123423561454,472,0
58_-106,2026-09-22,7,Saskatchewan,58.5,-105.5,20.0,62.0,13.0,0.0,4.056354129680309,0.0034599912,0.0,0.00196078431372549,1.764595506247133,437,0
58_-107,2026-09-15,0,Saskatchewan,58.5,-106.5,10.163126244039567,63.030590954374134,13.88007231424448,1.0601812142129932,2.1367349032884793,0.002782071,0.0,0.00392156862745098,0.7094281073659658,501,0
58_-107,2026-09-16,1,Saskatchewan,58.5,-106.5,6.2,64.0,16.1,3.1,0.4823547604062096,0.0020446682,0.0,0.00392156862745098,0.5213903880212456,534,0
58_-107,2026-09-17,2,Saskatchewan,58.5,-106.5,10.8,56.0,16.8,0.9,1.3347297875229132,0.0020446682,0.0,0.00392156862745098,0.5213903880212456,527,0
58_-107,2026-09-18,3,Saskatchewan,58.5,-106.5,9.3,69.0,16.3,0.0,2.4847857360064225,0.0020446682,0.0,0.00392156862745098,0.5213903880212456,514,0
58_-107,2026-09-19,4,Saskatchewan,58.5,-106.5,15.2,57.0,10.6,0.0,3.8140072513446714,0.003292181,0.0,0.00392156862745098,0.8395061711780727,447,0
58_-107,2026-09-20,5,Saskatchewan,58.5,-106.5,18.2,58.0,10.6,0.0,5.577189935561177,0.0034599912,0.00010140445,0.00392156862745098,0.8822977531235665,417,0
58_-107,2026-09-21,6,Saskatchewan,58.5,-106.5,20.4,53.0,10.4,0.0,7.420750065369534,0.00510037,0.00013172916,0.00392156862745098,1.300594329368323,351,0
58_-107,2026-09-22,7,Saskatchewan,58.5,-106.5,19.6,62.0,11.5,0.0,8.329043867674791,0.003771806,0.00013172916,0.00392156862745098,0.9618105052504689,382,0
58_-108,2026-09-15,0,Saskatchewan,58.5,-107.5,9.888349167431455,68.97619000636182,15.271445423144197,0.8127056824272124,2.718323206080896,0.0015167142,0.0,0.00196078431372549,0.7735242554917932,590,0
58_-108,2026-09-16,1,Saskatchewan,58.5,-107.5,6.0,70.0,13.4,3.5,0.2924526216723568,0.0015167142,0.0,0.00196078431372549,0.7735242554917932,577,0
58_-108,2026-09-17,2,Saskatchewan,58.5,-107.5,11.8,57.0,18.2,0.8,1.5131997785912052,0.0015167142,0.0,0.00196078431372549,0.7735242554917932,567,0
58_-108,2026-09-18,3,Saskatchewan,58.5,-107.5,10.6,64.0,16.0,0.0,2.740074735925989,0.0015167142,0.0,0.00196078431372549,0.7735242554917932,552,0
58_-108,2026-09-19,4,Saskatchewan,58.5,-107.5,14.8,58.0,11.1,0.0,4.004937228223025,0.0020446682,0.0,0.00196078431372549,1.0427807760424912,508,0
58_-108,2026-09-20,5,Saskatchewan,58.5,-107.5,17.4,61.0,11.4,0.0,5.413936927463105,0.0020446682,0.0,0.00196078431372549,1.0427807760424912,515,0
58_-108,2026-09-21,6,Saskatchewan,58.5,-107.5,18.8,57.0,10.3,0.0,6.449138044664046,0.0022243848,0.0,0.00196078431372549,1.1344362515956163,489,0
58_-108,2026-09-22,7,Saskatchewan,58.5,-107.5,18.7,67.0,11.1,0.0,7.100834867968916,0.002782071,0.0,0.00196078431372549,1.4188562147319317,485,0
58_-109,2026-09-15,0,Saskatchewan,58.5,-108.5,10.371003664030203,68.1167465438583,14.260412529009928,1.1123702138114318,1.0009948542008493,0.0034599912,0.0,0.0058823529411764705,0.5881985020823777,451,0
58_-109,2026-09-16,1,Saskatchewan,58.5,-108.5,6.6,67.0,12.9,4.7,0.09138822840422249,0.003292181,0.0,0.0058823529411764705,0.5596707807853818,458,0
58_-109,2026-09-17,2,Saskatchewan,58.5,-108.5,12.5,60.0,15.1,0.4,0.6310965640070233,0.0034599912,0.0,0.0058823529411764705,0.5881985020823777,428,0
58_-109,2026-09-18,3,Saskatchewan,58.5,-108.5,11.7,64.0,14.6,0.0,1.2464712450658324,0.002782071,0.0,0.0058823529411764705,0.47295207157731056,462,0
58_-109,2026-09-19,4,Saskatchewan,58.5,-108.5,16.3,57.0,11.1,0.0,3.024388515071147,0.0034599912,0.00010140445,0.0058823529411764705,0.5881985020823777,410,0
58_-109,2026-09-20,5,Saskatchewan,58.5,-108.5,17.5,62.0,11.3,0.0,4.1705148050408,0.0034599912,0.00010140445,0.0058823529411764705,0.5881985020823777,418,0
58_-109,2026-09-21,6,Saskatchewan,58.5,-108.5,19.6,54.0,10.9,0.0,5.844768668926545,0.00510037,0.00013172916,0.0058823529411764705,0.8670628862455487,352,0
58_-109,2026-09-22,7,Saskatchewan,58.5,-108.5,19.3,67.0,9.4,0.0,5.720999701000729,0.00510037,0.00013172916,0.0058823529411764705,0.8670628862455487,370,0
58_-110,2026-09-15,0,Saskatchewan,58.5,-109.5,10.448442668343557,71.36110378783104,13.560683007784144,1.145703787695553,0.318729421535282,0.0007248675,0.0,0.0,,654,0
58_-110,2026-09-16,1,Saskatchewan,58.5,-109.5,7.3,64.0,11.2,5.1000000000000005,0.06044211046178449,0.0007248675,0.0,0.0,,643,0
58_-110,2026-09-17,2,Saskatchewan,58.5,-109.5,14.2,55.0,12.2,0.2,0.5137027306628937,0.0007248675,0.0,0.0,,648,0
58_-110,2026-09-18,3,Saskatchewan,58.5,-109.5,12.9,64.0,8.0,0.0,0.7004921476734343,0.0007248675,0.0,0.0,,625,0
58_-110,2026-09-19,4,Saskatchewan,58.5,-109.5,18.3,43.0,10.3,0.0,4.266890580360341,0.0015167142,0.0,0.0,,557,0
58_-110,2026-09-20,5,Saskatchewan,58.5,-109.5,17.8,58.0,10.2,0.0,4.819534431138583,0.0015167142,0.0,0.0,,558,0
58_-110,2026-09-21,6,Saskatchewan,58.5,-109.5,19.5,51.0,10.8,0.0,6.452035148773665,0.0022243848,0.00010140445,0.0,,490,0
58_-110,2026-09-22,7,Saskatchewan,58.5,-109.5,19.1,67.0,7.0,0.0,5.188863247581541,0.0020446682,0.0,0.0,,533,0
58_-111,2026-09-15,0,Alberta,58.5,-110.5,11.036052448107796,70.28825663229783,16.363147245761205,2.0215124074062514,0.3499150916836903,0.00510037,0.00013172916,0.011764705882352941,0.43353144312277436,368,0
58_-111,2026-09-16,1,Alberta,58.5,-110.5,8.4,61.0,9.6,3.1999999999999997,0.13607688118033648,0.00510037,0.00010140445,0.011764705882352941,0.43353144312277436,345,0
58_-111,2026-09-17,2,Alberta,58.5,-110.5,13.7,65.0,12.0,0.2,0.5172550667963851,0.005107495,0.00010140445,0.011764705882352941,0.4341370752081275,307,0
58_-111,2026-09-18,3,Alberta,58.5,-110.5,13.4,67.0,5.4,0.0,0.5836650570753114,0.00510037,0.000111117624,0.011764705882352941,0.43353144312277436,332,0
58_-111,2026-09-19,4,Alberta,58.5,-110.5,17.3,52.0,15.6,0.0,4.390647475990995,0.006459243,0.00016979082,0.011764705882352941,0.5490356660448015,290,0
58_-111,2026-09-20,5,Alberta,58.5,-110.5,18.1,61.0,9.0,0.4,3.834723784107884,0.006459243,0.00016979082,0.011764705882352941,0.5490356660448015,283,0
58_-111,2026-09-21,6,Alberta,58.5,-110.5,19.1,56.0,12.2,0.0,5.870126293597541,0.008237548,0.00019753922,0.011764705882352941,0.7001915946602821,264,0
58_-111,2026-09-22,7,Alberta,58.5,-110.5,17.5,72.0,7.2,0.0,4.233711559856651,0.006459243,0.00016979082,0.011764705882352941,0.5490356660448015,312,0
58_-112,2026-09-15,0,Alberta,58.5,-111.5,11.02523717049425,73.4507251989552,13.688311681073309,2.310433051175618,0.15800392216153764,0.0034599912,0.0,0.0058823529411764705,0.5881985020823777,452,0
58_-112,2026-09-16,1,Alberta,58.5,-111.5,8.6,64.0,8.5,1.2000000000000002,0.27187963037987656,0.0034599912,0.0,0.0058823529411764705,0.5881985020823777,433,0
58_-112,2026-09-17,2,Alberta,58.5,-111.5,14.4,57.0,7.9,0.0,0.5893918976212623,0.0041958042,0.0,0.0058823529411764705,0.7132867211475968,348,0
58_-112,2026-09-18,3,Alberta,58.5,-111.5,14.7,61.0,2.7,0.0,0.7694191486351076,0.0034599912,0.0,0.0058823529411764705,0.5881985020823777,413,0
58_-112,2026-09-19,4,Alberta,58.5,-111.5,17.5,52.0,11.7,0.0,4.418158321544234,0.0034599912,0.00013172916,0.0058823529411764705,0.5881985020823777,411,0
58_-112,2026-09-20,5,Alberta,58.5,-111.5,18.4,54.0,6.1,0.8,3.0157479732739647,0.003771806,0.00013172916,0.0058823529411764705,0.6412070035003126,352,0
58_-112,2026-09-21,6,Alberta,58.5,-111.5,19.3,49.0,10.3,0.0,6.409530031129201,0.005107495,0.00016979082,0.0058823529411764705,0.868274150416255,320,0
58_-112,2026-09-22,7,Alberta,58.5,-111.5,15.4,74.0,8.3,0.0,4.636634602596431,0.00510037,0.00013172916,0.0058823529411764705,0.8670628862455487,371,0
58_-114,2026-09-15,0,Alberta,58.5,-113.5,10.279530596627136,71.56974676045405,3.775905754990812,1.2281302819903765,0.17793432698868628,0.0034599912,0.0,0.0058823529411764705,0.5881985020823777,453,0
58_-114,2026-09-16,1,Alberta,58.5,-113.5,8.9,62.0,5.9,3.9,0.07217147973731627,0.0034599912,0.0,0.0058823529411764705,0.5881985020823777,434,0
58_-114,2026-09-17,2,Alberta,58.5,-113.5,12.1,69.0,14.1,0.0,0.609468163632094,0.0034599912,0.0,0.0058823529411764705,0.5881985020823777,429,0
58_-114,2026-09-18,3,Alberta,58.5,-113.5,11.7,90.0,3.1,1.4,0.22260376653640424,0.0034599912,0.0,0.0058823529411764705,0.5881985020823777,414,0
58_-114,2026-09-19,4,Alberta,58.5,-113.5,16.7,55.0,2.5,0.0,0.5148488474193066,0.0034599912,0.00010140445,0.0058823529411764705,0.5881985020823777,412,0
58_-114,2026-09-20,5,Alberta,58.5,-113.5,17.3,58.0,8.4,0.8999999999999999,1.4001581199443507,0.0034599912,0.00013172916,0.0058823529411764705,0.5881985020823777,419,0
58_-114,2026-09-21,6,Alberta,58.5,-113.5,18.0,53.0,10.3,0.0,4.659987064408093,0.0034599912,0.00013172916,0.0058823529411764705,0.5881985020823777,431,0
58_-114,2026-09-22,7,Alberta,58.5,-113.5,16.0,64.0,7.7,0.0,4.392699274906307,0.0034599912,0.00010140445,0.0058823529411764705,0.5881985020823777,438,0
58_-115,2026-09-15,0,Alberta,58.5,-114.5,9.942612753630115,73.9274134365322,3.4416995658968577,1.0228931805551338,0.18812213335727843,0.03278111,0.00014558106,0.06666666666666667,0.4917166382074356,25,1
58_-115,2026-09-16,1,Alberta,58.5,-114.5,8.7,65.0,5.2,3.8,0.060076627316905065,0.029426603,0.00013172916,0.06666666666666667,0.4413990397006273,53,1
58_-115,2026-09-17,2,Alberta,58.5,-114.5,13.4,63.0,13.6,0.0,0.6693510509991616,0.031681307,0.00015925014,0.06666666666666667,0.47521959990262985,49,1
58_-115,2026-09-18,3,Alberta,58.5,-114.5,13.7,67.0,4.0,0.0,0.6144985698820926,0.027721774,0.00013172916,0.06666666666666667,0.41582660749554634,84,0
58_-115,2026-09-19,4,Alberta,58.5,-114.5,14.3,61.0,4.4,0.0,1.293753659132619,0.031681307,0.00019753922,0.06666666666666667,0.47521959990262985,68,1
58_-115,2026-09-20,5,Alberta,58.5,-114.5,15.5,69.0,3.3,0.7000000000000001,0.9945338399120891,0.03278111,0.00016979082,0.06666666666666667,0.4917166382074356,63,1
58_-115,2026-09-21,6,Alberta,58.5,-114.5,16.8,55.0,8.0,0.0,4.038298815030626,0.03278111,0.00019753922,0.06666666666666667,0.4917166382074356,59,1
58_-115,2026-09-22,7,Alberta,58.5,-114.5,15.4,69.0,7.8,0.0,4.270787143067655,0.031681307,0.00016979082,0.06666666666666667,0.47521959990262985,78,1
58_-116,2026-09-15,0,Alberta,58.5,-115.5,9.358764493086188,78.51200585639211,5.646734429679706,0.46972213202949037,0.35704566819693656,0.017114606,0.00013172916,0.0392156862745098,0.43642244674265385,115,0
58_-116,2026-09-16,1,Alberta,58.5,-115.5,7.9,69.0,9.3,0.7,0.7000511344944312,0.015813954,0.00013172916,0.0392156862745098,0.4032558314502239,129,0
58_-116,2026-09-17,2,Alberta,58.5,-115.5,13.8,62.0,9.3,0.0,1.6411661943658424,0.020055054,0.00013172916,0.0392156862745098,0.5114038707688451,103,0
58_-116,2026-09-18,3,Alberta,58.5,-115.5,12.8,68.0,3.8,0.0,1.7382710761123819,0.019046638,0.00013172916,0.0392156862745098,0.4856892731040716,128,0
58_-116,2026-09-19,4,Alberta,58.5,-115.5,14.6,59.0,11.4,0.0,4.907013292884235,0.020055054,0.00016979082,0.0392156862745098,0.5114038707688451,122,0
58_-116,2026-09-20,5,Alberta,58.5,-115.5,16.1,65.0,4.5,0.6,3.287081918207148,0.026660934,0.00016979082,0.0392156862745098,0.6798538193106651,106,0
58_-116,2026-09-21,6,Alberta,58.5,-115.5,16.3,57.0,4.2,0.0,4.44916535520052,0.027218936,0.00019753922,0.0392156862745098,0.6940828682854772,102,0
58_-116,2026-09-22,7,Alberta,58.5,-115.5,13.3,79.0,7.9,0.6000000000000001,4.016437312202226,0.019046638,0.00016765662,0.0392156862745098,0.4856892731040716,152,0
58_-117,2026-09-15,0,Alberta,58.5,-116.5,10.22684211165799,74.36233481968807,5.123412692280603,0.04008670614198391,0.48725871117988573,0.03278111,0.00013172916,0.06274509803921569,0.5224489280954003,26,1
58_-117,2026-09-16,1,Alberta,58.5,-116.5,7.6,73.0,12.6,0.6000000000000001,0.9018060904992387,0.031681307,0.00013172916,0.06274509803921569,0.5049208248965442,46,1
58_-117,2026-09-17,2,Alberta,58.5,-116.5,14.9,59.0,7.6,0.0,1.9222384138651012,0.031681307,0.00016979082,0.06274509803921569,0.5049208248965442,50,1
58_-117,2026-09-18,3,Alberta,58.5,-116.5,12.3,67.0,3.1,0.0,1.9705442801956465,0.031681307,0.00016979082,0.06274509803921569,0.5049208248965442,60,1
58_-117,2026-09-19,4,Alberta,58.5,-116.5,13.9,64.0,9.3,0.0,4.08691812394683,0.03278111,0.00019753922,0.06274509803921569,0.5224489280954003,54,1
58_-117,2026-09-20,5,Alberta,58.5,-116.5,14.8,66.0,10.4,0.3,4.901283857941463,0.03278111,0.00016979082,0.06274509803921569,0.5224489280954003,64,1
58_-117,2026-09-21,6,Alberta,58.5,-116.5,16.4,59.0,7.1,0.0,5.150995642077634,0.03278111,0.00019753922,0.06274509803921569,0.5224489280954003,60,1
58_-117,2026-09-22,7,Alberta,58.5,-116.5,12.5,80.0,3.6,0.8999999999999999,1.4336024228273914,0.03278111,0.00016979082,0.06274509803921569,0.5224489280954003,59,1
58_-118,2026-09-15,0,Alberta,58.5,-117.5,9.96208402210337,75.12714008305272,9.061401350014547,0.6348644425190587,0.4260741341271619,0.026660934,0.00013172916,0.052941176470588235,0.5035954217116038,67,1
58_-118,2026-09-16,1,Alberta,58.5,-117.5,8.1,68.0,11.2,0.2,0.766202020042578,0.024334805,0.00013172916,0.052941176470588235,0.4596574294070403,76,1
58_-118,2026-09-17,2,Alberta,58.5,-117.5,15.8,49.0,16.8,0.0,4.861288491415516,0.026660934,0.00016979082,0.052941176470588235,0.5035954217116038,75,1
58_-118,2026-09-18,3,Alberta,58.5,-117.5,14.7,47.0,7.4,0.0,4.980852314598631,0.024334805,0.00016979082,0.052941176470588235,0.4596574294070403,101,0
58_-118,2026-09-19,4,Alberta,58.5,-117.5,14.4,64.0,7.9,0.0,5.444179845201213,0.029426603,0.00016979082,0.052941176470588235,0.5558358277711604,82,0
58_-118,2026-09-20,5,Alberta,58.5,-117.5,14.7,58.0,6.3,0.30000000000000004,5.3885899984982615,0.027721774,0.00019753922,0.052941176470588235,0.5236335057351325,99,0
58_-118,2026-09-21,6,Alberta,58.5,-117.5,15.6,55.0,4.5,0.0,5.330386875698572,0.031681307,0.00019753922,0.052941176470588235,0.5984246813588673,81,0
58_-118,2026-09-22,7,Alberta,58.5,-117.5,14.6,57.0,4.2,1.5,1.3662829584358955,0.027721774,0.00016979082,0.052941176470588235,0.5236335057351325,98,0
58_-119,2026-09-15,0,Alberta,58.5,-118.5,9.61436454850148,76.78101969608794,7.779557790047978,1.518709922509741,0.4041861002593625,0.019046638,0.00013172916,0.0392156862745098,0.4856892731040716,106,0
58_-119,2026-09-16,1,Alberta,58.5,-118.5,9.4,67.0,12.8,0.8,0.7453464391004794,0.017114606,0.00013172916,0.0392156862745098,0.43642244674265385,117,0
58_-119,2026-09-17,2,Alberta,58.5,-118.5,16.4,45.0,18.0,0.0,5.228862792452319,0.023706896,0.00016979082,0.0392156862745098,0.6045258538797498,94,0
58_-119,2026-09-18,3,Alberta,58.5,-118.5,15.7,43.0,6.5,0.0,5.406627007937785,0.027721774,0.00016979082,0.0392156862745098,0.7069052327424288,85,0
58_-119,2026-09-19,4,Alberta,58.5,-118.5,18.2,49.0,6.3,0.0,6.501390499023837,0.031681307,0.00019753922,0.0392156862745098,0.8078733198344707,69,1
58_-119,2026-09-20,5,Alberta,58.5,-118.5,18.1,46.0,12.0,0.1,9.791766245639497,0.031681307,0.00036769436,0.0392156862745098,0.8078733198344707,82,0
58_-119,2026-09-21,6,Alberta,58.5,-118.5,17.2,48.0,5.1,0.0,7.750099585472132,0.031681307,0.00019753922,0.0392156862745098,0.8078733198344707,82,0
58_-119,2026-09-22,7,Alberta,58.5,-118.5,15.6,50.0,2.3,0.30000000000000004,7.224874574854321,0.031681307,0.00019753922,0.0392156862745098,0.8078733198344707,79,0
58_-120,2026-09-15,0,Alberta,58.5,-119.5,12.486142857069805,46.61032566430275,6.834773505056686,0.30829861112740115,2.733031645144021,0.008910148,0.00013172916,0.0196078431372549,0.4544175686314702,214,0
58_-120,2026-09-16,1,Alberta,58.5,-119.5,10.7,59.0,7.1,0.4,3.9276817095225858,0.0085633695,0.00010140445,0.0196078431372549,0.43673184514045715,221,0
58_-120,2026-09-17,2,Alberta,58.5,-119.5,15.1,47.0,19.1,0.0,13.195684052084863,0.01158889,0.00016979082,0.0196078431372549,0.5910333953797817,194,0
58_-120,2026-09-18,3,Alberta,58.5,-119.5,14.6,43.0,8.3,0.0,10.720053465128352,0.01158889,0.00016979082,0.0196078431372549,0.5910333953797817,194,0
58_-120,2026-09-19,4,Alberta,58.5,-119.5,16.9,50.0,9.2,0.0,11.56476801996443,0.013233952,0.00019753922,0.0196078431372549,0.674931563436985,165,0
58_-120,2026-09-20,5,Alberta,58.5,-119.5,18.1,43.0,16.4,0.0,17.746656667459266,0.013666987,0.00036769436,0.0196078431372549,0.6970163583755493,170,0
58_-120,2026-09-21,6,Alberta,58.5,-119.5,15.9,51.0,7.4,0.0,12.911650973100368,0.01158889,0.00036769436,0.0196078431372549,0.5910333953797817,212,0
58_-120,2026-09-22,7,Alberta,58.5,-119.5,14.2,54.0,3.5,0.0,10.650883053512542,0.01158889,0.00019753922,0.0196078431372549,0.5910333953797817,225,0
58_-121,2026-09-15,0,British Columbia,58.5,-120.5,13.032549662113846,46.71097592595398,6.0540134694244045,0.10083974479503759,4.736436023975966,0.005107495,0.00013172916,0.00980392156862745,0.520964490249753,329,0
58_-121,2026-09-16,1,British Columbia,58.5,-120.5,11.7,55.0,2.6,0.2,4.608646516155345,0.006459243,0.00013172916,0.00980392156862745,0.6588427992537618,281,0
58_-121,2026-09-17,2,British Columbia,58.5,-120.5,17.2,39.0,19.9,0.0,20.331745674930385,0.01158889,0.00036769436,0.00980392156862745,1.1820667907595634,195,0
58_-121,2026-09-18,3,British Columbia,58.5,-120.5,16.7,38.0,3.0,0.0,12.49897420210014,0.01158889,0.00036769436,0.00980392156862745,1.1820667907595634,195,0
58_-121,2026-09-19,4,British Columbia,58.5,-120.5,17.6,51.0,3.5,0.0,12.974352995790388,0.01158889,0.00036769436,0.00980392156862745,1.1820667907595634,206,0
58_-121,2026-09-20,5,British Columbia,58.5,-120.5,19.8,40.0,15.6,0.0,22.447943175042937,0.013233952,0.0007264472,0.00980392156862745,1.34986312687397,179,0
58_-121,2026-09-21,6,British Columbia,58.5,-120.5,17.2,45.0,4.5,0.0,15.271691934953067,0.01158889,0.00036769436,0.00980392156862745,1.1820667907595634,213,0
58_-121,2026-09-22,7,British Columbia,58.5,-120.5,14.3,53.0,2.1,0.0,12.71200314751416,0.01158889,0.00036769436,0.00980392156862745,1.1820667907595634,226,0
58_-122,2026-09-15,0,British Columbia,58.5,-121.5,13.239430328144353,51.06877463448691,3.780874394160956,0.0,6.931507935100998,0.008237548,0.00016979082,0.011764705882352941,0.7001915946602821,256,0
58_-122,2026-09-16,1,British Columbia,58.5,-121.5,11.8,56.0,3.0,0.0,8.043222896326332,0.0085633695,0.00016979082,0.011764705882352941,0.7278864085674286,222,0
58_-122,2026-09-17,2,British Columbia,58.5,-121.5,16.8,39.0,18.6,0.0,24.019171602300407,0.01158889,0.00036769436,0.011764705882352941,0.9850556589663029,196,0
58_-122,2026-09-18,3,British Columbia,58.5,-121.5,16.4,38.0,2.0,0.0,14.472405920265563,0.013233952,0.00036769436,0.011764705882352941,1.1248859390616417,157,0
58_-122,2026-09-19,4,British Columbia,58.5,-121.5,17.3,50.0,2.4,0.0,14.899661743379898,0.013666987,0.00036769436,0.011764705882352941,1.1616939306259155,159,0
58_-122,2026-09-20,5,British Columbia,58.5,-121.5,18.2,44.0,10.0,0.0,20.253143335278004,0.013666987,0.0007264472,0.011764705882352941,1.1616939306259155,171,0
58_-122,2026-09-21,6,British Columbia,58.5,-121.5,16.7,42.0,0.9,0.0,14.692227922197004,0.01158889,0.00036769436,0.011764705882352941,0.9850556589663029,214,0
58_-122,2026-09-22,7,British Columbia,58.5,-121.5,13.0,56.0,1.3,0.0,13.403289382348,0.01158889,0.00036769436,0.011764705882352941,0.9850556589663029,227,0
58_-123,2026-09-15,0,British Columbia,58.5,-122.5,12.315605054985204,55.365893682981316,5.503824527688527,0.0,8.65793453257376,0.01158889,0.00019753922,0.01764705882352941,0.6567037726442019,190,0
58_-123,2026-09-16,1,British Columbia,58.5,-122.5,13.2,50.0,3.2,0.0,9.309367340502234,0.013666987,0.00036769436,0.01764705882352941,0.774462620417277,137,0
58_-123,2026-09-17,2,British Columbia,58.5,-122.5,17.0,39.0,12.2,0.0,18.495508512691533,0.019046638,0.0007264472,0.01764705882352941,1.079309495786826,117,0
58_-123,2026-09-18,3,British Columbia,58.5,-122.5,16.3,38.0,7.8,0.0,17.22902731711434,0.019046638,0.00036769436,0.01764705882352941,1.079309495786826,129,0
58_-123,2026-09-19,4,British Columbia,58.5,-122.5,19.2,39.0,9.1,0.0,19.333577232894314,0.023706896,0.0007264472,0.01764705882352941,1.3433907863994439,117,0
58_-123,2026-09-20,5,British Columbia,58.5,-122.5,18.8,42.0,12.2,0.0,22.159692644471896,0.021778585,0.00086677365,0.01764705882352941,1.2341198387245338,125,0
58_-123,2026-09-21,6,British Columbia,58.5,-122.5,16.9,40.0,2.8,0.0,16.028003421632274,0.019046638,0.00046264168,0.01764705882352941,1.079309495786826,140,0
58_-123,2026-09-22,7,British Columbia,58.5,-122.5,14.3,44.0,0.2,0.0,14.592900319374124,0.019046638,0.00036769436,0.01764705882352941,1.079309495786826,153,0
58_-124,2026-09-15,0,British Columbia,58.5,-123.5,13.146801407559536,49.534279447495244,6.698901004323258,0.0,11.807707798477535,0.01158889,0.00019753922,0.01568627450980392,0.7387917442247272,191,0
58_-124,2026-09-16,1,British Columbia,58.5,-123.5,15.6,40.0,1.8,0.0,11.583856565484533,0.013233952,0.00036769436,0.01568627450980392,0.8436644542962313,144,0
58_-124,2026-09-17,2,British Columbia,58.5,-123.5,15.3,36.0,9.6,0.0,18.56387266539793,0.013233952,0.00036769436,0.01568627450980392,0.8436644542962313,151,0
58_-124,2026-09-18,3,British Columbia,58.5,-123.5,14.7,43.0,5.7,0.0,16.38358758906533,0.01158889,0.00036769436,0.01568627450980392,0.7387917442247272,196,0
58_-124,2026-09-19,4,British Columbia,58.5,-123.5,15.9,46.0,11.9,0.0,21.02999405744125,0.01158889,0.00036769436,0.01568627450980392,0.7387917442247272,207,0
58_-124,2026-09-20,5,British Columbia,58.5,-123.5,12.8,56.0,10.1,0.1,17.19413330606147,0.008910148,0.00036769436,0.01568627450980392,0.5680219607893378,225,0
58_-124,2026-09-21,6,British Columbia,58.5,-123.5,13.5,44.0,8.6,0.0,16.555205867923913,0.008910148,0.00036769436,0.01568627450980392,0.5680219607893378,236,0
58_-124,2026-09-22,7,British Columbia,58.5,-123.5,12.5,48.0,4.4,0.1,14.330642863641156,0.008910148,0.00019753922,0.01568627450980392,0.5680219607893378,246,0
58_-125,2026-09-15,0,British Columbia,58.5,-124.5,14.971716569417358,37.14234165513139,8.50589819506693,0.0,12.867741296654744,0.0022243848,0.0,0.0,,517,0
58_-125,2026-09-16,1,British Columbia,58.5,-124.5,9.9,46.0,16.7,0.0,17.696362938852168,0.0020446682,0.0,0.0,,535,0
58_-125,2026-09-17,2,British Columbia,58.5,-124.5,8.7,45.0,18.5,0.0,18.90530773049953,0.0020446682,0.00010140445,0.0,,528,0
58_-125,2026-09-18,3,British Columbia,58.5,-124.5,10.5,46.0,4.2,0.0,11.080925739533377,0.0020446682,0.0,0.0,,515,0
58_-125,2026-09-19,4,British Columbia,58.5,-124.5,9.6,57.0,16.1,0.0,15.463398423281873,0.0015167142,0.0,0.0,,558,0
58_-125,2026-09-20,5,British Columbia,58.5,-124.5,10.0,60.0,15.4,2.7,3.4072902606036517,0.0015167142,0.0,0.0,,559,0
58_-125,2026-09-21,6,British Columbia,58.5,-124.5,7.9,50.0,3.9,0.30000000000000004,2.7273530313013574,0.0015167142,0.0,0.0,,573,0
58_-125,2026-09-22,7,British Columbia,58.5,-124.5,6.6,60.0,3.3,0.8,2.566366225722477,0.0007248675,0.0,0.0,,647,0
58_-126,2026-09-15,0,British Columbia,58.5,-125.5,15.51110620422664,33.44948615907622,8.387372196730771,0.0,12.063990661490791,0.0034599912,0.00013172916,0.00196078431372549,1.764595506247133,454,0
58_-126,2026-09-16,1,British Columbia,58.5,-125.5,7.4,60.0,16.2,0.0,12.236037787200146,0.002782071,0.00010140445,0.00196078431372549,1.4188562147319317,477,0
58_-126,2026-09-17,2,British Columbia,58.5,-125.5,6.6,60.0,17.0,0.0,11.38097732384607,0.0022243848,0.00010140445,0.00196078431372549,1.1344362515956163,491,0
58_-126,2026-09-18,3,British Columbia,58.5,-125.5,9.7,50.0,10.3,0.0,8.87444113423299,0.0020446682,0.0,0.00196078431372549,1.0427807760424912,516,0
58_-126,2026-09-19,4,British Columbia,58.5,-125.5,7.4,71.0,15.4,1.9,2.8313168182671857,0.0015167142,0.00010140445,0.00196078431372549,0.7735242554917932,559,0
58_-126,2026-09-20,5,British Columbia,58.5,-125.5,7.7,74.0,21.3,0.5,5.393103797910277,0.0015167142,0.0,0.00196078431372549,0.7735242554917932,560,0
58_-126,2026-09-21,6,British Columbia,58.5,-125.5,5.5,66.0,10.4,1.0999999999999999,2.4333035176939966,0.0007248675,0.0,0.00196078431372549,0.3696824301732704,639,0
58_-126,2026-09-22,7,British Columbia,58.5,-125.5,3.6,79.0,10.1,1.2000000000000002,1.7719223282487107,0.0007248675,0.0,0.00196078431372549,0.3696824301732704,648,0
58_-128,2026-09-15,0,British Columbia,58.5,-127.5,15.205657346664974,34.80153789631873,5.467999330371761,0.0,10.004261290198073,0.006459243,0.00013172916,0.0058823529411764705,1.098071332089603,293,0
58_-128,2026-09-16,1,British Columbia,58.5,-127.5,9.5,61.0,16.6,0.0,11.865488906886728,0.00510037,0.00010140445,0.0058823529411764705,0.8670628862455487,346,0
58_-128,2026-09-17,2,British Columbia,58.5,-127.5,9.2,55.0,14.1,0.1,10.850126025514339,0.0034599912,0.00010140445,0.0058823529411764705,0.5881985020823777,430,0
58_-128,2026-09-18,3,British Columbia,58.5,-127.5,11.4,50.0,6.9,0.0,8.279649652247302,0.0034599912,0.00010140445,0.0058823529411764705,0.5881985020823777,415,0
58_-128,2026-09-19,4,British Columbia,58.5,-127.5,8.3,79.0,12.4,2.5,1.105905280244146,0.003292181,0.0,0.0058823529411764705,0.5596707807853818,448,0
58_-128,2026-09-20,5,British Columbia,58.5,-127.5,8.4,87.0,10.1,1.5,0.6371014051761936,0.0034599912,0.0,0.0058823529411764705,0.5881985020823777,420,0
58_-128,2026-09-21,6,British Columbia,58.5,-127.5,7.8,57.0,9.6,1.8,0.825401504701733,0.003292181,0.0,0.0058823529411764705,0.5596707807853818,473,0
58_-128,2026-09-22,7,British Columbia,58.5,-127.5,5.9,72.0,6.7,0.10000000000000012,0.9947050610273828,0.0020446682,0.0,0.0058823529411764705,0.34759359201416373,534,0
58_-131,2026-09-15,0,British Columbia,58.5,-130.5,12.256463077882069,48.61446758556552,7.68443976935455,0.0,4.706782097730292,0.0034599912,0.0,0.00392156862745098,0.8822977531235665,455,0
58_-131,2026-09-16,1,British Columbia,58.5,-130.5,5.2,78.0,11.8,0.0,4.260364484905013,0.003292181,0.0,0.00392156862745098,0.8395061711780727,459,0
58_-131,2026-09-17,2,British Columbia,58.5,-130.5,7.1,64.0,12.5,0.1,4.641664610123682,0.0022243848,0.0,0.00392156862745098,0.5672181257978082,492,0
58_-131,2026-09-18,3,British Columbia,58.5,-130.5,7.5,60.0,7.4,0.0,3.884558922779646,0.0020446682,0.0,0.00392156862745098,0.5213903880212456,517,0
58_-131,2026-09-19,4,British Columbia,58.5,-130.5,7.8,71.0,15.0,0.7000000000000001,4.130110599209631,0.0020446682,0.0,0.00392156862745098,0.5213903880212456,509,0
58_-131,2026-09-20,5,British Columbia,58.5,-130.5,4.9,93.0,14.6,3.4,0.1265847613761477,0.0020446682,0.0,0.00392156862745098,0.5213903880212456,516,0
58_-131,2026-09-21,6,British Columbia,58.5,-130.5,5.3,67.0,12.7,0.7,0.5838215648868629,0.0020446682,0.0,0.00392156862745098,0.5213903880212456,528,0
58_-131,2026-09-22,7,British Columbia,58.5,-130.5,3.1,86.0,6.6,1.3,0.309417553311709,0.0020446682,0.0,0.00392156862745098,0.5213903880212456,535,0
58_-132,2026-09-15,0,British Columbia,58.5,-131.5,12.328740726427524,50.63217102640837,6.30812004772368,0.0,4.669230027206009,0.003771806,0.0,0.0058823529411764705,0.6412070035003126,384,0
58_-132,2026-09-16,1,British Columbia,58.5,-131.5,4.0,87.0,23.2,0.0,6.405992363122814,0.0034599912,0.0,0.0058823529411764705,0.5881985020823777,435,0
58_-132,2026-09-17,2,British Columbia,58.5,-131.5,4.6,65.0,15.7,0.0,5.000013816353516,0.003292181,0.0,0.0058823529411764705,0.5596707807853818,464,0
58_-132,2026-09-18,3,British Columbia,58.5,-131.5,4.6,65.0,17.4,0.0,5.8413939047373455,0.0022243848,0.0,0.0058823529411764705,0.3781454171985388,478,0
58_-132,2026-09-19,4,British Columbia,58.5,-131.5,4.8,85.0,27.8,0.8,5.8350828890733215,0.0022243848,0.0,0.0058823529411764705,0.3781454171985388,477,0
58_-132,2026-09-20,5,British Columbia,58.5,-131.5,2.8,86.0,26.1,7.2,0.0508709073773901,0.0020446682,0.0,0.0058823529411764705,0.34759359201416373,517,0
58_-132,2026-09-21,6,British Columbia,58.5,-131.5,2.5,75.0,20.0,0.8,0.38602985892571834,0.0020446682,0.0,0.0058823529411764705,0.34759359201416373,529,0
58_-132,2026-09-22,7,British Columbia,58.5,-131.5,1.5,81.0,14.1,1.7000000000000002,0.22543082212711632,0.0020446682,0.0,0.0058823529411764705,0.34759359201416373,536,0
59_-103,2026-09-15,0,Saskatchewan,59.5,-102.5,9.208241802551573,69.17222869352082,11.356512667450403,1.080483586606298,1.4286055647069418,0.0007248675,0.0,0.0,,655,0
59_-103,2026-09-16,1,Saskatchewan,59.5,-102.5,6.3,62.0,12.3,1.2999999999999998,0.6987133204497069,0.0007248675,0.0,0.0,,644,0
59_-103,2026-09-17,2,Saskatchewan,59.5,-102.5,7.9,50.0,14.6,0.8,1.7925632646763654,0.0007248675,0.0,0.0,,649,0
59_-103,2026-09-18,3,Saskatchewan,59.5,-102.5,8.3,83.0,18.0,0.4,2.8820819051357502,0.00038029242,0.0,0.0,,687,0
59_-103,2026-09-19,4,Saskatchewan,59.5,-102.5,12.0,55.0,10.2,0.30000000000000004,3.6546144048844926,0.0007248675,0.0,0.0,,633,0
59_-103,2026-09-20,5,Saskatchewan,59.5,-102.5,15.0,71.0,13.9,2.7,0.8648630202082584,0.0007248675,0.0,0.0,,632,0
59_-103,2026-09-21,6,Saskatchewan,59.5,-102.5,18.6,61.0,15.0,0.0,3.492556406668415,0.0007248675,0.0,0.0,,640,0
59_-103,2026-09-22,7,Saskatchewan,59.5,-102.5,18.0,68.0,16.6,0.0,5.819897511033502,0.0007248675,0.0,0.0,,649,0
59_-104,2026-09-15,0,Saskatchewan,59.5,-103.5,9.555140086490034,66.65531099242243,12.032308315338497,1.045252815321682,1.714987121608644,0.0015167142,0.0,0.00196078431372549,0.7735242554917932,591,0
59_-104,2026-09-16,1,Saskatchewan,59.5,-103.5,5.7,68.0,13.0,1.5999999999999999,0.617014449954483,0.0015167142,0.0,0.00196078431372549,0.7735242554917932,578,0
59_-104,2026-09-17,2,Saskatchewan,59.5,-103.5,8.3,59.0,15.0,1.5,0.9314143969628045,0.0015167142,0.0,0.00196078431372549,0.7735242554917932,568,0
59_-104,2026-09-18,3,Saskatchewan,59.5,-103.5,8.1,81.0,17.5,0.5,1.991798838083385,0.0007248675,0.0,0.00196078431372549,0.3696824301732704,626,0
59_-104,2026-09-19,4,Saskatchewan,59.5,-103.5,12.0,56.0,8.0,0.0,2.3099775471476627,0.0015167142,0.0,0.00196078431372549,0.7735242554917932,560,0
59_-104,2026-09-20,5,Saskatchewan,59.5,-103.5,16.0,68.0,12.8,3.3,0.7067809078218165,0.0015167142,0.0,0.00196078431372549,0.7735242554917932,561,0
59_-104,2026-09-21,6,Saskatchewan,59.5,-103.5,18.0,64.0,12.9,0.0,2.2343407127135833,0.0020446682,0.0,0.00196078431372549,1.0427807760424912,530,0
59_-104,2026-09-22,7,Saskatchewan,59.5,-103.5,18.2,67.0,15.5,0.0,4.939263342765863,0.002782071,0.0,0.00196078431372549,1.4188562147319317,486,0
59_-105,2026-09-15,0,Saskatchewan,59.5,-104.5,10.137746359114157,62.91866096754783,13.67960060566964,0.8949211957619053,2.5974340854649713,0.0034599912,0.0,0.00392156862745098,0.8822977531235665,456,0
59_-105,2026-09-16,1,Saskatchewan,59.5,-104.5,6.7,61.0,13.8,2.1,0.7276530034222538,0.003292181,0.0,0.00392156862745098,0.8395061711780727,460,0
59_-105,2026-09-17,2,Saskatchewan,59.5,-104.5,8.5,67.0,14.1,2.8000000000000003,0.44451466163277337,0.003292181,0.0,0.00392156862745098,0.8395061711780727,465,0
59_-105,2026-09-18,3,Saskatchewan,59.5,-104.5,9.4,71.0,15.5,2.4,0.41614867449899295,0.0022243848,0.0,0.00392156862745098,0.5672181257978082,479,0
59_-105,2026-09-19,4,Saskatchewan,59.5,-104.5,12.4,56.0,8.4,0.0,0.6849622779063851,0.0034599912,0.0,0.00392156862745098,0.8822977531235665,413,0
59_-105,2026-09-20,5,Saskatchewan,59.5,-104.5,16.3,66.0,12.9,5.7,0.32137782797232706,0.0034599912,0.0,0.00392156862745098,0.8822977531235665,421,0
59_-105,2026-09-21,6,Saskatchewan,59.5,-104.5,17.9,64.0,12.6,0.0,0.8570496445414562,0.0034599912,0.00010140445,0.00392156862745098,0.8822977531235665,432,0
59_-105,2026-09-22,7,Saskatchewan,59.5,-104.5,18.8,66.0,14.1,0.0,3.1598400328162377,0.00510037,0.00010140445,0.00392156862745098,1.300594329368323,372,0
59_-106,2026-09-15,0,Saskatchewan,59.5,-105.5,10.687213426689055,61.93651358598589,16.782541540284335,0.5260563051925838,4.771195488002658,0.006459243,0.00013172916,0.011764705882352941,0.5490356660448015,294,0
59_-106,2026-09-16,1,Saskatchewan,59.5,-105.5,5.6,66.0,12.8,1.1,2.2682648682079893,0.00510037,0.00013172916,0.011764705882352941,0.43353144312277436,347,0
59_-106,2026-09-17,2,Saskatchewan,59.5,-105.5,8.1,69.0,14.6,1.8,1.7195112053704527,0.00510037,0.00013172916,0.011764705882352941,0.43353144312277436,340,0
59_-106,2026-09-18,3,Saskatchewan,59.5,-105.5,9.6,64.0,17.6,0.10000000000000012,3.8487222245079495,0.00510037,0.00013172916,0.011764705882352941,0.43353144312277436,333,0
59_-106,2026-09-19,4,Saskatchewan,59.5,-105.5,11.6,61.0,9.5,0.0,4.04852909937949,0.005107495,0.00013172916,0.011764705882352941,0.4341370752081275,309,0
59_-106,2026-09-20,5,Saskatchewan,59.5,-105.5,16.1,68.0,12.5,4.0,0.7709129602954254,0.008237548,0.00016979082,0.011764705882352941,0.7001915946602821,260,0
59_-106,2026-09-21,6,Saskatchewan,59.5,-105.5,17.7,62.0,11.6,0.0,2.47366625281242,0.008237548,0.00016979082,0.011764705882352941,0.7001915946602821,265,0
59_-106,2026-09-22,7,Saskatchewan,59.5,-105.5,17.6,70.0,12.2,0.0,4.407800629396435,0.0085633695,0.00016979082,0.011764705882352941,0.7278864085674286,264,0
59_-107,2026-09-15,0,Saskatchewan,59.5,-106.5,9.864437469702601,67.9157919790567,15.737733896613571,0.8421437798682299,3.3578496358867262,0.0034599912,0.0,0.0058823529411764705,0.5881985020823777,457,0
59_-107,2026-09-16,1,Saskatchewan,59.5,-106.5,6.7,56.0,10.3,0.4,2.754142945597166,0.0034599912,0.0,0.0058823529411764705,0.5881985020823777,436,0
59_-107,2026-09-17,2,Saskatchewan,59.5,-106.5,7.2,75.0,14.4,0.5,4.039733497170081,0.003292181,0.0,0.0058823529411764705,0.5596707807853818,466,0
59_-107,2026-09-18,3,Saskatchewan,59.5,-106.5,9.4,65.0,15.2,0.2,5.424735269444821,0.0034599912,0.0,0.0058823529411764705,0.5881985020823777,416,0
59_-107,2026-09-19,4,Saskatchewan,59.5,-106.5,12.4,59.0,9.6,0.0,5.319305026683065,0.0034599912,0.0,0.0058823529411764705,0.5881985020823777,414,0
59_-107,2026-09-20,5,Saskatchewan,59.5,-106.5,15.6,72.0,11.9,2.1,1.4663890657023522,0.0039100684,0.0,0.0058823529411764705,0.664711631834507,349,0
59_-107,2026-09-21,6,Saskatchewan,59.5,-106.5,17.8,58.0,12.5,0.0,4.433740510111387,0.00510037,0.00010140445,0.0058823529411764705,0.8670628862455487,353,0
59_-107,2026-09-22,7,Saskatchewan,59.5,-106.5,18.5,67.0,8.9,0.0,5.07142988809383,0.006459243,0.00010140445,0.0058823529411764705,1.098071332089603,313,0
59_-108,2026-09-15,0,Saskatchewan,59.5,-107.5,8.755031909349473,76.3620659363319,13.823581830012456,1.3574046688829107,1.216883611969426,0.003771806,0.00010140445,0.00784313725490196,0.4809052526252344,385,0
59_-108,2026-09-16,1,Saskatchewan,59.5,-107.5,6.7,58.0,10.9,0.5,1.2650109359251338,0.0034599912,0.00010140445,0.00784313725490196,0.44114887656178325,437,0
59_-108,2026-09-17,2,Saskatchewan,59.5,-107.5,8.5,67.0,15.2,0.6,2.841450420176916,0.0034599912,0.00010140445,0.00784313725490196,0.44114887656178325,431,0
59_-108,2026-09-18,3,Saskatchewan,59.5,-107.5,9.4,66.0,13.1,0.9,2.1908032705944804,0.0034599912,0.00010140445,0.00784313725490196,0.44114887656178325,417,0
59_-108,2026-09-19,4,Saskatchewan,59.5,-107.5,13.1,57.0,10.9,0.0,3.9165076447335148,0.0039100684,0.00010140445,0.00784313725490196,0.49853372387588024,344,0
59_-108,2026-09-20,5,Saskatchewan,59.5,-107.5,14.3,78.0,11.1,1.9000000000000001,0.8453734176658134,0.00510037,0.00010140445,0.00784313725490196,0.6502971646841615,339,0
59_-108,2026-09-21,6,Saskatchewan,59.5,-107.5,16.6,61.0,13.4,0.0,3.230035915763553,0.005107495,0.00013172916,0.00784313725490196,0.6512056128121912,321,0
59_-108,2026-09-22,7,Saskatchewan,59.5,-107.5,17.7,70.0,7.9,0.0,3.4321707103652637,0.006459243,0.00013172916,0.00784313725490196,0.8235534990672022,314,0
59_-109,2026-09-15,0,Saskatchewan,59.5,-108.5,10.475352387391526,56.39239773437167,18.02503573247027,0.030263406929520342,5.109389469651572,0.00510037,0.00010140445,0.00784313725490196,0.6502971646841615,369,0
59_-109,2026-09-16,1,Saskatchewan,59.5,-108.5,7.3,65.0,13.0,0.0,4.462599206864118,0.00510037,0.00013172916,0.00784313725490196,0.6502971646841615,348,0
59_-109,2026-09-17,2,Saskatchewan,59.5,-108.5,9.8,68.0,15.7,0.5,5.582041783139837,0.0034599912,0.00010140445,0.00784313725490196,0.44114887656178325,432,0
59_-109,2026-09-18,3,Saskatchewan,59.5,-108.5,9.8,67.0,12.1,1.6,1.6001567435948465,0.0034599912,0.00010140445,0.00784313725490196,0.44114887656178325,418,0
59_-109,2026-09-19,4,Saskatchewan,59.5,-108.5,12.3,67.0,14.0,0.0,3.4980520490538534,0.0034599912,0.00010140445,0.00784313725490196,0.44114887656178325,415,0
59_-109,2026-09-20,5,Saskatchewan,59.5,-108.5,14.1,80.0,6.7,0.8999999999999999,1.356310747437165,0.00510037,0.00010140445,0.00784313725490196,0.6502971646841615,340,0
59_-109,2026-09-21,6,Saskatchewan,59.5,-108.5,15.8,65.0,12.4,0.0,4.427859793110941,0.00510037,0.00013172916,0.00784313725490196,0.6502971646841615,354,0
59_-109,2026-09-22,7,Saskatchewan,59.5,-108.5,16.2,77.0,7.1,0.0,3.619341207317695,0.005107495,0.00013172916,0.00784313725490196,0.6512056128121912,339,0
59_-110,2026-09-15,0,Saskatchewan,59.5,-109.5,10.677777269618108,63.96617311186662,16.961619434287616,1.1027651783267873,2.719718119443,0.0015167142,0.0,0.00196078431372549,0.7735242554917932,592,0
59_-110,2026-09-16,1,Saskatchewan,59.5,-109.5,7.8,57.0,15.1,1.2,0.9737060994393137,0.0015167142,0.0,0.00196078431372549,0.7735242554917932,579,0
59_-110,2026-09-17,2,Saskatchewan,59.5,-109.5,11.3,65.0,13.0,0.0,2.1570011397550797,0.0020446682,0.0,0.00196078431372549,1.0427807760424912,529,0
59_-110,2026-09-18,3,Saskatchewan,59.5,-109.5,11.4,61.0,11.6,2.1,0.7596890117733456,0.0015167142,0.0,0.00196078431372549,0.7735242554917932,553,0
59_-110,2026-09-19,4,Saskatchewan,59.5,-109.5,12.4,78.0,16.5,0.0,1.9836953182065495,0.0015167142,0.0,0.00196078431372549,0.7735242554917932,561,0
59_-110,2026-09-20,5,Saskatchewan,59.5,-109.5,17.5,64.0,4.8,0.6000000000000001,1.5426455464804831,0.0020446682,0.0,0.00196078431372549,1.0427807760424912,518,0
59_-110,2026-09-21,6,Saskatchewan,59.5,-109.5,18.5,54.0,7.3,0.0,4.371060368192253,0.0022243848,0.0,0.00196078431372549,1.1344362515956163,491,0
59_-110,2026-09-22,7,Saskatchewan,59.5,-109.5,18.2,72.0,3.3,0.0,3.7280006322665598,0.002782071,0.0,0.00196078431372549,1.4188562147319317,487,0
59_-111,2026-09-15,0,Alberta,59.5,-110.5,10.341656596176472,72.6821449715721,14.766649420586685,2.0950579873968453,0.46942502996314367,0.0085633695,0.00013172916,0.023529411764705882,0.3639432042837143,236,0
59_-111,2026-09-16,1,Alberta,59.5,-110.5,7.5,54.0,12.5,1.6,0.5200867183337324,0.0085633695,0.00013172916,0.023529411764705882,0.3639432042837143,223,0
59_-111,2026-09-17,2,Alberta,59.5,-110.5,11.5,63.0,10.9,0.0,0.8090822844888651,0.008910148,0.00013172916,0.023529411764705882,0.37868130719289184,216,0
59_-111,2026-09-18,3,Alberta,59.5,-110.5,11.2,64.0,9.1,0.0,1.5804792697079604,0.008237548,0.00013172916,0.023529411764705882,0.35009579733014107,249,0
59_-111,2026-09-19,4,Alberta,59.5,-110.5,14.4,61.0,14.3,0.0,4.230517516243894,0.01158889,0.00016979082,0.023529411764705882,0.49252782948315144,208,0
59_-111,2026-09-20,5,Alberta,59.5,-110.5,17.6,56.0,6.4,0.6000000000000001,3.589414948147067,0.01158889,0.00016979082,0.023529411764705882,0.49252782948315144,205,0
59_-111,2026-09-21,6,Alberta,59.5,-110.5,18.1,51.0,9.6,0.0,6.192721430159111,0.01158889,0.00019753922,0.023529411764705882,0.49252782948315144,215,0
59_-111,2026-09-22,7,Alberta,59.5,-110.5,17.9,64.0,2.2,0.0,4.551992658509594,0.01158889,0.00019753922,0.023529411764705882,0.49252782948315144,228,0
59_-112,2026-09-15,0,Alberta,59.5,-111.5,8.692689000311184,73.94321664203119,13.171220773778396,1.4143031221985773,1.8508098958039993,0.006459243,0.00010140445,0.01568627450980392,0.4117767495336011,295,0
59_-112,2026-09-16,1,Alberta,59.5,-111.5,8.3,52.0,8.8,1.7999999999999998,0.7510518321360082,0.005107495,0.00010140445,0.01568627450980392,0.3256028064060956,308,0
59_-112,2026-09-17,2,Alberta,59.5,-111.5,13.3,58.0,9.7,0.0,2.1373203788970394,0.006459243,0.00010140445,0.01568627450980392,0.4117767495336011,280,0
59_-112,2026-09-18,3,Alberta,59.5,-111.5,12.7,63.0,4.7,0.0,2.586825327755105,0.006459243,0.00013172916,0.01568627450980392,0.4117767495336011,286,0
59_-112,2026-09-19,4,Alberta,59.5,-111.5,15.7,57.0,12.5,0.0,6.473243303521991,0.008910148,0.00016979082,0.01568627450980392,0.5680219607893378,226,0
59_-112,2026-09-20,5,Alberta,59.5,-111.5,17.8,59.0,6.9,0.1,5.893009964096188,0.008910148,0.00016979082,0.01568627450980392,0.5680219607893378,226,0
59_-112,2026-09-21,6,Alberta,59.5,-111.5,18.7,50.0,10.6,0.0,9.081351021054289,0.009803922,0.00019753922,0.01568627450980392,0.6250000221189111,220,0
59_-112,2026-09-22,7,Alberta,59.5,-111.5,17.9,58.0,3.8,0.0,7.060462349344346,0.01158889,0.00019753922,0.01568627450980392,0.7387917442247272,229,0
59_-115,2026-09-15,0,Alberta,59.5,-114.5,9.088658145078618,72.21726335773585,5.007350922415106,2.2938565505685293,0.2616848458309302,0.0034599912,0.0,0.00980392156862745,0.3529191012494266,458,0
59_-115,2026-09-16,1,Alberta,59.5,-114.5,6.7,53.0,1.9,0.30000000000000004,0.43394428294346765,0.0034599912,0.0,0.00980392156862745,0.3529191012494266,438,0
59_-115,2026-09-17,2,Alberta,59.5,-114.5,14.9,51.0,14.8,0.30000000000000004,3.3549530935271066,0.0034599912,0.00010140445,0.00980392156862745,0.3529191012494266,433,0
59_-115,2026-09-18,3,Alberta,59.5,-114.5,13.0,56.0,3.1,0.4,2.788380728972286,0.0034599912,0.0,0.00980392156862745,0.3529191012494266,419,0
59_-115,2026-09-19,4,Alberta,59.5,-114.5,16.4,47.0,15.0,0.5,9.13485385041563,0.005107495,0.00013172916,0.00980392156862745,0.520964490249753,310,0
59_-115,2026-09-20,5,Alberta,59.5,-114.5,17.9,43.0,16.1,0.0,12.516390496267014,0.005107495,0.00016979082,0.00980392156862745,0.520964490249753,312,0
59_-115,2026-09-21,6,Alberta,59.5,-114.5,17.1,39.0,13.3,0.0,13.06580428957727,0.006459243,0.00016979082,0.00980392156862745,0.6588427992537618,298,0
59_-115,2026-09-22,7,Alberta,59.5,-114.5,15.0,58.0,1.0,1.8,0.858420961728958,0.006459243,0.00013172916,0.00980392156862745,0.6588427992537618,315,0
59_-116,2026-09-15,0,Alberta,59.5,-115.5,8.584235156726484,78.75534534357122,3.5590354624957485,2.939474748096993,0.26632964197842696,0.0034599912,0.0,0.00392156862745098,0.8822977531235665,459,0
59_-116,2026-09-16,1,Alberta,59.5,-115.5,6.6,49.0,4.8,0.6000000000000001,0.5203058355794231,0.003292181,0.0,0.00392156862745098,0.8395061711780727,461,0
59_-116,2026-09-17,2,Alberta,59.5,-115.5,12.2,59.0,15.4,0.30000000000000004,2.758990917191287,0.003292181,0.0,0.00392156862745098,0.8395061711780727,467,0
59_-116,2026-09-18,3,Alberta,59.5,-115.5,11.7,65.0,4.0,2.1999999999999997,0.5252114728737873,0.003292181,0.0,0.00392156862745098,0.8395061711780727,451,0
59_-116,2026-09-19,4,Alberta,59.5,-115.5,15.4,49.0,14.3,0.1,3.772191675898446,0.0034599912,0.0,0.00392156862745098,0.8822977531235665,416,0
59_-116,2026-09-20,5,Alberta,59.5,-115.5,15.9,45.0,17.9,0.0,9.783637372604927,0.0034599912,0.0,0.00392156862745098,0.8822977531235665,422,0
59_-116,2026-09-21,6,Alberta,59.5,-115.5,14.8,44.0,14.2,0.0,10.450013991579803,0.0034599912,0.00010140445,0.00392156862745098,0.8822977531235665,433,0
59_-116,2026-09-22,7,Alberta,59.5,-115.5,12.3,71.0,7.8,5.4,0.2557689442383855,0.0034599912,0.0,0.00392156862745098,0.8822977531235665,439,0
59_-117,2026-09-15,0,Alberta,59.5,-116.5,8.459987714177698,80.90153404302363,4.097090930254113,3.941797431329309,0.19767152833872007,0.008237548,0.0,0.0196078431372549,0.4201149567961693,257,0
59_-117,2026-09-16,1,Alberta,59.5,-116.5,9.2,60.0,5.9,0.30000000000000004,0.32185356528339726,0.008237548,0.0,0.0196078431372549,0.4201149567961693,250,0
59_-117,2026-09-17,2,Alberta,59.5,-116.5,13.6,60.0,12.2,0.0,1.1693647501189335,0.01158889,0.00010140445,0.0196078431372549,0.5910333953797817,197,0
59_-117,2026-09-18,3,Alberta,59.5,-116.5,12.8,67.0,6.6,0.0,1.599912273721283,0.008910148,0.00010140445,0.0196078431372549,0.4544175686314702,222,0
59_-117,2026-09-19,4,Alberta,59.5,-116.5,17.9,47.0,17.7,0.0,8.759211127821384,0.013233952,0.00019753922,0.0196078431372549,0.674931563436985,166,0
59_-117,2026-09-20,5,Alberta,59.5,-116.5,17.4,46.0,18.0,0.0,11.535953656914463,0.013666987,0.00019753922,0.0196078431372549,0.6970163583755493,172,0
59_-117,2026-09-21,6,Alberta,59.5,-116.5,15.7,53.0,14.6,0.0,10.62459394916431,0.013233952,0.00019753922,0.0196078431372549,0.674931563436985,177,0
59_-117,2026-09-22,7,Alberta,59.5,-116.5,13.0,79.0,7.1,6.0,0.11931433047479945,0.013233952,0.00013172916,0.0196078431372549,0.674931563436985,179,0
59_-118,2026-09-15,0,Alberta,59.5,-117.5,8.290081108704022,80.24157198623622,3.6118298645719964,4.027969084169753,0.18607904231368497,0.017114606,0.00013172916,0.03725490196078431,0.45939204920279353,116,0
59_-118,2026-09-16,1,Alberta,59.5,-117.5,8.8,63.0,4.8,0.5,0.2225444546436256,0.017114606,0.000118506745,0.03725490196078431,0.45939204920279353,118,0
59_-118,2026-09-17,2,Alberta,59.5,-117.5,15.6,53.0,8.3,0.0,0.8315716571189234,0.026660934,0.00013172916,0.03725490196078431,0.7156355992743844,76,1
59_-118,2026-09-18,3,Alberta,59.5,-117.5,13.1,64.0,3.1,0.0,0.9675471739375271,0.020055054,0.00013172916,0.03725490196078431,0.5383198639672053,117,0
59_-118,2026-09-19,4,Alberta,59.5,-117.5,14.4,58.0,10.2,0.0,4.127107427279193,0.024334805,0.00016979082,0.03725490196078431,0.6531973996836888,111,0
59_-118,2026-09-20,5,Alberta,59.5,-117.5,15.0,56.0,9.5,0.0,5.410384081175186,0.026660934,0.00019753922,0.03725490196078431,0.7156355992743844,107,0
59_-118,2026-09-21,6,Alberta,59.5,-117.5,15.2,54.0,9.4,0.0,6.415715533831364,0.026660934,0.00019753922,0.03725490196078431,0.7156355992743844,105,0
59_-118,2026-09-22,7,Alberta,59.5,-117.5,15.9,50.0,2.4,0.8999999999999999,3.1063865643582287,0.027721774,0.00016979082,0.03725490196078431,0.7441107713078198,99,0
59_-119,2026-09-15,0,Alberta,59.5,-118.5,8.60370036110069,73.3700662874748,5.922552913930866,1.4159725185999612,0.375287932932649,0.008910148,0.0,0.023529411764705882,0.37868130719289184,215,0
59_-119,2026-09-16,1,Alberta,59.5,-118.5,6.1,76.0,13.4,0.8,0.6411105209810629,0.008237548,0.0,0.023529411764705882,0.35009579733014107,251,0
59_-119,2026-09-17,2,Alberta,59.5,-118.5,13.1,58.0,11.7,0.0,1.5116320205013867,0.008910148,0.00010140445,0.023529411764705882,0.37868130719289184,217,0
59_-119,2026-09-18,3,Alberta,59.5,-118.5,12.3,58.0,2.7,3.1999999999999997,0.2872991601719709,0.009431681,0.00010140445,0.023529411764705882,0.40084642823785543,206,0
59_-119,2026-09-19,4,Alberta,59.5,-118.5,13.5,58.0,11.9,0.0,1.0768480112522891,0.01158889,0.00013172916,0.023529411764705882,0.49252782948315144,209,0
59_-119,2026-09-20,5,Alberta,59.5,-118.5,14.3,50.0,14.6,0.0,4.84116581623627,0.01158889,0.00016979082,0.023529411764705882,0.49252782948315144,206,0
59_-119,2026-09-21,6,Alberta,59.5,-118.5,15.3,32.0,8.1,0.0,7.7004260273304626,0.01158889,0.00036769436,0.023529411764705882,0.49252782948315144,216,0
59_-119,2026-09-22,7,Alberta,59.5,-118.5,14.1,44.0,4.1,0.8999999999999997,3.9856351635178284,0.017114606,0.00016979082,0.023529411764705882,0.7273707445710897,164,0
59_-120,2026-09-15,0,Alberta,59.5,-119.5,8.789117317939493,68.60350597575693,6.739253376709414,0.29156902417151076,0.9024631253160721,0.016953317,0.00013172916,0.03333333333333333,0.5085995234549046,126,0
59_-120,2026-09-16,1,Alberta,59.5,-119.5,5.8,77.0,12.6,0.1,1.7486676724871004,0.01158889,0.00013172916,0.03333333333333333,0.3476667031645775,182,0
59_-120,2026-09-17,2,Alberta,59.5,-119.5,12.6,59.0,13.2,0.0,3.8721643791472076,0.019046638,0.00016979082,0.03333333333333333,0.5713991448283195,118,0
59_-120,2026-09-18,3,Alberta,59.5,-119.5,13.0,48.0,5.4,0.0,4.877800616528824,0.019046638,0.00016979082,0.03333333333333333,0.5713991448283195,130,0
59_-120,2026-09-19,4,Alberta,59.5,-119.5,14.1,56.0,9.2,0.0,7.165575728991114,0.023706896,0.00016979082,0.03333333333333333,0.7112068869173527,118,0
59_-120,2026-09-20,5,Alberta,59.5,-119.5,13.5,51.0,14.7,0.0,10.632191710754709,0.024334805,0.00019753922,0.03333333333333333,0.7300441525876522,117,0
59_-120,2026-09-21,6,Alberta,59.5,-119.5,14.9,33.0,7.7,0.0,11.598732054453787,0.029426603,0.00036769436,0.03333333333333333,0.8827980794012547,88,0
59_-120,2026-09-22,7,Alberta,59.5,-119.5,14.0,40.0,2.4,2.1,1.486134242645326,0.031681307,0.00019753922,0.03333333333333333,0.9504391998052597,80,0
59_-121,2026-09-15,0,British Columbia,59.5,-120.5,9.157556849289202,69.4735529937239,8.057936757358029,0.5506520959802272,0.5110730223065376,0.013233952,0.00013172916,0.027450980392156862,0.48209397388356073,143,0
59_-121,2026-09-16,1,British Columbia,59.5,-120.5,9.8,60.0,10.3,0.6,1.1133147210641727,0.01158889,0.00013172916,0.027450980392156862,0.42216671098555836,183,0
59_-121,2026-09-17,2,British Columbia,59.5,-120.5,15.5,47.0,15.7,0.0,6.102216476366052,0.020055054,0.00019753922,0.027450980392156862,0.7305769582412073,104,0
59_-121,2026-09-18,3,British Columbia,59.5,-120.5,15.6,40.0,4.9,0.0,6.772435407041283,0.020055054,0.00019753922,0.027450980392156862,0.7305769582412073,118,0
59_-121,2026-09-19,4,British Columbia,59.5,-120.5,17.5,45.0,4.2,0.0,7.966813100361821,0.027218936,0.00036769436,0.027450980392156862,0.9915469546935388,95,0
59_-121,2026-09-20,5,British Columbia,59.5,-120.5,16.9,45.0,12.4,0.0,12.256880809451008,0.026660934,0.00036769436,0.027450980392156862,0.9712197418723788,108,0
59_-121,2026-09-21,6,British Columbia,59.5,-120.5,17.7,27.0,6.3,0.0,14.008424551532942,0.027721774,0.0007264472,0.027450980392156862,1.0098646182034696,98,0
59_-121,2026-09-22,7,British Columbia,59.5,-120.5,15.5,39.0,0.7,0.0,11.442092899374863,0.029426603,0.00036769436,0.027450980392156862,1.0719690964158093,87,0
59_-122,2026-09-15,0,British Columbia,59.5,-121.5,10.840848643905908,62.1146181735026,6.624626268592838,0.3573001538593608,3.33665895954449,0.015813954,0.00016979082,0.029411764705882353,0.5376744419336319,128,0
59_-122,2026-09-16,1,British Columbia,59.5,-121.5,13.4,46.0,7.8,0.2,4.13717094701404,0.019046638,0.00016979082,0.029411764705882353,0.6475856974720955,105,0
59_-122,2026-09-17,2,British Columbia,59.5,-121.5,15.7,45.0,15.0,0.0,12.334103616059412,0.027218936,0.00036769436,0.029411764705882353,0.9254438243806362,68,1
59_-122,2026-09-18,3,British Columbia,59.5,-121.5,15.8,38.0,7.2,0.0,12.532564179965677,0.027218936,0.00036769436,0.029411764705882353,0.9254438243806362,88,0
59_-122,2026-09-19,4,British Columbia,59.5,-121.5,16.5,47.0,9.8,0.0,14.35165625817378,0.027721774,0.00036769436,0.029411764705882353,0.9425403103232384,92,0
59_-122,2026-09-20,5,British Columbia,59.5,-121.5,18.2,40.0,12.9,0.0,18.1800931572867,0.027721774,0.00046264168,0.029411764705882353,0.9425403103232384,100,0
59_-122,2026-09-21,6,British Columbia,59.5,-121.5,17.0,29.0,8.7,0.0,19.142268071977014,0.027721774,0.0007264472,0.029411764705882353,0.9425403103232384,99,0
59_-122,2026-09-22,7,British Columbia,59.5,-121.5,15.4,38.0,0.9,0.0,14.591010266861156,0.031681307,0.00046264168,0.029411764705882353,1.077164426445961,81,0
59_-123,2026-09-15,0,British Columbia,59.5,-122.5,10.894723416249747,62.11920154062983,5.513365209888156,0.0,7.466254646939722,0.008237548,0.00013172916,0.013725490196078431,0.6001642239945275,258,0
59_-123,2026-09-16,1,British Columbia,59.5,-122.5,11.2,56.0,11.2,0.0,9.201297453058206,0.008910148,0.00016979082,0.013725490196078431,0.6491679551878146,206,0
59_-123,2026-09-17,2,British Columbia,59.5,-122.5,14.0,49.0,19.2,0.0,17.15100021893647,0.01158889,0.00036769436,0.013725490196078431,0.8443334219711167,198,0
59_-123,2026-09-18,3,British Columbia,59.5,-122.5,13.7,44.0,8.8,0.0,13.367698034592,0.01158889,0.00019753922,0.013725490196078431,0.8443334219711167,197,0
59_-123,2026-09-19,4,British Columbia,59.5,-122.5,15.3,53.0,9.3,0.0,13.954365792684902,0.01158889,0.00019753922,0.013725490196078431,0.8443334219711167,210,0
59_-123,2026-09-20,5,British Columbia,59.5,-122.5,14.3,51.0,13.1,0.0,16.50863753922044,0.01158889,0.00036769436,0.013725490196078431,0.8443334219711167,207,0
59_-123,2026-09-21,6,British Columbia,59.5,-122.5,14.5,39.0,5.9,0.0,14.290360636025666,0.01158889,0.00036769436,0.013725490196078431,0.8443334219711167,217,0
59_-123,2026-09-22,7,British Columbia,59.5,-122.5,13.7,44.0,3.8,0.0,13.461141677293341,0.01158889,0.00036769436,0.013725490196078431,0.8443334219711167,230,0
59_-124,2026-09-15,0,British Columbia,59.5,-123.5,6.843819807712403,81.48377808689644,6.1122938964578575,0.06577394886272588,2.3559437243116474,0.006459243,0.00010140445,0.013725490196078431,0.4706019994669727,296,0
59_-124,2026-09-16,1,British Columbia,59.5,-123.5,12.6,53.0,7.3,0.0,2.4906197263305763,0.008910148,0.00016979082,0.013725490196078431,0.6491679551878146,207,0
59_-124,2026-09-17,2,British Columbia,59.5,-123.5,15.6,44.0,20.0,0.0,12.244694277538164,0.01158889,0.00019753922,0.013725490196078431,0.8443334219711167,199,0
59_-124,2026-09-18,3,British Columbia,59.5,-123.5,14.9,41.0,2.2,0.0,7.504700700865581,0.013233952,0.00019753922,0.013725490196078431,0.9641879477671215,158,0
59_-124,2026-09-19,4,British Columbia,59.5,-123.5,16.4,52.0,6.2,0.0,9.352617046948309,0.013233952,0.00019753922,0.013725490196078431,0.9641879477671215,167,0
59_-124,2026-09-20,5,British Columbia,59.5,-123.5,14.7,54.0,6.5,0.0,9.818067979377883,0.01158889,0.00019753922,0.013725490196078431,0.8443334219711167,208,0
59_-124,2026-09-21,6,British Columbia,59.5,-123.5,15.2,39.0,3.9,0.0,10.25213271820301,0.01158889,0.00036769436,0.013725490196078431,0.8443334219711167,218,0
59_-124,2026-09-22,7,British Columbia,59.5,-123.5,11.7,50.0,3.8,0.0,10.0702002858845,0.01158889,0.00019753922,0.013725490196078431,0.8443334219711167,231,0
59_-125,2026-09-15,0,British Columbia,59.5,-124.5,6.966937216896207,79.4565448799905,5.039781269172029,0.025556180198831817,1.9898572797514782,0.0007248675,0.0,0.0,,656,0
59_-125,2026-09-16,1,British Columbia,59.5,-124.5,14.2,48.0,17.4,0.0,4.824696973740805,0.0020446682,0.0,0.0,,536,0
59_-125,2026-09-17,2,British Columbia,59.5,-124.5,14.1,45.0,21.5,0.0,11.183258964104962,0.0020446682,0.0,0.0,,530,0
59_-125,2026-09-18,3,British Columbia,59.5,-124.5,14.9,40.0,3.5,0.0,6.773523342478926,0.003292181,0.0,0.0,,452,0
59_-125,2026-09-19,4,British Columbia,59.5,-124.5,15.9,46.0,19.3,0.0,14.064460440533106,0.0022243848,0.0,0.0,,478,0
59_-125,2026-09-20,5,British Columbia,59.5,-124.5,11.8,89.0,5.8,0.7000000000000001,3.1076549947468304,0.0015167142,0.0,0.0,,562,0
59_-125,2026-09-21,6,British Columbia,59.5,-124.5,14.3,37.0,10.5,0.2,9.132078027829774,0.0020446682,0.0,0.0,,531,0
59_-125,2026-09-22,7,British Columbia,59.5,-124.5,12.6,51.0,5.0,0.0,7.455960405528007,0.0020446682,0.0,0.0,,537,0
59_-126,2026-09-15,0,British Columbia,59.5,-125.5,12.968276308748452,48.905153645187404,3.140914000002,0.0,5.6750346789593795,0.0034599912,0.00010140445,0.00196078431372549,1.764595506247133,460,0
59_-126,2026-09-16,1,British Columbia,59.5,-125.5,8.8,61.0,12.7,0.0,7.012556038901356,0.0022243848,0.00013172916,0.00196078431372549,1.1344362515956163,493,0
59_-126,2026-09-17,2,British Columbia,59.5,-125.5,8.9,54.0,21.8,0.0,10.85009989662583,0.0020446682,0.00013172916,0.00196078431372549,1.0427807760424912,531,0
59_-126,2026-09-18,3,British Columbia,59.5,-125.5,10.5,48.0,4.0,0.0,5.219340524713841,0.0020446682,0.0,0.00196078431372549,1.0427807760424912,518,0
59_-126,2026-09-19,4,British Columbia,59.5,-125.5,11.1,57.0,15.7,0.0,9.353428556424076,0.0020446682,0.00010140445,0.00196078431372549,1.0427807760424912,510,0
59_-126,2026-09-20,5,British Columbia,59.5,-125.5,9.1,64.0,5.1,0.1,5.31901320107527,0.0020446682,0.0,0.00196078431372549,1.0427807760424912,519,0
59_-126,2026-09-21,6,British Columbia,59.5,-125.5,9.4,46.0,8.4,0.0,7.0612530149116575,0.0020446682,0.0,0.00196078431372549,1.0427807760424912,532,0
59_-126,2026-09-22,7,British Columbia,59.5,-125.5,7.8,59.0,6.1,0.1,6.2245447773673215,0.0020446682,0.0,0.00196078431372549,1.0427807760424912,538,0
59_-127,2026-09-15,0,British Columbia,59.5,-126.5,13.19795493104932,44.77642113198795,3.345789866319172,0.0,6.039945219192252,0.005107495,0.00013172916,0.00784313725490196,0.6512056128121912,330,0
59_-127,2026-09-16,1,British Columbia,59.5,-126.5,12.5,51.0,17.2,0.0,11.422986522968678,0.00510037,0.00016979082,0.00784313725490196,0.6502971646841615,349,0
59_-127,2026-09-17,2,British Columbia,59.5,-126.5,12.1,45.0,17.8,0.0,12.32034966798706,0.00510037,0.00016979082,0.00784313725490196,0.6502971646841615,341,0
59_-127,2026-09-18,3,British Columbia,59.5,-126.5,12.7,50.0,7.0,0.0,8.197900588616404,0.0039100684,0.00013172916,0.00784313725490196,0.49853372387588024,337,0
59_-127,2026-09-19,4,British Columbia,59.5,-126.5,13.1,59.0,8.0,0.30000000000000004,8.03648069847934,0.0034599912,0.00013172916,0.00784313725490196,0.44114887656178325,417,0
59_-127,2026-09-20,5,British Columbia,59.5,-126.5,14.2,51.0,10.8,0.0,9.513643037227089,0.00510037,0.00013172916,0.00784313725490196,0.6502971646841615,341,0
59_-127,2026-09-21,6,British Columbia,59.5,-126.5,12.8,41.0,10.5,0.0,10.715497358232714,0.0034599912,0.00013172916,0.00784313725490196,0.44114887656178325,434,0
59_-127,2026-09-22,7,British Columbia,59.5,-126.5,7.8,70.0,3.5,0.2,5.936926686831014,0.0034599912,0.00010140445,0.00784313725490196,0.44114887656178325,440,0
59_-128,2026-09-15,0,British Columbia,59.5,-127.5,13.043141559754973,44.060142975454085,2.3176409881778333,0.0,5.5093216771967235,0.00510037,0.00013172916,0.00392156862745098,1.300594329368323,370,0
59_-128,2026-09-16,1,British Columbia,59.5,-127.5,12.8,52.0,14.6,0.0,10.098825596810197,0.0034599912,0.00013172916,0.00392156862745098,0.8822977531235665,439,0
59_-128,2026-09-17,2,British Columbia,59.5,-127.5,12.6,43.0,14.1,0.0,10.928584235045408,0.0034599912,0.00013172916,0.00392156862745098,0.8822977531235665,434,0
59_-128,2026-09-18,3,British Columbia,59.5,-127.5,12.5,49.0,3.5,0.0,7.231410830570689,0.0034599912,0.00013172916,0.00392156862745098,0.8822977531235665,420,0
59_-128,2026-09-19,4,British Columbia,59.5,-127.5,10.8,74.0,10.5,0.2,7.056861285597391,0.003292181,0.00010140445,0.00392156862745098,0.8395061711780727,449,0
59_-128,2026-09-20,5,British Columbia,59.5,-127.5,13.6,56.0,14.6,0.2,9.460634087851306,0.0034599912,0.00010140445,0.00392156862745098,0.8822977531235665,423,0
59_-128,2026-09-21,6,British Columbia,59.5,-127.5,11.2,51.0,9.7,0.2,8.351305301815994,0.003328995,0.0,0.00392156862745098,0.8488937455695122,462,0
59_-128,2026-09-22,7,British Columbia,59.5,-127.5,8.9,71.0,5.7,0.7000000000000001,4.134465488075266,0.002782071,0.0,0.00392156862745098,0.7094281073659658,488,0
59_-129,2026-09-15,0,British Columbia,59.5,-128.5,14.130742657598763,41.12051926447244,4.530325562926269,0.0,7.485118547116116,0.008237548,0.00013172916,0.0058823529411764705,1.4003831893205643,259,0
59_-129,2026-09-16,1,British Columbia,59.5,-128.5,9.4,63.0,10.2,0.0,7.939061619482963,0.00510037,0.00013172916,0.0058823529411764705,0.8670628862455487,350,0
59_-129,2026-09-17,2,British Columbia,59.5,-128.5,9.4,52.0,6.4,0.0,6.9320099951914464,0.0041958042,0.00013172916,0.0058823529411764705,0.7132867211475968,349,0
59_-129,2026-09-18,3,British Columbia,59.5,-128.5,10.8,48.0,4.8,0.0,6.883191599776507,0.0034599912,0.00010140445,0.0058823529411764705,0.5881985020823777,421,0
59_-129,2026-09-19,4,British Columbia,59.5,-128.5,10.2,61.0,12.0,0.30000000000000004,9.229700345108562,0.0034599912,0.00010140445,0.0058823529411764705,0.5881985020823777,418,0
59_-129,2026-09-20,5,British Columbia,59.5,-128.5,10.6,62.0,17.0,0.2,11.342523443406586,0.0034599912,0.0,0.0058823529411764705,0.5881985020823777,424,0
59_-129,2026-09-21,6,British Columbia,59.5,-128.5,8.8,51.0,9.4,0.4,8.459988348027354,0.0034599912,0.0,0.0058823529411764705,0.5881985020823777,435,0
59_-129,2026-09-22,7,British Columbia,59.5,-128.5,6.5,73.0,1.5,1.5,0.910949519203728,0.0034599912,0.0,0.0058823529411764705,0.5881985020823777,441,0
59_-130,2026-09-15,0,British Columbia,59.5,-129.5,14.783575315301176,38.868040749921335,5.413784958902116,0.0,8.529257791337878,0.003292181,0.0,0.0,,486,0
59_-130,2026-09-16,1,British Columbia,59.5,-129.5,6.5,75.0,26.3,0.0,12.935637481967753,0.0015167142,0.0,0.0,,580,0
59_-130,2026-09-17,2,British Columbia,59.5,-129.5,5.7,59.0,19.1,0.30000000000000004,9.825048807365913,0.0007248675,0.0,0.0,,650,0
59_-130,2026-09-18,3,British Columbia,59.5,-129.5,8.4,51.0,8.1,0.0,6.833769772232876,0.0007248675,0.0,0.0,,627,0
59_-130,2026-09-19,4,British Columbia,59.5,-129.5,6.1,79.0,19.3,1.4000000000000001,3.995886254526737,0.0007248675,0.0,0.0,,634,0
59_-130,2026-09-20,5,British Columbia,59.5,-129.5,5.1,86.0,25.3,2.6999999999999997,0.9489859841718911,0.00038029242,0.0,0.0,,702,0
59_-130,2026-09-21,6,British Columbia,59.5,-129.5,4.5,64.0,18.3,1.5,1.6874031624263586,0.00038029242,0.0,0.0,,715,0
59_-130,2026-09-22,7,British Columbia,59.5,-129.5,3.3,81.0,8.3,1.3,0.618708864000068,0.00038029242,0.0,0.0,,706,0
59_-134,2026-09-15,0,British Columbia,59.5,-133.5,13.393835583457571,48.04367568723322,9.651427284493458,0.0,11.398078931021468,0.0020446682,0.0,0.0,,545,0
59_-134,2026-09-16,1,British Columbia,59.5,-133.5,7.9,71.0,15.2,0.0,10.53095533066888,0.0015167142,0.0,0.0,,581,0
59_-134,2026-09-17,2,British Columbia,59.5,-133.5,5.4,74.0,10.6,0.30000000000000004,7.387533467570816,0.0012195122,0.0,0.0,,602,0
59_-134,2026-09-18,3,British Columbia,59.5,-133.5,3.9,76.0,8.9,0.1,6.190994184624307,0.0007248675,0.0,0.0,,628,0
59_-134,2026-09-19,4,British Columbia,59.5,-133.5,4.5,97.0,14.3,2.0,0.8762184008591769,0.0007248675,0.0,0.0,,635,0
59_-134,2026-09-20,5,British Columbia,59.5,-133.5,5.5,74.0,20.0,4.9,0.20971021085958902,0.0007248675,0.0,0.0,,633,0
59_-134,2026-09-21,6,British Columbia,59.5,-133.5,4.4,69.0,15.5,0.5,0.9809783271246822,0.0007248675,0.0,0.0,,641,0
59_-134,2026-09-22,7,British Columbia,59.5,-133.5,3.7,72.0,5.7,0.1,0.8380954415034791,0.00038029242,0.0,0.0,,707,0
60_-104,2026-09-15,0,Northwest Territories,60.5,-103.5,7.927747067045418,70.85308594755256,12.946312005812873,0.08183642565559301,2.7369291953233836,0.0007248675,0.0,0.00196078431372549,0.3696824301732704,657,0
60_-104,2026-09-16,1,Northwest Territories,60.5,-103.5,4.0,82.0,13.2,4.7,0.04141051295474015,0.0007248675,0.0,0.00196078431372549,0.3696824301732704,645,0
60_-104,2026-09-17,2,Northwest Territories,60.5,-103.5,7.1,59.0,13.8,1.2000000000000002,0.43001535298254445,0.0007248675,0.0,0.00196078431372549,0.3696824301732704,651,0
60_-104,2026-09-18,3,Northwest Territories,60.5,-103.5,7.0,96.0,18.0,3.4,0.01085190413673501,0.00038029242,0.0,0.00196078431372549,0.19394913339056075,688,0
60_-104,2026-09-19,4,Northwest Territories,60.5,-103.5,11.2,60.0,6.6,0.1,0.24791761928639675,0.0007248675,0.0,0.00196078431372549,0.3696824301732704,636,0
60_-104,2026-09-20,5,Northwest Territories,60.5,-103.5,13.9,74.0,13.8,1.9,0.4431536119984481,0.0007248675,0.0,0.00196078431372549,0.3696824301732704,634,0
60_-104,2026-09-21,6,Northwest Territories,60.5,-103.5,17.5,60.0,16.8,0.0,1.9340522258466892,0.0015167142,0.00010140445,0.00196078431372549,0.7735242554917932,574,0
60_-104,2026-09-22,7,Northwest Territories,60.5,-103.5,17.2,71.0,12.5,0.0,2.652958612095794,0.0015167142,0.00010140445,0.00196078431372549,0.7735242554917932,579,0
60_-105,2026-09-15,0,Northwest Territories,60.5,-104.5,10.203156012367122,64.24529506795263,15.352333445225044,0.8753447615714453,3.086965327809183,0.00038029242,0.0,0.0,,702,0
60_-105,2026-09-16,1,Northwest Territories,60.5,-104.5,4.8,73.0,13.4,2.4,0.5642886766188766,0.00038029242,0.0,0.0,,702,0
60_-105,2026-09-17,2,Northwest Territories,60.5,-104.5,7.0,69.0,16.4,2.0,0.6381849845330655,0.00038029242,0.0,0.0,,701,0
60_-105,2026-09-18,3,Northwest Territories,60.5,-104.5,7.5,82.0,19.2,0.5,1.4873688953417117,0.0,0.0,0.0,,736,0
60_-105,2026-09-19,4,Northwest Territories,60.5,-104.5,11.3,64.0,6.8,0.0,0.8994598303941687,0.00038029242,0.0,0.0,,700,0
60_-105,2026-09-20,5,Northwest Territories,60.5,-104.5,14.2,75.0,12.0,5.8,0.1879675766291795,0.00038029242,0.0,0.0,,703,0
60_-105,2026-09-21,6,Northwest Territories,60.5,-104.5,16.9,62.0,16.5,0.0,1.302423251139303,0.0007248675,0.0,0.0,,642,0
60_-105,2026-09-22,7,Northwest Territories,60.5,-104.5,16.6,73.0,13.5,2.4000000000000004,0.6425616378416023,0.0006524419,0.0,0.0,,680,0
60_-106,2026-09-15,0,Northwest Territories,60.5,-105.5,10.151179133299667,63.91524463793889,15.846303523935582,0.736308737381943,3.4469471339772597,0.0007248675,0.0,0.00196078431372549,0.3696824301732704,658,0
60_-106,2026-09-16,1,Northwest Territories,60.5,-105.5,4.1,73.0,11.8,2.2,0.5879144355648783,0.0007248675,0.0,0.00196078431372549,0.3696824301732704,646,0
60_-106,2026-09-17,2,Northwest Territories,60.5,-105.5,6.2,75.0,16.8,3.5,0.2196922495882084,0.0007248675,0.0,0.00196078431372549,0.3696824301732704,652,0
60_-106,2026-09-18,3,Northwest Territories,60.5,-105.5,7.1,76.0,18.9,0.1,0.846318027112208,0.00038029242,0.0,0.00196078431372549,0.19394913339056075,689,0
60_-106,2026-09-19,4,Northwest Territories,60.5,-105.5,11.3,61.0,8.0,0.0,0.8016873001969574,0.0007248675,0.0,0.00196078431372549,0.3696824301732704,637,0
60_-106,2026-09-20,5,Northwest Territories,60.5,-105.5,14.4,72.0,11.7,7.2,0.14350467118297913,0.0007248675,0.0,0.00196078431372549,0.3696824301732704,635,0
60_-106,2026-09-21,6,Northwest Territories,60.5,-105.5,16.5,60.0,14.9,0.0,0.8849654443260662,0.0015167142,0.00010140445,0.00196078431372549,0.7735242554917932,575,0
60_-106,2026-09-22,7,Northwest Territories,60.5,-105.5,16.6,72.0,12.5,0.0,1.9030551185827524,0.0015167142,0.00010140445,0.00196078431372549,0.7735242554917932,580,0
60_-107,2026-09-15,0,Northwest Territories,60.5,-106.5,9.991291343943853,64.92283608038505,15.828331676553363,0.7423608875783598,3.3494934652980963,0.0020446682,0.0,0.00392156862745098,0.5213903880212456,546,0
60_-107,2026-09-16,1,Northwest Territories,60.5,-106.5,4.6,70.0,11.6,0.5,2.222692264559893,0.0015167142,0.0,0.00392156862745098,0.3867621277458966,582,0
60_-107,2026-09-17,2,Northwest Territories,60.5,-106.5,5.1,90.0,14.0,2.4,0.38436651833995433,0.0015167142,0.0,0.00392156862745098,0.3867621277458966,569,0
60_-107,2026-09-18,3,Northwest Territories,60.5,-106.5,7.4,72.0,16.0,0.2,1.0754837795269259,0.0015167142,0.0,0.00392156862745098,0.3867621277458966,554,0
60_-107,2026-09-19,4,Northwest Territories,60.5,-106.5,12.0,56.0,8.3,0.0,1.6287383246807352,0.0020446682,0.0,0.00392156862745098,0.5213903880212456,511,0
60_-107,2026-09-20,5,Northwest Territories,60.5,-106.5,15.5,66.0,11.2,5.5,0.36800279961559024,0.0022243848,0.00013172916,0.00392156862745098,0.5672181257978082,476,0
60_-107,2026-09-21,6,Northwest Territories,60.5,-106.5,17.2,57.0,14.1,0.0,1.8458705143303555,0.0034599912,0.00016979082,0.00392156862745098,0.8822977531235665,436,0
60_-107,2026-09-22,7,Northwest Territories,60.5,-106.5,17.1,71.0,8.6,0.0,2.3516146978070114,0.003292181,0.00016979082,0.00392156862745098,0.8395061711780727,472,0
60_-108,2026-09-15,0,Northwest Territories,60.5,-107.5,9.85482880634448,65.7079341680441,16.387394305378816,0.6093713588179493,3.7637580795733254,0.0007248675,0.0,0.0,,659,0
60_-108,2026-09-16,1,Northwest Territories,60.5,-107.5,3.8,70.0,13.5,1.2000000000000002,1.5314236892316915,0.0007248675,0.0,0.0,,647,0
60_-108,2026-09-17,2,Northwest Territories,60.5,-107.5,4.8,93.0,15.0,1.4,0.7645936209482748,0.0006170935,0.0,0.0,,692,0
60_-108,2026-09-18,3,Northwest Territories,60.5,-107.5,7.4,69.0,15.7,2.6999999999999997,0.5089608061816076,0.00038029242,0.0,0.0,,690,0
60_-108,2026-09-19,4,Northwest Territories,60.5,-107.5,12.7,51.0,10.8,0.0,1.326012191415934,0.0007248675,0.0,0.0,,638,0
60_-108,2026-09-20,5,Northwest Territories,60.5,-107.5,16.0,61.0,10.5,4.6,0.47917690644096333,0.0015167142,0.0,0.0,,563,0
60_-108,2026-09-21,6,Northwest Territories,60.5,-107.5,17.4,54.0,13.4,0.0,2.3509736141322812,0.0020446682,0.0,0.0,,533,0
60_-108,2026-09-22,7,Northwest Territories,60.5,-107.5,17.7,69.0,9.4,1.2000000000000002,1.3975255626712673,0.0015167142,0.00010140445,0.0,,581,0
60_-109,2026-09-15,0,Northwest Territories,60.5,-108.5,9.207604596141278,66.10714137525319,14.64420466014582,0.975755972513563,3.001021840752494,0.0007248675,0.0,0.0,,660,0
60_-109,2026-09-16,1,Northwest Territories,60.5,-108.5,4.2,70.0,13.6,0.7000000000000001,2.4008911687305545,0.0007248675,0.0,0.0,,648,0
60_-109,2026-09-17,2,Northwest Territories,60.5,-108.5,5.2,89.0,20.5,1.7,1.5832472526240737,0.00038029242,0.0,0.0,,702,0
60_-109,2026-09-18,3,Northwest Territories,60.5,-108.5,8.5,64.0,12.7,1.2,1.3144800631089366,0.0006170935,0.0,0.0,,662,0
60_-109,2026-09-19,4,Northwest Territories,60.5,-108.5,13.4,51.0,12.1,0.0,3.6991344149139067,0.0007248675,0.0,0.0,,639,0
60_-109,2026-09-20,5,Northwest Territories,60.5,-108.5,16.5,62.0,8.8,5.0,0.5033547841115718,0.0015167142,0.0,0.0,,564,0
60_-109,2026-09-21,6,Northwest Territories,60.5,-108.5,17.6,52.0,12.6,0.0,2.816041044375486,0.0020446682,0.00010140445,0.0,,534,0
60_-109,2026-09-22,7,Northwest Territories,60.5,-108.5,17.0,73.0,6.5,3.9000000000000004,0.3402352308555476,0.0015167142,0.000118686774,0.0,,582,0
60_-110,2026-09-15,0,Yukon,60.5,-109.5,8.56008821432507,66.70975859857074,13.444789503697226,1.1909494492453963,2.98350325374425,0.00038029242,0.0,0.0,,703,0
60_-110,2026-09-16,1,Yukon,60.5,-109.5,5.1,69.0,14.3,1.5,2.120764120313103,0.00038029242,0.0,0.0,,703,0
60_-110,2026-09-17,2,Yukon,60.5,-109.5,8.6,71.0,15.3,0.5999999999999999,3.243107309950518,0.00038029242,0.0,0.0,,703,0
60_-110,2026-09-18,3,Yukon,60.5,-109.5,9.6,62.0,9.5,0.0,3.726189759881108,0.00038029242,0.0,0.0,,691,0
60_-110,2026-09-19,4,Yukon,60.5,-109.5,14.2,51.0,16.2,0.0,9.45018813686061,0.0007248675,0.0,0.0,,640,0
60_-110,2026-09-20,5,Yukon,60.5,-109.5,14.9,72.0,6.7,1.7999999999999998,1.4663177583935139,0.0007248675,0.0,0.0,,636,0
60_-110,2026-09-21,6,Yukon,60.5,-109.5,16.7,56.0,10.9,0.0,5.152270924106174,0.0007248675,0.0,0.0,,643,0
60_-110,2026-09-22,7,Yukon,60.5,-109.5,16.2,71.0,2.1,0.0,3.7822465502079514,0.0007248675,0.0,0.0,,650,0
60_-111,2026-09-15,0,Northwest Territories,60.5,-110.5,8.10572097068165,68.71519666864332,12.084307834824058,1.7307523427862386,2.140989608971864,0.0015167142,0.0,0.0,,593,0
60_-111,2026-09-16,1,Northwest Territories,60.5,-110.5,6.1,57.0,15.8,0.0,4.291982610191651,0.0015167142,0.0,0.0,,583,0
60_-111,2026-09-17,2,Northwest Territories,60.5,-110.5,10.8,64.0,16.3,0.2,6.667478235807326,0.0015167142,0.0,0.0,,570,0
60_-111,2026-09-18,3,Northwest Territories,60.5,-110.5,10.8,60.0,5.8,0.2,5.083477612840944,0.0015167142,0.0,0.0,,555,0
60_-111,2026-09-19,4,Northwest Territories,60.5,-110.5,14.8,54.0,14.5,0.0,10.251240292861237,0.0020446682,0.0,0.0,,512,0
60_-111,2026-09-20,5,Northwest Territories,60.5,-110.5,16.7,62.0,8.1,3.1,1.2319802989429964,0.0020446682,0.0,0.0,,520,0
60_-111,2026-09-21,6,Northwest Territories,60.5,-110.5,17.4,52.0,10.1,0.0,4.6467234135021265,0.0034599912,0.00010140445,0.0,,437,0
60_-111,2026-09-22,7,Northwest Territories,60.5,-110.5,17.0,64.0,5.3,0.30000000000000004,5.081753824870764,0.0022243848,0.00013172916,0.0,,503,0
60_-112,2026-09-15,0,Northwest Territories,60.5,-111.5,8.133155850347832,67.83685160955852,11.730243539216692,2.1412895047710316,1.630956060136113,0.00510037,0.00016979082,0.00784313725490196,0.6502971646841615,371,0
60_-112,2026-09-16,1,Northwest Territories,60.5,-111.5,6.4,57.0,14.2,0.4,3.6498043194984633,0.0034599912,0.00013172916,0.00784313725490196,0.44114887656178325,440,0
60_-112,2026-09-17,2,Northwest Territories,60.5,-111.5,9.5,84.0,13.0,0.6,3.591623887345751,0.0034599912,0.00013172916,0.00784313725490196,0.44114887656178325,435,0
60_-112,2026-09-18,3,Northwest Territories,60.5,-111.5,11.2,61.0,4.9,0.0,3.572634198100537,0.0034599912,0.00013172916,0.00784313725490196,0.44114887656178325,422,0
60_-112,2026-09-19,4,Northwest Territories,60.5,-111.5,15.1,57.0,15.9,0.0,9.820935576027411,0.006459243,0.00016979082,0.00784313725490196,0.8235534990672022,291,0
60_-112,2026-09-20,5,Northwest Territories,60.5,-111.5,16.7,59.0,8.5,0.0,8.279329536975386,0.008237548,0.00019753922,0.00784313725490196,1.0502873919904232,261,0
60_-112,2026-09-21,6,Northwest Territories,60.5,-111.5,17.7,51.0,9.6,0.0,10.692996945731055,0.009431681,0.00036769436,0.00784313725490196,1.2025392847135663,225,0
60_-112,2026-09-22,7,Northwest Territories,60.5,-111.5,16.2,67.0,6.9,0.9,5.230695684050713,0.008237548,0.00036769436,0.00784313725490196,1.0502873919904232,287,0
60_-113,2026-09-15,0,Northwest Territories,60.5,-112.5,7.76409286071831,71.2148168505689,11.759777252570913,1.427095680318795,2.245378738522059,0.0015167142,0.0,0.0,,594,0
60_-113,2026-09-16,1,Northwest Territories,60.5,-112.5,7.7,54.0,10.4,0.30000000000000004,3.279524960665264,0.0012195122,0.0,0.0,,608,0
60_-113,2026-09-17,2,Northwest Territories,60.5,-112.5,12.6,59.0,10.0,0.0,5.341728798310748,0.0015167142,0.0,0.0,,571,0
60_-113,2026-09-18,3,Northwest Territories,60.5,-112.5,11.7,61.0,2.2,0.0,4.217010081111272,0.0015167142,0.0,0.0,,556,0
60_-113,2026-09-19,4,Northwest Territories,60.5,-112.5,13.5,65.0,12.4,0.0,7.563207649505679,0.0020446682,0.0,0.0,,513,0
60_-113,2026-09-20,5,Northwest Territories,60.5,-112.5,16.9,54.0,9.2,0.0,8.515006913271353,0.0020446682,0.0,0.0,,521,0
60_-113,2026-09-21,6,Northwest Territories,60.5,-112.5,17.7,49.0,9.7,0.0,10.599159463497188,0.0034599912,0.00016979082,0.0,,438,0
60_-113,2026-09-22,7,Northwest Territories,60.5,-112.5,15.9,62.0,3.6,14.4,0.0896535134027788,0.0020446682,0.00010140445,0.0,,539,0
60_-114,2026-09-15,0,Northwest Territories,60.5,-113.5,8.093198797923158,67.2847789434205,12.021911954903041,1.5039922430762938,1.6280560316285844,0.0007248675,0.0,0.00196078431372549,0.3696824301732704,661,0
60_-114,2026-09-16,1,Northwest Territories,60.5,-113.5,7.9,47.0,5.4,0.1,1.316443961622965,0.0007248675,0.0,0.00196078431372549,0.3696824301732704,649,0
60_-114,2026-09-17,2,Northwest Territories,60.5,-113.5,14.2,56.0,11.1,0.5,4.89274880337289,0.0015167142,0.0,0.00196078431372549,0.7735242554917932,572,0
60_-114,2026-09-18,3,Northwest Territories,60.5,-113.5,11.8,68.0,2.1,0.0,3.267771343783866,0.0015167142,0.0,0.00196078431372549,0.7735242554917932,557,0
60_-114,2026-09-19,4,Northwest Territories,60.5,-113.5,14.4,62.0,14.2,0.0,7.564555269328575,0.0015167142,0.0,0.00196078431372549,0.7735242554917932,562,0
60_-114,2026-09-20,5,Northwest Territories,60.5,-113.5,17.8,49.0,8.9,0.0,8.51838364024915,0.0020446682,0.00013172916,0.00196078431372549,1.0427807760424912,522,0
60_-114,2026-09-21,6,Northwest Territories,60.5,-113.5,18.0,45.0,12.0,0.0,11.915415238016031,0.0034599912,0.00019753922,0.00196078431372549,1.764595506247133,439,0
60_-114,2026-09-22,7,Northwest Territories,60.5,-113.5,16.5,59.0,3.8,1.2,3.1604747321370152,0.0034599912,0.00016979082,0.00196078431372549,1.764595506247133,442,0
60_-115,2026-09-15,0,Northwest Territories,60.5,-114.5,8.565538246339964,60.83590469526021,12.246174132246377,1.5462645759150726,1.778955968043883,0.0007248675,0.0,0.00196078431372549,0.3696824301732704,662,0
60_-115,2026-09-16,1,Northwest Territories,60.5,-114.5,7.4,50.0,2.7,0.1,0.6743483369227523,0.0015167142,0.0,0.00196078431372549,0.7735242554917932,584,0
60_-115,2026-09-17,2,Northwest Territories,60.5,-114.5,13.0,62.0,14.2,0.30000000000000004,3.6614437155958885,0.0015167142,0.0,0.00196078431372549,0.7735242554917932,573,0
60_-115,2026-09-18,3,Northwest Territories,60.5,-114.5,13.2,60.0,1.9,0.0,2.650286693430832,0.0020446682,0.0,0.00196078431372549,1.0427807760424912,519,0
60_-115,2026-09-19,4,Northwest Territories,60.5,-114.5,15.0,57.0,14.4,0.0,7.622509164342787,0.0020446682,0.00010140445,0.00196078431372549,1.0427807760424912,514,0
60_-115,2026-09-20,5,Northwest Territories,60.5,-114.5,17.4,51.0,9.1,0.0,7.916116449925065,0.0022243848,0.00016979082,0.00196078431372549,1.1344362515956163,477,0
60_-115,2026-09-21,6,Northwest Territories,60.5,-114.5,16.7,48.0,15.3,0.0,11.998401447224802,0.0034599912,0.00016979082,0.00196078431372549,1.764595506247133,440,0
60_-115,2026-09-22,7,Northwest Territories,60.5,-114.5,15.4,69.0,5.7,0.6000000000000001,6.022038837067465,0.0034599912,0.00010140445,0.00196078431372549,1.764595506247133,443,0
60_-116,2026-09-15,0,Northwest Territories,60.5,-115.5,8.148252774719182,63.0836962090894,11.430038027011696,1.0298499653700308,5.34851534863314,0.0007248675,0.0,0.0,,663,0
60_-116,2026-09-16,1,Northwest Territories,60.5,-115.5,8.6,54.0,6.7,0.0,3.172591954780636,0.0007248675,0.0,0.0,,650,0
60_-116,2026-09-17,2,Northwest Territories,60.5,-115.5,13.7,63.0,13.7,0.1,7.364675916868464,0.0015167142,0.0,0.0,,574,0
60_-116,2026-09-18,3,Northwest Territories,60.5,-115.5,14.2,64.0,3.6,0.0,5.42518028877897,0.0015167142,0.0,0.0,,558,0
60_-116,2026-09-19,4,Northwest Territories,60.5,-115.5,15.7,55.0,12.1,0.0,10.420306358591075,0.0020446682,0.0,0.0,,515,0
60_-116,2026-09-20,5,Northwest Territories,60.5,-115.5,16.8,56.0,11.6,0.0,11.249225598851162,0.0020446682,0.00013172916,0.0,,523,0
60_-116,2026-09-21,6,Northwest Territories,60.5,-115.5,16.7,50.0,15.2,0.0,14.827760070901276,0.0022243848,0.00013172916,0.0,,492,0
60_-116,2026-09-22,7,Northwest Territories,60.5,-115.5,16.1,52.0,2.3,0.0,9.044118014470147,0.002782071,0.00010140445,0.0,,489,0
60_-117,2026-09-15,0,Northwest Territories,60.5,-116.5,7.86911553426113,72.4464778309075,6.663772292357613,1.8503902339058715,2.939393288903357,0.0015167142,0.0,0.0,,595,0
60_-117,2026-09-16,1,Northwest Territories,60.5,-116.5,7.7,64.0,12.3,0.10000000000000012,3.633804118531849,0.0015167142,0.0,0.0,,585,0
60_-117,2026-09-17,2,Northwest Territories,60.5,-116.5,13.1,63.0,13.9,0.20000000000000012,6.651069932997334,0.0015167142,0.0,0.0,,575,0
60_-117,2026-09-18,3,Northwest Territories,60.5,-116.5,14.0,61.0,3.6,0.0,5.386654212999925,0.0020446682,0.0,0.0,,520,0
60_-117,2026-09-19,4,Northwest Territories,60.5,-116.5,14.2,56.0,17.2,0.0,12.602604432277795,0.002782071,0.0,0.0,,459,0
60_-117,2026-09-20,5,Northwest Territories,60.5,-116.5,15.8,56.0,14.6,0.0,12.636403657765365,0.003292181,0.00010140445,0.0,,453,0
60_-117,2026-09-21,6,Northwest Territories,60.5,-116.5,16.9,46.0,9.5,0.0,12.685665282555211,0.003292181,0.00013172916,0.0,,474,0
60_-117,2026-09-22,7,Northwest Territories,60.5,-116.5,16.4,49.0,5.9,0.0,11.324697824026277,0.003292181,0.00010140445,0.0,,473,0
60_-118,2026-09-15,0,Northwest Territories,60.5,-117.5,7.8961342017054905,70.29268971802443,5.980614122306108,1.2660219186129713,3.4150422850403386,0.003292181,0.00010140445,0.00392156862745098,0.8395061711780727,487,0
60_-118,2026-09-16,1,Northwest Territories,60.5,-117.5,8.3,64.0,6.0,3.1999999999999997,0.43209861429079577,0.003292181,0.00010140445,0.00392156862745098,0.8395061711780727,462,0
60_-118,2026-09-17,2,Northwest Territories,60.5,-117.5,13.2,62.0,12.3,0.0999999999999999,2.618236014842677,0.0034599912,0.00013172916,0.00392156862745098,0.8822977531235665,436,0
60_-118,2026-09-18,3,Northwest Territories,60.5,-117.5,13.2,70.0,5.1,0.0,2.4798337790389686,0.0034599912,0.00010140445,0.00392156862745098,0.8822977531235665,423,0
60_-118,2026-09-19,4,Northwest Territories,60.5,-117.5,16.1,53.0,6.5,0.0,5.676436444463334,0.0034599912,0.00013172916,0.00392156862745098,0.8822977531235665,419,0
60_-118,2026-09-20,5,Northwest Territories,60.5,-117.5,19.7,39.0,15.1,0.0,15.561648130428257,0.00510037,0.00036769436,0.00392156862745098,1.300594329368323,342,0
60_-118,2026-09-21,6,Northwest Territories,60.5,-117.5,17.6,33.0,19.5,0.0,22.70921879835399,0.006459243,0.00036769436,0.00392156862745098,1.6471069981344044,299,0
60_-118,2026-09-22,7,Northwest Territories,60.5,-117.5,15.7,51.0,5.8,0.0,12.305033078234917,0.00510037,0.00036769436,0.00392156862745098,1.300594329368323,373,0
60_-119,2026-09-15,0,Northwest Territories,60.5,-118.5,7.734601347822504,70.57210782763252,5.738389464743134,0.6064564798436709,1.877121568553892,0.0020446682,0.0,0.00392156862745098,0.5213903880212456,547,0
60_-119,2026-09-16,1,Northwest Territories,60.5,-118.5,7.6,73.0,7.7,1.7000000000000002,0.731440029913621,0.0020446682,0.0,0.00392156862745098,0.5213903880212456,537,0
60_-119,2026-09-17,2,Northwest Territories,60.5,-118.5,13.1,61.0,8.4,0.10000000000000006,2.0413824577212423,0.002782071,0.00010140445,0.00392156862745098,0.7094281073659658,473,0
60_-119,2026-09-18,3,Northwest Territories,60.5,-118.5,12.8,71.0,3.4,2.8000000000000003,0.4167232269496383,0.003292181,0.00010140445,0.00392156862745098,0.8395061711780727,453,0
60_-119,2026-09-19,4,Northwest Territories,60.5,-118.5,15.8,53.0,10.0,0.0,2.3808526127105734,0.0034599912,0.00013172916,0.00392156862745098,0.8822977531235665,420,0
60_-119,2026-09-20,5,Northwest Territories,60.5,-118.5,17.6,47.0,10.8,0.0,7.0092450771072965,0.0034599912,0.00016979082,0.00392156862745098,0.8822977531235665,425,0
60_-119,2026-09-21,6,Northwest Territories,60.5,-118.5,16.3,39.0,17.9,0.0,14.887618121870934,0.0039100684,0.00019753922,0.00392156862745098,0.9970674477517605,362,0
60_-119,2026-09-22,7,Northwest Territories,60.5,-118.5,15.2,47.0,4.9,0.0,9.190182662109654,0.0034599912,0.00016979082,0.00392156862745098,0.8822977531235665,444,0
60_-120,2026-09-15,0,Northwest Territories,60.5,-119.5,7.3714060764979035,72.5664299220508,7.453302578306495,0.19700954587627986,1.3377214130243265,0.00038029242,0.0,0.0,,704,0
60_-120,2026-09-16,1,Northwest Territories,60.5,-119.5,7.1,75.0,8.1,1.0,0.8575451844681304,0.00038029242,0.0,0.0,,704,0
60_-120,2026-09-17,2,Northwest Territories,60.5,-119.5,14.2,56.0,7.8,0.0,2.4482617413738264,0.0007248675,0.0,0.0,,653,0
60_-120,2026-09-18,3,Northwest Territories,60.5,-119.5,12.1,72.0,0.9,0.1,1.9425154080960643,0.0007248675,0.0,0.0,,629,0
60_-120,2026-09-19,4,Northwest Territories,60.5,-119.5,14.4,58.0,14.2,0.0,7.359078766322607,0.0007248675,0.0,0.0,,641,0
60_-120,2026-09-20,5,Northwest Territories,60.5,-119.5,15.4,55.0,11.6,0.0,8.401830689210517,0.0007248675,0.0,0.0,,637,0
60_-120,2026-09-21,6,Northwest Territories,60.5,-119.5,14.8,46.0,13.9,0.0,11.666769756528971,0.0015167142,0.00010140445,0.0,,576,0
60_-120,2026-09-22,7,Northwest Territories,60.5,-119.5,14.4,48.0,8.2,0.0,9.692850485405431,0.0015167142,0.0,0.0,,583,0
60_-121,2026-09-15,0,Northwest Territories,60.5,-120.5,5.449028313978293,82.70036038649503,10.080337795263596,0.18962776058472025,0.7135333720471833,0.002782071,0.00010140445,0.00392156862745098,0.7094281073659658,502,0
60_-121,2026-09-16,1,Northwest Territories,60.5,-120.5,5.6,77.0,12.6,0.1,1.8922937841570788,0.0022243848,0.0,0.00392156862745098,0.5672181257978082,494,0
60_-121,2026-09-17,2,Northwest Territories,60.5,-120.5,12.7,63.0,3.4,0.0,1.568137696605654,0.0034599912,0.00010140445,0.00392156862745098,0.8822977531235665,437,0
60_-121,2026-09-18,3,Northwest Territories,60.5,-120.5,11.4,76.0,2.1,1.4,0.7927868001677176,0.002782071,0.00010140445,0.00392156862745098,0.7094281073659658,463,0
60_-121,2026-09-19,4,Northwest Territories,60.5,-120.5,15.0,53.0,13.1,0.0,5.138175466349422,0.0034599912,0.00013172916,0.00392156862745098,0.8822977531235665,421,0
60_-121,2026-09-20,5,Northwest Territories,60.5,-120.5,15.6,51.0,13.9,0.0,9.4643013578632,0.0034599912,0.00016979082,0.00392156862745098,0.8822977531235665,426,0
60_-121,2026-09-21,6,Northwest Territories,60.5,-120.5,13.3,44.0,18.2,0.0,14.589187713694118,0.0034599912,0.00019753922,0.00392156862745098,0.8822977531235665,441,0
60_-121,2026-09-22,7,Northwest Territories,60.5,-120.5,12.4,49.0,5.0,0.0,8.773495654705211,0.00510037,0.00016979082,0.00392156862745098,1.300594329368323,374,0
60_-122,2026-09-15,0,Northwest Territories,60.5,-121.5,4.818912556892503,85.56463618781324,11.177246563302619,0.1323283661789366,0.7846196777838665,0.0012195122,0.0,0.0,,621,0
60_-122,2026-09-16,1,Northwest Territories,60.5,-121.5,7.3,71.0,15.4,0.0,2.838971922876132,0.0007248675,0.0,0.0,,651,0
60_-122,2026-09-17,2,Northwest Territories,60.5,-121.5,13.3,60.0,2.5,0.0,1.9681444245284945,0.0015167142,0.0,0.0,,576,0
60_-122,2026-09-18,3,Northwest Territories,60.5,-121.5,10.6,81.0,3.1,1.7,0.7296365169910696,0.00095187407,0.0,0.0,,581,0
60_-122,2026-09-19,4,Northwest Territories,60.5,-121.5,13.0,57.0,16.2,0.0,4.820582573614742,0.0020446682,0.0,0.0,,516,0
60_-122,2026-09-20,5,Northwest Territories,60.5,-121.5,15.8,45.0,15.2,0.0,10.411986279940306,0.0020446682,0.00010140445,0.0,,524,0
60_-122,2026-09-21,6,Northwest Territories,60.5,-121.5,13.0,44.0,18.8,0.0,15.06749843455804,0.002782071,0.00016979082,0.0,,479,0
60_-122,2026-09-22,7,Northwest Territories,60.5,-121.5,12.5,49.0,7.1,0.0,9.697266472849853,0.0022243848,0.00010140445,0.0,,504,0
60_-123,2026-09-15,0,Northwest Territories,60.5,-122.5,5.785949813073983,81.28522732515702,10.33706423875003,0.3887789110868311,0.6902645494553857,0.0020446682,0.00013172916,0.00392156862745098,0.5213903880212456,548,0
60_-123,2026-09-16,1,Northwest Territories,60.5,-122.5,7.0,73.0,14.2,0.0,2.2138793761440785,0.0015167142,0.00010140445,0.00392156862745098,0.3867621277458966,586,0
60_-123,2026-09-17,2,Northwest Territories,60.5,-122.5,13.5,58.0,4.6,0.0,2.2076883449009412,0.0022243848,0.00013172916,0.00392156862745098,0.5672181257978082,493,0
60_-123,2026-09-18,3,Northwest Territories,60.5,-122.5,12.3,67.0,4.4,0.2,3.2029682727316855,0.0020446682,0.00013172916,0.00392156862745098,0.5213903880212456,521,0
60_-123,2026-09-19,4,Northwest Territories,60.5,-122.5,12.1,60.0,9.5,0.0,5.835374629191241,0.0020446682,0.00013172916,0.00392156862745098,0.5213903880212456,517,0
60_-123,2026-09-20,5,Northwest Territories,60.5,-122.5,14.7,47.0,9.4,0.0,8.580524265830302,0.0034599912,0.00016979082,0.00392156862745098,0.8822977531235665,427,0
60_-123,2026-09-21,6,Northwest Territories,60.5,-122.5,12.8,46.0,14.6,0.0,12.128275734896144,0.0034599912,0.00019753922,0.00392156862745098,0.8822977531235665,442,0
60_-123,2026-09-22,7,Northwest Territories,60.5,-122.5,10.9,54.0,5.0,0.0,8.34195372972719,0.0034599912,0.00016979082,0.00392156862745098,0.8822977531235665,445,0
60_-124,2026-09-15,0,Northwest Territories,60.5,-123.5,6.906565103227352,78.10284230094999,13.212934484227919,0.47188049723926206,0.7004124252306629,0.0020446682,0.00010140445,0.00196078431372549,1.0427807760424912,549,0
60_-124,2026-09-16,1,Northwest Territories,60.5,-123.5,7.3,77.0,7.4,0.1,0.8361785793764258,0.0015167142,0.0,0.00196078431372549,0.7735242554917932,587,0
60_-124,2026-09-17,2,Northwest Territories,60.5,-123.5,14.7,59.0,1.1,0.0,0.9085975582744696,0.0020446682,0.0,0.00196078431372549,1.0427807760424912,532,0
60_-124,2026-09-18,3,Northwest Territories,60.5,-123.5,12.5,71.0,2.4,0.1,1.8497032661077943,0.0022243848,0.0,0.00196078431372549,1.1344362515956163,480,0
60_-124,2026-09-19,4,Northwest Territories,60.5,-123.5,16.2,53.0,9.3,0.0,6.079283203195716,0.003292181,0.00010140445,0.00196078431372549,1.6790123423561454,450,0
60_-124,2026-09-20,5,Northwest Territories,60.5,-123.5,16.2,49.0,7.9,0.0,7.836218536179926,0.0034599912,0.00010140445,0.00196078431372549,1.764595506247133,428,0
60_-124,2026-09-21,6,Northwest Territories,60.5,-123.5,14.4,47.0,10.9,0.0,10.134598582203056,0.0034599912,0.00013172916,0.00196078431372549,1.764595506247133,443,0
60_-124,2026-09-22,7,Northwest Territories,60.5,-123.5,14.3,46.0,1.9,0.0,7.371786325361229,0.0034599912,0.00010140445,0.00196078431372549,1.764595506247133,446,0
60_-127,2026-09-15,0,Nova Scotia,60.5,-126.5,10.777771738657322,50.71672872767001,4.76898960052451,0.06901566548693754,4.4937806208996545,0.0020446682,0.0,0.00196078431372549,1.0427807760424912,550,0
60_-127,2026-09-16,1,Nova Scotia,60.5,-126.5,7.4,75.0,23.0,0.0,8.639285410263286,0.0015167142,0.0,0.00196078431372549,0.7735242554917932,588,0
60_-127,2026-09-17,2,Nova Scotia,60.5,-126.5,8.9,60.0,17.8,0.5,7.942401034200846,0.0015167142,0.0,0.00196078431372549,0.7735242554917932,577,0
60_-127,2026-09-18,3,Nova Scotia,60.5,-126.5,9.3,49.0,7.4,0.0,6.125959868799645,0.0015167142,0.0,0.00196078431372549,0.7735242554917932,559,0
60_-127,2026-09-19,4,Nova Scotia,60.5,-126.5,9.0,69.0,20.7,0.6000000000000001,8.66591676333394,0.0015167142,0.0,0.00196078431372549,0.7735242554917932,563,0
60_-127,2026-09-20,5,Nova Scotia,60.5,-126.5,7.5,91.0,12.9,1.1,2.37779487947102,0.0007248675,0.0,0.00196078431372549,0.3696824301732704,638,0
60_-127,2026-09-21,6,Nova Scotia,60.5,-126.5,7.7,52.0,18.0,1.6,3.33105051516681,0.0007248675,0.0,0.00196078431372549,0.3696824301732704,644,0
60_-127,2026-09-22,7,Nova Scotia,60.5,-126.5,7.5,55.0,6.5,0.2,2.7031372884061398,0.0015167142,0.0,0.00196078431372549,0.7735242554917932,584,0
60_-128,2026-09-15,0,Nova Scotia,60.5,-127.5,11.265202879522022,48.49596390990553,4.107744551108942,0.0,5.618905622649174,0.002782071,0.00010140445,0.00196078431372549,1.4188562147319317,503,0
60_-128,2026-09-16,1,Nova Scotia,60.5,-127.5,10.1,74.0,12.2,0.0,6.618625205286001,0.0020446682,0.0,0.00196078431372549,1.0427807760424912,538,0
60_-128,2026-09-17,2,Nova Scotia,60.5,-127.5,12.3,54.0,12.6,0.1,8.01628080105486,0.0020446682,0.0,0.00196078431372549,1.0427807760424912,533,0
60_-128,2026-09-18,3,Nova Scotia,60.5,-127.5,12.0,52.0,6.5,0.0,6.729597893877522,0.0020446682,0.0,0.00196078431372549,1.0427807760424912,522,0
60_-128,2026-09-19,4,Nova Scotia,60.5,-127.5,11.2,77.0,12.1,1.1,3.3413071953808804,0.0015167142,0.0,0.00196078431372549,0.7735242554917932,564,0
60_-128,2026-09-20,5,Nova Scotia,60.5,-127.5,8.3,99.0,8.0,2.4,0.17680729267880582,0.0015167142,0.0,0.00196078431372549,0.7735242554917932,565,0
60_-128,2026-09-21,6,Nova Scotia,60.5,-127.5,10.9,51.0,12.9,1.1999999999999997,1.6444250191147933,0.0007248675,0.0,0.00196078431372549,0.3696824301732704,645,0
60_-128,2026-09-22,7,Nova Scotia,60.5,-127.5,8.6,65.0,5.9,0.0,1.5239103654616994,0.0012195122,0.0,0.00196078431372549,0.6219512200914323,610,0
60_-129,2026-09-15,0,Nova Scotia,60.5,-128.5,11.11607075579773,46.79260936701561,5.045214136772697,0.0,7.008442599674016,0.023706896,0.00036769436,0.0196078431372549,1.2090517077594995,82,0
60_-129,2026-09-16,1,Nova Scotia,60.5,-128.5,9.0,68.0,13.4,0.0,8.675936998008984,0.019046638,0.00036769436,0.0196078431372549,0.9713785462081432,106,0
60_-129,2026-09-17,2,Nova Scotia,60.5,-128.5,8.9,57.0,13.9,0.2,9.112819930699276,0.016953317,0.00019753922,0.0196078431372549,0.8646191898733377,134,0
60_-129,2026-09-18,3,Nova Scotia,60.5,-128.5,9.5,52.0,5.9,0.0,6.844576822524291,0.01158889,0.00019753922,0.0196078431372549,0.5910333953797817,198,0
60_-129,2026-09-19,4,Nova Scotia,60.5,-128.5,8.0,80.0,12.5,2.7,0.8902715186221053,0.008237548,0.00016979082,0.0196078431372549,0.4201149567961693,257,0
60_-129,2026-09-20,5,Nova Scotia,60.5,-128.5,6.0,96.0,10.9,3.3000000000000003,0.017209224879114565,0.005107495,0.00013172916,0.0196078431372549,0.2604822451248765,313,0
60_-129,2026-09-21,6,Nova Scotia,60.5,-128.5,7.9,51.0,12.6,2.9,0.25259001956587396,0.006459243,0.00012150282,0.0196078431372549,0.3294213996268809,300,0
60_-129,2026-09-22,7,Nova Scotia,60.5,-128.5,6.2,66.0,4.6,0.6,0.4869404573162439,0.005107495,0.00013172916,0.0196078431372549,0.2604822451248765,340,0
60_-130,2026-09-15,0,Nova Scotia,60.5,-129.5,11.7771074279405,44.41470384220731,5.382768099965408,0.0,7.952429125972468,0.01158889,0.00019753922,0.011764705882352941,0.9850556589663029,192,0
60_-130,2026-09-16,1,Nova Scotia,60.5,-129.5,12.6,58.0,13.5,0.1,11.230226741699148,0.01158889,0.00036769436,0.011764705882352941,0.9850556589663029,184,0
60_-130,2026-09-17,2,Nova Scotia,60.5,-129.5,11.1,52.0,13.0,0.2,11.349520837388475,0.0085633695,0.00019753922,0.011764705882352941,0.7278864085674286,231,0
60_-130,2026-09-18,3,Nova Scotia,60.5,-129.5,10.4,56.0,6.9,0.0,8.894996449293412,0.008237548,0.00019753922,0.011764705882352941,0.7001915946602821,250,0
60_-130,2026-09-19,4,Nova Scotia,60.5,-129.5,12.1,59.0,11.4,4.4,0.8782689298854313,0.008237548,0.00016979082,0.011764705882352941,0.7001915946602821,258,0
60_-130,2026-09-20,5,Nova Scotia,60.5,-129.5,8.6,92.0,11.1,1.6,0.4152875309436534,0.00510037,0.00010140445,0.011764705882352941,0.43353144312277436,343,0
60_-130,2026-09-21,6,Nova Scotia,60.5,-129.5,9.6,52.0,7.7,1.7000000000000002,0.7413891310178399,0.00510037,0.00010140445,0.011764705882352941,0.43353144312277436,355,0
60_-130,2026-09-22,7,Nova Scotia,60.5,-129.5,8.6,58.0,4.5,0.0,0.9750051047411601,0.00510037,0.00010140445,0.011764705882352941,0.43353144312277436,375,0
60_-131,2026-09-15,0,Nova Scotia,60.5,-130.5,11.842211673255274,45.889850737705686,5.076467113267314,0.0,8.576234762847841,0.0020446682,0.0,0.0,,551,0
60_-131,2026-09-16,1,Nova Scotia,60.5,-130.5,5.1,86.0,23.7,0.3,10.341143262389828,0.0007248675,0.0,0.0,,652,0
60_-131,2026-09-17,2,Nova Scotia,60.5,-130.5,4.9,66.0,16.9,0.9,5.469430029150365,0.0007248675,0.0,0.0,,654,0
60_-131,2026-09-18,3,Nova Scotia,60.5,-130.5,5.5,66.0,7.5,0.0,4.178856488971974,0.00038029242,0.0,0.0,,692,0
60_-131,2026-09-19,4,Nova Scotia,60.5,-130.5,7.0,67.0,18.6,2.7,2.5809696256938897,0.00038029242,0.0,0.0,,701,0
60_-131,2026-09-20,5,Nova Scotia,60.5,-130.5,5.1,88.0,15.6,3.2,0.1558589776090238,0.00038029242,0.0,0.0,,704,0
60_-131,2026-09-21,6,Nova Scotia,60.5,-130.5,3.6,61.0,17.2,0.7000000000000001,1.362441125535283,0.00038029242,0.0,0.0,,716,0
60_-131,2026-09-22,7,Nova Scotia,60.5,-130.5,2.6,74.0,6.0,0.1,0.8335873087794764,0.00038029242,0.0,0.0,,708,0
60_-133,2026-09-15,0,Nova Scotia,60.5,-132.5,9.049726471045469,60.566165121259736,4.460656911748784,0.023500973718146044,7.936301404911492,0.005107495,0.0,0.0058823529411764705,0.868274150416255,331,0
60_-133,2026-09-16,1,Nova Scotia,60.5,-132.5,8.8,78.0,18.4,0.1,10.517459280761528,0.00510037,0.0,0.0058823529411764705,0.8670628862455487,351,0
60_-133,2026-09-17,2,Nova Scotia,60.5,-132.5,7.7,72.0,8.5,0.8,4.273472141667356,0.0034599912,0.0,0.0058823529411764705,0.5881985020823777,438,0
60_-133,2026-09-18,3,Nova Scotia,60.5,-132.5,8.3,60.0,11.8,0.1,6.934815847035562,0.0034599912,0.0,0.0058823529411764705,0.5881985020823777,424,0
60_-133,2026-09-19,4,Nova Scotia,60.5,-132.5,10.2,63.0,18.7,2.9000000000000004,3.326934957987252,0.00510037,0.0,0.0058823529411764705,0.8670628862455487,340,0
60_-133,2026-09-20,5,Nova Scotia,60.5,-132.5,8.2,76.0,19.0,3.1,0.8142974218464478,0.0034599912,0.0,0.0058823529411764705,0.5881985020823777,429,0
60_-133,2026-09-21,6,Nova Scotia,60.5,-132.5,7.4,61.0,16.7,0.6,2.879178789970557,0.0034599912,0.0,0.0058823529411764705,0.5881985020823777,444,0
60_-133,2026-09-22,7,Nova Scotia,60.5,-132.5,5.5,70.0,6.7,0.8,1.449422015983531,0.0034599912,0.0,0.0058823529411764705,0.5881985020823777,447,0
60_-134,2026-09-15,0,Nova Scotia,60.5,-133.5,9.861899146170018,57.158978623198294,4.995350269995676,0.07480567228754686,7.780406668864126,0.0034599912,0.0,0.00196078431372549,1.764595506247133,461,0
60_-134,2026-09-16,1,Nova Scotia,60.5,-133.5,10.6,66.0,15.5,0.2,11.250701853878516,0.003292181,0.0,0.00196078431372549,1.6790123423561454,463,0
60_-134,2026-09-17,2,Nova Scotia,60.5,-133.5,8.4,64.0,4.1,0.30000000000000004,6.809379725677653,0.0022243848,0.0,0.00196078431372549,1.1344362515956163,494,0
60_-134,2026-09-18,3,Nova Scotia,60.5,-133.5,6.7,71.0,10.4,0.30000000000000004,8.063275492143898,0.0015167142,0.0,0.00196078431372549,0.7735242554917932,560,0
60_-134,2026-09-19,4,Nova Scotia,60.5,-133.5,9.2,73.0,10.2,1.0,4.044376615096064,0.0015167142,0.0,0.00196078431372549,0.7735242554917932,565,0
60_-134,2026-09-20,5,Nova Scotia,60.5,-133.5,8.8,65.0,16.1,4.3,0.8784779051900726,0.0015167142,0.0,0.00196078431372549,0.7735242554917932,566,0
60_-134,2026-09-21,6,Nova Scotia,60.5,-133.5,8.0,54.0,15.0,0.2,3.1796514192686933,0.0020446682,0.0,0.00196078431372549,1.0427807760424912,535,0
60_-134,2026-09-22,7,Nova Scotia,60.5,-133.5,5.7,68.0,4.0,0.1,1.9961030152126413,0.0015167142,0.0,0.00196078431372549,0.7735242554917932,585,0
60_-135,2026-09-15,0,Nova Scotia,60.5,-134.5,10.397684532311951,53.82482828824535,4.843870938462867,0.1753274499465636,6.675859425688659,0.013233952,0.00016979082,0.01568627450980392,0.8436644542962313,144,0
60_-135,2026-09-16,1,Nova Scotia,60.5,-134.5,12.9,64.0,15.4,0.30000000000000004,10.83175985989878,0.013233952,0.00016979082,0.01568627450980392,0.8436644542962313,145,0
60_-135,2026-09-17,2,Nova Scotia,60.5,-134.5,9.7,74.0,0.9,0.30000000000000004,4.931441848357711,0.01158889,0.00013172916,0.01568627450980392,0.7387917442247272,200,0
60_-135,2026-09-18,3,Nova Scotia,60.5,-134.5,8.2,75.0,11.0,0.0,7.3056164314861185,0.008910148,0.00013172916,0.01568627450980392,0.5680219607893378,223,0
60_-135,2026-09-19,4,Nova Scotia,60.5,-134.5,10.0,81.0,7.7,1.8000000000000003,1.5395032957069663,0.008237548,0.00010140445,0.01568627450980392,0.5251436959952116,259,0
60_-135,2026-09-20,5,Nova Scotia,60.5,-134.5,10.1,71.0,16.4,2.2,2.143328361478683,0.008237548,0.00010140445,0.01568627450980392,0.5251436959952116,262,0
60_-135,2026-09-21,6,Nova Scotia,60.5,-134.5,9.0,64.0,12.8,0.20000000000000023,3.09525852073252,0.008237548,0.00010140445,0.01568627450980392,0.5251436959952116,266,0
60_-135,2026-09-22,7,Nova Scotia,60.5,-134.5,6.6,87.0,3.3,0.6000000000000003,1.4266340354697788,0.005107495,0.00010140445,0.01568627450980392,0.3256028064060956,341,0
60_-136,2026-09-15,0,Nova Scotia,60.5,-135.5,10.469802223122462,54.37627446108307,4.73687880991008,0.18557328756358538,6.204514227673642,0.031681307,0.00019753922,0.045098039215686274,0.7024985389864963,46,1
60_-136,2026-09-16,1,Nova Scotia,60.5,-135.5,8.5,72.0,19.2,0.30000000000000004,10.608877075418132,0.029426603,0.00019753922,0.045098039215686274,0.6525029282531013,54,1
60_-136,2026-09-17,2,Nova Scotia,60.5,-135.5,5.5,65.0,12.2,0.0,7.976175407636245,0.027218936,0.00016979082,0.045098039215686274,0.6035503202482411,69,1
60_-136,2026-09-18,3,Nova Scotia,60.5,-135.5,4.3,73.0,8.5,0.0,6.178970728292875,0.020055054,0.00016979082,0.045098039215686274,0.4446990180598653,119,0
60_-136,2026-09-19,4,Nova Scotia,60.5,-135.5,7.1,70.0,14.2,1.4,3.560478918677293,0.019046638,0.00016979082,0.045098039215686274,0.4223384983513666,133,0
60_-136,2026-09-20,5,Nova Scotia,60.5,-135.5,5.4,74.0,16.8,5.5,0.24433765028943624,0.013666987,0.00016979082,0.045098039215686274,0.30305059059806494,173,0
60_-136,2026-09-21,6,Nova Scotia,60.5,-135.5,4.1,70.0,17.3,0.30000000000000004,1.6034355249847045,0.01158889,0.00016979082,0.045098039215686274,0.2569710414694703,219,0
60_-136,2026-09-22,7,Nova Scotia,60.5,-135.5,2.1,78.0,4.2,0.0,0.7565967054217604,0.01158889,0.00016979082,0.045098039215686274,0.2569710414694703,232,0
60_-137,2026-09-15,0,Nova Scotia,60.5,-136.5,10.567104930908412,56.6818255438834,4.549004876759045,0.11467974805644467,5.44097314933914,0.0007248675,0.0,0.0,,664,0
60_-137,2026-09-16,1,Nova Scotia,60.5,-136.5,7.5,77.0,24.4,0.7,8.61897623361586,0.0007248675,0.0,0.0,,653,0
60_-137,2026-09-17,2,Nova Scotia,60.5,-136.5,3.9,72.0,15.3,0.0,5.9838733119103145,0.0007248675,0.0,0.0,,655,0
60_-137,2026-09-18,3,Nova Scotia,60.5,-136.5,3.1,81.0,8.5,0.0,4.216021957011223,0.00038029242,0.0,0.0,,693,0
60_-137,2026-09-19,4,Nova Scotia,60.5,-136.5,5.4,77.0,13.7,4.2,0.3388089233693886,0.00038029242,0.0,0.0,,702,0
60_-137,2026-09-20,5,Nova Scotia,60.5,-136.5,4.3,80.0,13.7,7.6000000000000005,0.007323322268302149,0.00038029242,0.0,0.0,,705,0
60_-137,2026-09-21,6,Nova Scotia,60.5,-136.5,3.6,77.0,16.9,3.4000000000000004,0.019449670137012542,0.00038029242,0.0,0.0,,717,0
60_-137,2026-09-22,7,Nova Scotia,60.5,-136.5,1.8,82.0,5.6,0.6000000000000001,0.06163983170417813,0.00038029242,0.0,0.0,,709,0
60_-138,2026-09-15,0,Nova Scotia,60.5,-137.5,10.162216136225664,57.07165612486289,4.228237166336777,0.034606509795331815,4.285546655451126,0.00510037,0.00013172916,0.00784313725490196,0.6502971646841615,372,0
60_-138,2026-09-16,1,Nova Scotia,60.5,-137.5,2.1,97.0,10.0,4.1,0.030678343131648394,0.00510037,0.00010140445,0.00784313725490196,0.6502971646841615,352,0
60_-138,2026-09-17,2,Nova Scotia,60.5,-137.5,-0.4,90.0,9.0,1.3,0.03233395512760869,0.0034599912,0.00010140445,0.00784313725490196,0.44114887656178325,439,0
60_-138,2026-09-18,3,Nova Scotia,60.5,-137.5,-0.4,90.0,6.1,0.5,0.08002528975448096,0.0034599912,0.00010140445,0.00784313725490196,0.44114887656178325,425,0
60_-138,2026-09-19,4,Nova Scotia,60.5,-137.5,1.5,76.0,10.2,7.300000000000001,0.002580086229379632,0.0034599912,0.0,0.00784313725490196,0.44114887656178325,422,0
60_-138,2026-09-20,5,Nova Scotia,60.5,-137.5,-1.0,95.0,6.9,11.1,3.975472818700525e-07,0.0034599912,0.0,0.00784313725490196,0.44114887656178325,430,0
60_-138,2026-09-21,6,Nova Scotia,60.5,-137.5,-0.9,86.0,12.0,4.5,9.734244507265636e-06,0.0034599912,0.0,0.00784313725490196,0.44114887656178325,445,0
60_-138,2026-09-22,7,Nova Scotia,60.5,-137.5,-2.2,90.0,2.6,0.0,5.6759563591302604e-05,0.0034599912,0.0,0.00784313725490196,0.44114887656178325,448,0
61_-105,2026-09-15,0,Northwest Territories,61.5,-104.5,5.8,77.4,9.1,0.0,0.2,0.00038029242,0.0,0.0,,705,0
61_-105,2026-09-16,1,Northwest Territories,61.5,-104.5,2.5,86.0,9.8,6.3,0.0010181138001864101,0.00038029242,0.0,0.0,,705,0
61_-105,2026-09-17,2,Northwest Territories,61.5,-104.5,6.3,70.0,20.7,0.8,0.15319424148918845,0.00038029242,0.0,0.0,,704,0
61_-105,2026-09-18,3,Northwest Territories,61.5,-104.5,6.7,82.0,24.3,3.2,0.07703547673571289,0.00038029242,0.0,0.0,,694,0
61_-105,2026-09-19,4,Northwest Territories,61.5,-104.5,9.0,72.0,5.4,0.4,0.15356340436233334,0.00038029242,0.0,0.0,,703,0
61_-105,2026-09-20,5,Northwest Territories,61.5,-104.5,12.7,81.0,10.5,1.7,0.1809621576630167,0.00038029242,0.0,0.0,,706,0
61_-105,2026-09-21,6,Northwest Territories,61.5,-104.5,15.5,64.0,16.7,0.0,0.6741712461583385,0.00038029242,0.0,0.0,,718,0
61_-105,2026-09-22,7,Northwest Territories,61.5,-104.5,15.3,78.0,13.0,0.0,0.81821031198368,0.00038029242,0.0,0.0,,710,0
61_-106,2026-09-15,0,Northwest Territories,61.5,-105.5,,,,,,0.00038029242,0.00013172916,0.0,,706,0
61_-106,2026-09-16,1,Northwest Territories,61.5,-105.5,2.2,77.0,11.0,4.3,0.09186927786262483,0.0,0.0,0.0,,755,0
61_-106,2026-09-17,2,Northwest Territories,61.5,-105.5,6.5,73.0,18.8,7.6000000000000005,0.01926846055377001,0.00038029242,0.0,0.0,,705,0
61_-106,2026-09-18,3,Northwest Territories,61.5,-105.5,6.7,80.0,22.2,1.3000000000000005,0.17540508879639655,0.0,0.0,0.0,,737,0
61_-106,2026-09-19,4,Northwest Territories,61.5,-105.5,8.8,84.0,8.2,0.9000000000000005,0.16408175791714957,0.0,0.0,0.0,,745,0
61_-106,2026-09-20,5,Northwest Territories,61.5,-105.5,12.2,81.0,9.8,1.6000000000000005,0.19727353577271442,0.0,0.0,0.0,,751,0
61_-106,2026-09-21,6,Northwest Territories,61.5,-105.5,13.7,70.0,15.8,0.0,0.5975776063650987,0.00038029242,0.0,0.0,,719,0
61_-106,2026-09-22,7,Northwest Territories,61.5,-105.5,13.4,84.0,10.7,0.3000000000000005,0.5749231041134673,0.00038029242,0.0,0.0,,711,0
61_-107,2026-09-15,0,Northwest Territories,61.5,-106.5,8.3,71.0,15.8,0.6,0.7,0.00038029242,0.0,0.0,,707,0
61_-107,2026-09-16,1,Northwest Territories,61.5,-106.5,2.1,78.0,7.9,3.0,0.08742170425383515,0.0,0.0,0.0,,756,0
61_-107,2026-09-17,2,Northwest Territories,61.5,-106.5,5.6,77.0,16.3,0.5,0.41382307418575004,0.0,0.0,0.0,,756,0
61_-107,2026-09-18,3,Northwest Territories,61.5,-106.5,7.2,73.0,18.7,3.1,0.20244544080436283,0.0,0.0,0.0,,738,0
61_-107,2026-09-19,4,Northwest Territories,61.5,-106.5,11.3,69.0,7.4,0.4,0.310333266324433,0.00038029242,0.0,0.0,,704,0
61_-107,2026-09-20,5,Northwest Territories,61.5,-106.5,15.2,68.0,9.6,0.6000000000000001,0.5843960806688598,0.00038029242,0.0,0.0,,707,0
61_-107,2026-09-21,6,Northwest Territories,61.5,-106.5,16.9,58.0,14.6,0.0,2.965091394161173,0.0006170935,0.0,0.0,,690,0
61_-107,2026-09-22,7,Northwest Territories,61.5,-106.5,14.8,76.0,6.8,0.9,0.7596895978955887,0.00038029242,0.0,0.0,,712,0
61_-108,2026-09-15,0,Northwest Territories,61.5,-107.5,7.534840676835702,65.76967574034354,15.36220520707915,0.5007096234971181,2.774017135384801,0.00038029242,0.0,0.0,,708,0
61_-108,2026-09-16,1,Northwest Territories,61.5,-107.5,2.4,84.0,6.5,1.9,0.4465442303388486,0.00038029242,0.0,0.0,,706,0
61_-108,2026-09-17,2,Northwest Territories,61.5,-107.5,4.2,96.0,16.7,1.1,0.46793456852960935,0.0,0.0,0.0,,757,0
61_-108,2026-09-18,3,Northwest Territories,61.5,-107.5,8.0,67.0,15.6,1.8,0.7461799906737412,0.00038029242,0.0,0.0,,695,0
61_-108,2026-09-19,4,Northwest Territories,61.5,-107.5,12.1,65.0,9.7,1.0,0.9039335585887758,0.00038029242,0.0,0.0,,705,0
61_-108,2026-09-20,5,Northwest Territories,61.5,-107.5,15.7,65.0,9.2,0.7,1.9752832039764143,0.0006170935,0.0,0.0,,677,0
61_-108,2026-09-21,6,Northwest Territories,61.5,-107.5,16.8,56.0,12.6,0.0,5.8019172037576325,0.0007248675,0.0,0.0,,646,0
61_-108,2026-09-22,7,Northwest Territories,61.5,-107.5,14.0,74.0,4.0,6.6,0.08164838607465527,0.0007248675,0.0,0.0,,651,0
61_-109,2026-09-15,0,Northwest Territories,61.5,-108.5,7.5181070690871215,65.537662115481,15.46280296220673,0.4503671927932909,3.0025455952071445,0.00038029242,0.0,0.0,,709,0
61_-109,2026-09-16,1,Northwest Territories,61.5,-108.5,2.8,74.0,9.4,3.9,0.16485953268458928,0.00038029242,0.0,0.0,,707,0
61_-109,2026-09-17,2,Northwest Territories,61.5,-108.5,4.0,97.0,18.3,1.2,0.12988390038944256,0.00038029242,0.0,0.0,,706,0
61_-109,2026-09-18,3,Northwest Territories,61.5,-108.5,8.4,64.0,14.2,0.7000000000000001,0.79591887910344,0.00038029242,0.0,0.0,,696,0
61_-109,2026-09-19,4,Northwest Territories,61.5,-108.5,12.3,62.0,10.9,0.6,1.499145261875622,0.00038029242,0.0,0.0,,706,0
61_-109,2026-09-20,5,Northwest Territories,61.5,-108.5,15.0,65.0,10.6,0.8999999999999999,2.221274173582903,0.00038029242,0.0,0.0,,708,0
61_-109,2026-09-21,6,Northwest Territories,61.5,-108.5,16.0,55.0,13.6,0.0,6.042301510267142,0.0007248675,0.0,0.0,,647,0
61_-109,2026-09-22,7,Northwest Territories,61.5,-108.5,15.0,63.0,5.4,2.7,0.6494128153645915,0.0007248675,0.0,0.0,,652,0
61_-110,2026-09-15,0,Northwest Territories,61.5,-109.5,7.470321069430954,64.99321877497827,15.637536011330289,0.35566166388489723,3.4687535451444074,0.00038029242,0.0,0.0,,710,0
61_-110,2026-09-16,1,Northwest Territories,61.5,-109.5,3.8,75.0,10.0,2.8000000000000003,0.43293806109985067,0.00038029242,0.0,0.0,,708,0
61_-110,2026-09-17,2,Northwest Territories,61.5,-109.5,6.0,91.0,14.1,1.0999999999999999,0.4913746113924242,0.00038029242,0.0,0.0,,707,0
61_-110,2026-09-18,3,Northwest Territories,61.5,-109.5,10.4,57.0,9.4,1.1,0.8947219919375828,0.00038029242,0.0,0.0,,697,0
61_-110,2026-09-19,4,Northwest Territories,61.5,-109.5,12.8,62.0,12.3,0.1,2.910326876424238,0.00038029242,0.0,0.0,,707,0
61_-110,2026-09-20,5,Northwest Territories,61.5,-109.5,14.8,66.0,8.6,0.6,3.4546452657449347,0.0007248675,0.0,0.0,,639,0
61_-110,2026-09-21,6,Northwest Territories,61.5,-109.5,15.9,57.0,13.1,0.0,7.236202379739546,0.0007248675,0.0,0.0,,648,0
61_-110,2026-09-22,7,Northwest Territories,61.5,-109.5,14.8,66.0,5.8,5.4,0.303347908333927,0.0007248675,0.0,0.0,,653,0
61_-111,2026-09-15,0,Northwest Territories,61.5,-110.5,7.626998652269203,64.98319712156739,15.313865649542638,0.5412386579294184,3.7974891441307284,0.0015167142,0.0,0.00196078431372549,0.7735242554917932,596,0
61_-111,2026-09-16,1,Northwest Territories,61.5,-110.5,3.7,72.0,10.5,2.9000000000000004,0.498156603425054,0.0007248675,0.0,0.00196078431372549,0.3696824301732704,654,0
61_-111,2026-09-17,2,Northwest Territories,61.5,-110.5,6.5,93.0,17.4,2.0,0.18997597973774494,0.0007248675,0.0,0.00196078431372549,0.3696824301732704,656,0
61_-111,2026-09-18,3,Northwest Territories,61.5,-110.5,10.6,61.0,11.6,0.2,0.9935890639590506,0.0015167142,0.0,0.00196078431372549,0.7735242554917932,561,0
61_-111,2026-09-19,4,Northwest Territories,61.5,-110.5,12.3,66.0,13.0,0.0,2.8007809988376557,0.0015167142,0.0,0.00196078431372549,0.7735242554917932,566,0
61_-111,2026-09-20,5,Northwest Territories,61.5,-110.5,14.8,65.0,8.5,0.6,3.3691698481816528,0.0020446682,0.0,0.00196078431372549,1.0427807760424912,525,0
61_-111,2026-09-21,6,Northwest Territories,61.5,-110.5,15.6,55.0,13.9,0.0,7.775247746573196,0.0022243848,0.00010140445,0.00196078431372549,1.1344362515956163,493,0
61_-111,2026-09-22,7,Northwest Territories,61.5,-110.5,14.8,60.0,1.8,2.7,0.5936357786917602,0.0022243848,0.00010140445,0.00196078431372549,1.1344362515956163,505,0
61_-112,2026-09-15,0,Northwest Territories,61.5,-111.5,7.481292128186133,64.97276422622281,17.652060278502073,0.5127251970579189,6.517992387038567,0.0007248675,0.0,0.0,,665,0
61_-112,2026-09-16,1,Northwest Territories,61.5,-111.5,4.6,60.0,9.6,1.9000000000000001,1.9731916526182083,0.0007248675,0.0,0.0,,655,0
61_-112,2026-09-17,2,Northwest Territories,61.5,-111.5,9.7,72.0,13.1,1.8,2.1090102415366485,0.0007248675,0.0,0.0,,657,0
61_-112,2026-09-18,3,Northwest Territories,61.5,-111.5,11.3,61.0,9.2,0.0,3.0599591395750276,0.0007248675,0.0,0.0,,630,0
61_-112,2026-09-19,4,Northwest Territories,61.5,-111.5,13.1,64.0,14.2,0.0,6.690558635480136,0.0015167142,0.0,0.0,,567,0
61_-112,2026-09-20,5,Northwest Territories,61.5,-111.5,15.2,61.0,8.2,0.0999999999999999,6.976289039644735,0.0015167142,0.0,0.0,,567,0
61_-112,2026-09-21,6,Northwest Territories,61.5,-111.5,16.4,50.0,13.4,0.0,12.223054841990962,0.0020446682,0.00010140445,0.0,,536,0
61_-112,2026-09-22,7,Northwest Territories,61.5,-111.5,16.0,64.0,0.3,2.0999999999999996,0.8904410276644749,0.0020446682,0.0,0.0,,540,0
61_-113,2026-09-15,0,Northwest Territories,61.5,-112.5,7.401755329623935,66.18311579414224,21.098555358143347,0.3841466501025835,9.597888643669696,0.0007248675,0.0,0.0,,666,0
61_-113,2026-09-16,1,Northwest Territories,61.5,-112.5,5.7,58.0,10.7,2.9,1.5309066635247481,0.0007248675,0.0,0.0,,656,0
61_-113,2026-09-17,2,Northwest Territories,61.5,-112.5,9.7,77.0,13.4,1.2000000000000002,2.6368917221625394,0.0007248675,0.0,0.0,,658,0
61_-113,2026-09-18,3,Northwest Territories,61.5,-112.5,10.6,66.0,8.7,0.0,3.164754257295041,0.0007248675,0.0,0.0,,631,0
61_-113,2026-09-19,4,Northwest Territories,61.5,-112.5,12.5,71.0,20.0,0.0,8.388016380904192,0.0015167142,0.0,0.0,,568,0
61_-113,2026-09-20,5,Northwest Territories,61.5,-112.5,15.3,62.0,7.9,0.0,6.931494439564756,0.0020446682,0.0,0.0,,526,0
61_-113,2026-09-21,6,Northwest Territories,61.5,-112.5,16.4,48.0,16.8,0.0,15.218709159763609,0.0022243848,0.00013172916,0.0,,494,0
61_-113,2026-09-22,7,Northwest Territories,61.5,-112.5,15.3,68.0,2.2,0.6000000000000001,6.322751989309358,0.0020446682,0.0,0.0,,541,0
61_-114,2026-09-15,0,Northwest Territories,61.5,-113.5,7.237798472060577,65.67137999214704,23.08952506457222,0.2770236873685795,11.651336955093974,0.00038029242,0.0,0.0,,711,0
61_-114,2026-09-16,1,Northwest Territories,61.5,-113.5,6.7,53.0,8.6,4.3,0.6575870832791816,0.0007248675,0.0,0.0,,657,0
61_-114,2026-09-17,2,Northwest Territories,61.5,-113.5,11.9,68.0,15.1,0.5,3.7223520352072166,0.0007248675,0.0,0.0,,659,0
61_-114,2026-09-18,3,Northwest Territories,61.5,-113.5,11.7,69.0,10.0,0.0,4.127507669161206,0.0007248675,0.0,0.0,,632,0
61_-114,2026-09-19,4,Northwest Territories,61.5,-113.5,12.5,69.0,20.0,0.0,9.381390095558308,0.0007248675,0.0,0.0,,642,0
61_-114,2026-09-20,5,Northwest Territories,61.5,-113.5,15.5,58.0,12.5,0.0,9.592626361407392,0.0007248675,0.0,0.0,,640,0
61_-114,2026-09-21,6,Northwest Territories,61.5,-113.5,15.2,56.0,20.5,0.0,15.519980987507859,0.0007248675,0.00010140445,0.0,,649,0
61_-114,2026-09-22,7,Northwest Territories,61.5,-113.5,14.8,70.0,7.8,0.30000000000000004,9.030615547377579,0.0007248675,0.0,0.0,,654,0
61_-116,2026-09-15,0,Northwest Territories,61.5,-115.5,7.953288424369585,61.71584535752218,14.512581155395917,0.453388306614255,8.26386228452953,0.00038029242,0.0,0.0,,712,0
61_-116,2026-09-16,1,Northwest Territories,61.5,-115.5,6.2,56.0,7.4,0.5,4.813704948755397,0.00038029242,0.0,0.0,,709,0
61_-116,2026-09-17,2,Northwest Territories,61.5,-115.5,12.3,65.0,13.2,0.5,8.332807697092692,0.00038029242,0.0,0.0,,708,0
61_-116,2026-09-18,3,Northwest Territories,61.5,-115.5,11.8,69.0,4.1,0.0,5.778373623525759,0.00038029242,0.0,0.0,,698,0
61_-116,2026-09-19,4,Northwest Territories,61.5,-115.5,12.5,77.0,17.5,0.0,10.706926674713781,0.00038029242,0.0,0.0,,708,0
61_-116,2026-09-20,5,Northwest Territories,61.5,-115.5,14.0,67.0,13.0,0.0,9.631599499395247,0.00038029242,0.0,0.0,,709,0
61_-116,2026-09-21,6,Northwest Territories,61.5,-115.5,15.0,50.0,17.2,0.0,15.328969320218954,0.0007248675,0.00010140445,0.0,,650,0
61_-116,2026-09-22,7,Northwest Territories,61.5,-115.5,15.2,51.0,5.1,0.0,10.211572654830407,0.0007248675,0.0,0.0,,655,0
61_-117,2026-09-15,0,Northwest Territories,61.5,-116.5,7.976213114069907,61.910124460793305,7.717848749500842,0.4716375469529604,6.3165685402687775,0.00038029242,0.0,0.0,,713,0
61_-117,2026-09-16,1,Northwest Territories,61.5,-116.5,7.0,50.0,9.5,0.2,6.500928281359253,0.00038029242,0.0,0.0,,710,0
61_-117,2026-09-17,2,Northwest Territories,61.5,-116.5,12.2,64.0,11.1,0.30000000000000004,8.092873751951206,0.00038029242,0.0,0.0,,709,0
61_-117,2026-09-18,3,Northwest Territories,61.5,-116.5,13.1,61.0,0.9,0.0,5.568135848177105,0.0007248675,0.0,0.0,,633,0
61_-117,2026-09-19,4,Northwest Territories,61.5,-116.5,13.1,67.0,13.4,0.0,10.050931132471963,0.0006170935,0.0,0.0,,678,0
61_-117,2026-09-20,5,Northwest Territories,61.5,-116.5,16.5,54.0,9.1,0.0,10.370136904844552,0.0007248675,0.0,0.0,,641,0
61_-117,2026-09-21,6,Northwest Territories,61.5,-116.5,16.1,42.0,13.5,0.0,16.030276895473076,0.0015167142,0.00013172916,0.0,,577,0
61_-117,2026-09-22,7,Northwest Territories,61.5,-116.5,15.3,46.0,4.2,0.0,11.449254774750484,0.0015167142,0.00010140445,0.0,,586,0
61_-118,2026-09-15,0,Northwest Territories,61.5,-117.5,7.772581100655319,60.70077087206139,4.316188695882354,0.051639076545652786,6.48546033875838,0.0020446682,0.0,0.0,,552,0
61_-118,2026-09-16,1,Northwest Territories,61.5,-117.5,6.7,53.0,11.1,0.1,9.240250566958725,0.0015167142,0.0,0.0,,589,0
61_-118,2026-09-17,2,Northwest Territories,61.5,-117.5,12.5,61.0,7.9,0.2,8.241973555347148,0.0015167142,0.0,0.0,,578,0
61_-118,2026-09-18,3,Northwest Territories,61.5,-117.5,12.5,63.0,5.6,0.0,7.619015614418543,0.0015167142,0.0,0.0,,562,0
61_-118,2026-09-19,4,Northwest Territories,61.5,-117.5,13.8,59.0,10.5,0.0,9.99540133050846,0.0020446682,0.0,0.0,,518,0
61_-118,2026-09-20,5,Northwest Territories,61.5,-117.5,16.7,52.0,9.2,0.0,11.247460386641249,0.0022243848,0.00010140445,0.0,,478,0
61_-118,2026-09-21,6,Northwest Territories,61.5,-117.5,15.8,42.0,15.7,0.0,17.815584641786838,0.0020446682,0.00013172916,0.0,,537,0
61_-118,2026-09-22,7,Northwest Territories,61.5,-117.5,14.4,52.0,4.3,0.0,11.725403652922648,0.0022243848,0.00010140445,0.0,,506,0
61_-119,2026-09-15,0,Northwest Territories,61.5,-118.5,6.263052517466917,65.09089511289922,7.087650753024331,0.2466837092396372,6.655748182922675,0.00038029242,0.0,0.0,,714,0
61_-119,2026-09-16,1,Northwest Territories,61.5,-118.5,7.3,60.0,11.3,0.30000000000000004,8.140447412464336,0.0006170935,0.0,0.0,,694,0
61_-119,2026-09-17,2,Northwest Territories,61.5,-118.5,13.1,60.0,8.7,0.0,8.247253779390842,0.0007248675,0.0,0.0,,660,0
61_-119,2026-09-18,3,Northwest Territories,61.5,-118.5,11.7,69.0,4.4,0.0,6.931280956899068,0.0007248675,0.0,0.0,,634,0
61_-119,2026-09-19,4,Northwest Territories,61.5,-118.5,13.3,64.0,6.8,0.0,7.924685498339738,0.0015167142,0.0,0.0,,569,0
61_-119,2026-09-20,5,Northwest Territories,61.5,-118.5,16.3,52.0,7.4,0.0,10.080993668664018,0.0015167142,0.0,0.0,,568,0
61_-119,2026-09-21,6,Northwest Territories,61.5,-118.5,16.0,41.0,14.1,0.0,16.90554717696571,0.0015167142,0.00013172916,0.0,,578,0
61_-119,2026-09-22,7,Northwest Territories,61.5,-118.5,13.5,52.0,5.6,0.0,12.23635062295907,0.0020446682,0.00010140445,0.0,,542,0
61_-120,2026-09-15,0,Northwest Territories,61.5,-119.5,4.132579471617768,71.58972874616505,10.832314130390595,0.5207791076988341,6.7040307298707456,0.00038029242,0.0,0.0,,715,0
61_-120,2026-09-16,1,Northwest Territories,61.5,-119.5,6.1,66.0,14.2,0.4,7.600769476705442,0.00038029242,0.0,0.0,,711,0
61_-120,2026-09-17,2,Northwest Territories,61.5,-119.5,11.7,68.0,6.3,0.1,5.8498853790281995,0.0006170935,0.0,0.0,,693,0
61_-120,2026-09-18,3,Northwest Territories,61.5,-119.5,12.5,66.0,3.9,0.0,5.725014330695339,0.0007248675,0.0,0.0,,635,0
61_-120,2026-09-19,4,Northwest Territories,61.5,-119.5,12.4,65.0,7.8,0.0,7.379515439074746,0.0007248675,0.0,0.0,,643,0
61_-120,2026-09-20,5,Northwest Territories,61.5,-119.5,16.1,51.0,7.8,0.0,9.878217114241377,0.0015167142,0.0,0.0,,569,0
61_-120,2026-09-21,6,Northwest Territories,61.5,-119.5,16.0,39.0,14.5,0.0,17.381068532222578,0.0020446682,0.00013172916,0.0,,538,0
61_-120,2026-09-22,7,Northwest Territories,61.5,-119.5,12.7,53.0,2.7,0.0,10.611228709692643,0.0020446682,0.00010140445,0.0,,543,0
61_-121,2026-09-15,0,Northwest Territories,61.5,-120.5,4.5918683333060875,72.40269783568127,14.382331194382745,0.9402157876580268,8.011258055587355,0.002782071,0.0,0.00392156862745098,0.7094281073659658,504,0
61_-121,2026-09-16,1,Northwest Territories,61.5,-120.5,7.0,68.0,13.0,0.0,6.771585613442922,0.002782071,0.0,0.00392156862745098,0.7094281073659658,478,0
61_-121,2026-09-17,2,Northwest Territories,61.5,-120.5,11.4,69.0,6.9,0.0,6.205550655243422,0.0034599912,1.9634554e-06,0.00392156862745098,0.8822977531235665,440,0
61_-121,2026-09-18,3,Northwest Territories,61.5,-120.5,11.3,74.0,1.7,1.2000000000000002,2.2663672531719885,0.002782071,0.00010140445,0.00392156862745098,0.7094281073659658,464,0
61_-121,2026-09-19,4,Northwest Territories,61.5,-120.5,13.4,60.0,3.9,0.0,4.441667855045122,0.0034599912,0.00010140445,0.00392156862745098,0.8822977531235665,423,0
61_-121,2026-09-20,5,Northwest Territories,61.5,-120.5,17.5,45.0,6.8,0.0,10.478473141275105,0.00510037,0.00019753922,0.00392156862745098,1.300594329368323,344,0
61_-121,2026-09-21,6,Northwest Territories,61.5,-120.5,17.0,34.0,17.4,0.0,23.927796056019282,0.005107495,0.00036769436,0.00392156862745098,1.3024112256243825,322,0
61_-121,2026-09-22,7,Northwest Territories,61.5,-120.5,13.0,49.0,2.2,0.0,13.01754860742511,0.005107495,0.00019753922,0.00392156862745098,1.3024112256243825,342,0
61_-122,2026-09-15,0,Northwest Territories,61.5,-121.5,5.0695165379979175,71.67809006119148,15.101583015592093,1.1512109165132112,8.663868855026571,0.0015167142,0.0,0.0,,597,0
61_-122,2026-09-16,1,Northwest Territories,61.5,-121.5,7.6,66.0,12.4,0.0,6.821668557088783,0.0007248675,0.0,0.0,,658,0
61_-122,2026-09-17,2,Northwest Territories,61.5,-121.5,10.3,74.0,1.6,0.0,4.485079100767282,0.0007248675,0.0,0.0,,661,0
61_-122,2026-09-18,3,Northwest Territories,61.5,-121.5,10.9,77.0,0.9,0.4,4.576518797015032,0.0007248675,0.0,0.0,,636,0
61_-122,2026-09-19,4,Northwest Territories,61.5,-121.5,14.4,53.0,6.4,0.0,9.13358234441163,0.0015167142,0.0,0.0,,570,0
61_-122,2026-09-20,5,Northwest Territories,61.5,-121.5,17.3,43.0,7.0,0.0,13.564762250615098,0.0020446682,0.00013172916,0.0,,527,0
61_-122,2026-09-21,6,Northwest Territories,61.5,-121.5,15.8,40.0,21.1,0.0,26.39934097720321,0.0034599912,0.00019753922,0.0,,446,0
61_-122,2026-09-22,7,Northwest Territories,61.5,-121.5,12.8,51.0,2.3,0.0,12.865194428943939,0.003292181,0.00013172916,0.0,,474,0
61_-123,2026-09-15,0,Northwest Territories,61.5,-122.5,5.183794288673284,76.37519012682554,8.443895439062661,0.7697808178633678,3.731787267893044,0.00038029242,0.0,0.0,,716,0
61_-123,2026-09-16,1,Northwest Territories,61.5,-122.5,5.2,78.0,7.2,0.0,2.2485692581657277,0.00038029242,0.0,0.0,,712,0
61_-123,2026-09-17,2,Northwest Territories,61.5,-122.5,12.7,61.0,2.4,0.0,2.7173215977365173,0.0007248675,0.0,0.0,,662,0
61_-123,2026-09-18,3,Northwest Territories,61.5,-122.5,11.1,67.0,4.5,0.7000000000000001,3.3059674872177633,0.0007248675,0.0,0.0,,637,0
61_-123,2026-09-19,4,Northwest Territories,61.5,-122.5,13.0,59.0,8.7,0.0,6.568596355054035,0.0007248675,0.0,0.0,,644,0
61_-123,2026-09-20,5,Northwest Territories,61.5,-122.5,15.1,49.0,12.6,0.0,11.598825701050155,0.0007248675,0.0,0.0,,642,0
61_-123,2026-09-21,6,Northwest Territories,61.5,-122.5,14.2,43.0,20.6,0.0,19.446255610942988,0.0015167142,0.00010140445,0.0,,579,0
61_-123,2026-09-22,7,Northwest Territories,61.5,-122.5,14.0,41.0,2.9,0.0,10.65085423878373,0.0020446682,0.00010140445,0.0,,544,0
61_-124,2026-09-15,0,Northwest Territories,61.5,-123.5,6.436513105771029,70.25076487215624,5.173638091547734,0.21878981869748973,1.1999119999241503,0.0007248675,0.00010140445,0.00196078431372549,0.3696824301732704,667,0
61_-124,2026-09-16,1,Northwest Territories,61.5,-123.5,7.4,78.0,6.6,0.0,1.1103168204836174,0.0007248675,0.00010140445,0.00196078431372549,0.3696824301732704,659,0
61_-124,2026-09-17,2,Northwest Territories,61.5,-123.5,12.7,67.0,5.5,0.0,2.1196250630946745,0.0015167142,0.00010140445,0.00196078431372549,0.7735242554917932,579,0
61_-124,2026-09-18,3,Northwest Territories,61.5,-123.5,10.0,86.0,5.2,1.0,0.9979357732923676,0.0007248675,0.00010140445,0.00196078431372549,0.3696824301732704,638,0
61_-124,2026-09-19,4,Northwest Territories,61.5,-123.5,12.6,60.0,16.2,0.0,5.527922478659788,0.0007248675,0.0,0.00196078431372549,0.3696824301732704,645,0
61_-124,2026-09-20,5,Northwest Territories,61.5,-123.5,14.6,55.0,8.8,0.0,6.297381580900085,0.0015167142,0.0,0.00196078431372549,0.7735242554917932,570,0
61_-124,2026-09-21,6,Northwest Territories,61.5,-123.5,11.9,51.0,12.1,0.0,9.128095738178345,0.0015167142,0.00010140445,0.00196078431372549,0.7735242554917932,580,0
61_-124,2026-09-22,7,Northwest Territories,61.5,-123.5,11.2,53.0,5.1,0.0,7.05200748656912,0.0015167142,0.0,0.00196078431372549,0.7735242554917932,587,0
61_-125,2026-09-15,0,Northwest Territories,61.5,-124.5,7.302222756709601,65.03733204985818,8.636944462810556,0.3436666482763144,0.8795339281344897,0.00038029242,0.0,0.0,,717,0
61_-125,2026-09-16,1,Northwest Territories,61.5,-124.5,2.6,82.0,10.1,0.9,0.9441551691808231,0.00038029242,0.0,0.0,,713,0
61_-125,2026-09-17,2,Northwest Territories,61.5,-124.5,5.8,80.0,7.3,0.1,0.9986678391177419,0.00038029242,0.0,0.0,,710,0
61_-125,2026-09-18,3,Northwest Territories,61.5,-124.5,4.9,74.0,8.0,0.2,1.8082973793562493,0.00038029242,0.0,0.0,,699,0
61_-125,2026-09-19,4,Northwest Territories,61.5,-124.5,5.2,84.0,18.7,0.0,4.217432881539677,0.0,0.0,0.0,,746,0
61_-125,2026-09-20,5,Northwest Territories,61.5,-124.5,6.1,77.0,16.6,0.0,4.50674400928194,0.0,0.0,0.0,,752,0
61_-125,2026-09-21,6,Northwest Territories,61.5,-124.5,3.3,72.0,14.1,0.30000000000000004,4.538567393782839,0.0,0.0,0.0,,752,0
61_-125,2026-09-22,7,Northwest Territories,61.5,-124.5,4.9,56.0,5.9,0.0,3.8531369220805405,0.00038029242,0.0,0.0,,713,0
61_-129,2026-09-15,0,Nova Scotia,61.5,-128.5,8.72553692161899,58.222966625349784,2.4814748786781484,0.0,5.748536359614124,0.003292181,0.0,0.00392156862745098,0.8395061711780727,488,0
61_-129,2026-09-16,1,Nova Scotia,61.5,-128.5,5.4,87.0,5.4,0.1,4.413562012637629,0.0022243848,0.0,0.00392156862745098,0.5672181257978082,495,0
61_-129,2026-09-17,2,Nova Scotia,61.5,-128.5,4.9,92.0,5.5,4.1,0.0529317543464575,0.0022243848,0.0,0.00392156862745098,0.5672181257978082,495,0
61_-129,2026-09-18,3,Nova Scotia,61.5,-128.5,3.3,88.0,3.5,1.5,0.03637617706943653,0.0020446682,0.0,0.00392156862745098,0.5213903880212456,523,0
61_-129,2026-09-19,4,Nova Scotia,61.5,-128.5,5.3,95.0,6.5,5.8,5.874945493080381e-05,0.0020446682,0.0,0.00392156862745098,0.5213903880212456,519,0
61_-129,2026-09-20,5,Nova Scotia,61.5,-128.5,4.7,97.0,9.1,4.4,2.172689288359244e-06,0.0020446682,0.0,0.00392156862745098,0.5213903880212456,528,0
61_-129,2026-09-21,6,Nova Scotia,61.5,-128.5,3.7,76.0,6.4,4.199999999999999,0.00015821769793839728,0.0015167142,0.0,0.00392156862745098,0.3867621277458966,581,0
61_-129,2026-09-22,7,Nova Scotia,61.5,-128.5,4.2,69.0,3.2,0.0,0.012895578368138275,0.0020446682,0.0,0.00392156862745098,0.5213903880212456,545,0
61_-130,2026-09-15,0,Nova Scotia,61.5,-129.5,9.632806999033061,54.02884542300141,3.368639583417437,0.0,6.303757514655476,0.006459243,0.00016979082,0.00980392156862745,0.6588427992537618,297,0
61_-130,2026-09-16,1,Nova Scotia,61.5,-129.5,9.0,71.0,13.5,0.0,8.856283874658486,0.005107495,0.00019753922,0.00980392156862745,0.520964490249753,309,0
61_-130,2026-09-17,2,Nova Scotia,61.5,-129.5,8.0,81.0,5.1,3.8,0.22323178191415816,0.003771806,0.00013172916,0.00980392156862745,0.38472420210018754,355,0
61_-130,2026-09-18,3,Nova Scotia,61.5,-129.5,7.6,74.0,5.8,4.4,0.032279922532105584,0.0034599912,0.00013172916,0.00980392156862745,0.3529191012494266,426,0
61_-130,2026-09-19,4,Nova Scotia,61.5,-129.5,9.6,76.0,14.1,1.9000000000000001,0.25237698487833354,0.0034599912,0.00013172916,0.00980392156862745,0.3529191012494266,424,0
61_-130,2026-09-20,5,Nova Scotia,61.5,-129.5,8.1,92.0,16.2,3.2,0.022026349695165263,0.0034599912,0.0,0.00980392156862745,0.3529191012494266,431,0
61_-130,2026-09-21,6,Nova Scotia,61.5,-129.5,7.6,63.0,9.6,1.5,0.21832948293919252,0.0034599912,0.0,0.00980392156862745,0.3529191012494266,447,0
61_-130,2026-09-22,7,Nova Scotia,61.5,-129.5,6.5,66.0,4.0,0.5,0.44370387403491357,0.003292181,0.0,0.00980392156862745,0.3358024684712291,475,0
61_-131,2026-09-15,0,Nova Scotia,61.5,-130.5,8.263205833799429,56.05701072962028,3.3817291453260645,0.008359449748445427,6.622842614104302,0.0020446682,0.0,0.00196078431372549,1.0427807760424912,553,0
61_-131,2026-09-16,1,Nova Scotia,61.5,-130.5,7.9,75.0,20.0,0.0,11.204416491328592,0.0015167142,0.0,0.00196078431372549,0.7735242554917932,590,0
61_-131,2026-09-17,2,Nova Scotia,61.5,-130.5,7.9,64.0,10.6,2.4000000000000004,1.817906194911421,0.0015167142,0.0,0.00196078431372549,0.7735242554917932,580,0
61_-131,2026-09-18,3,Nova Scotia,61.5,-130.5,7.6,58.0,8.9,1.1,2.080374621258854,0.0012195122,0.0,0.00196078431372549,0.6219512200914323,577,0
61_-131,2026-09-19,4,Nova Scotia,61.5,-130.5,8.2,69.0,17.2,1.2000000000000002,3.7700968100152488,0.0012195122,0.0,0.00196078431372549,0.6219512200914323,589,0
61_-131,2026-09-20,5,Nova Scotia,61.5,-130.5,6.9,78.0,19.8,6.3,0.19093047378568115,0.0007248675,0.0,0.00196078431372549,0.3696824301732704,643,0
61_-131,2026-09-21,6,Nova Scotia,61.5,-130.5,5.6,58.0,17.1,0.0,1.8044254633137475,0.0007248675,0.0,0.00196078431372549,0.3696824301732704,651,0
61_-131,2026-09-22,7,Nova Scotia,61.5,-130.5,6.0,57.0,6.1,0.1,1.161005087632622,0.0012195122,0.0,0.00196078431372549,0.6219512200914323,611,0
61_-132,2026-09-15,0,Nova Scotia,61.5,-131.5,7.899956612624885,54.87429495515439,3.087429495515439,0.01875162702656678,6.424880684718436,0.0015167142,0.0,0.0,,598,0
61_-132,2026-09-16,1,Nova Scotia,61.5,-131.5,7.1,90.0,21.7,0.2,8.277328020230069,0.0007248675,0.0,0.0,,660,0
61_-132,2026-09-17,2,Nova Scotia,61.5,-131.5,6.7,75.0,7.1,0.9000000000000001,2.59278497520812,0.0006170935,0.0,0.0,,694,0
61_-132,2026-09-18,3,Nova Scotia,61.5,-131.5,7.5,64.0,15.1,0.4,6.0483929152209095,0.00038029242,0.0,0.0,,700,0
61_-132,2026-09-19,4,Nova Scotia,61.5,-131.5,6.8,85.0,17.7,4.0,0.3777745677799881,0.00038029242,0.0,0.0,,709,0
61_-132,2026-09-20,5,Nova Scotia,61.5,-131.5,6.2,89.0,22.7,6.0,0.010461177723628572,0.00038029242,0.0,0.0,,710,0
61_-132,2026-09-21,6,Nova Scotia,61.5,-131.5,5.2,64.0,24.5,0.2,0.8540825704472352,0.00038029242,0.0,0.0,,720,0
61_-132,2026-09-22,7,Nova Scotia,61.5,-131.5,5.1,68.0,11.1,0.0,0.8569321135008118,0.00038029242,0.0,0.0,,714,0
61_-133,2026-09-15,0,Nova Scotia,61.5,-132.5,8.599442018253196,53.51831333137737,3.461425489930164,0.0769073588442047,6.227447802496012,0.0034599912,0.0,0.00196078431372549,1.764595506247133,462,0
61_-133,2026-09-16,1,Nova Scotia,61.5,-132.5,3.8,100.0,18.1,0.8,4.361848057163257,0.003292181,0.0,0.00196078431372549,1.6790123423561454,464,0
61_-133,2026-09-17,2,Nova Scotia,61.5,-132.5,3.4,82.0,9.3,3.4000000000000004,0.21087281769055197,0.0020446682,0.0,0.00196078431372549,1.0427807760424912,534,0
61_-133,2026-09-18,3,Nova Scotia,61.5,-132.5,3.0,79.0,11.6,0.0,0.7360688396018803,0.0020446682,0.0,0.00196078431372549,1.0427807760424912,524,0
61_-133,2026-09-19,4,Nova Scotia,61.5,-132.5,3.3,98.0,16.5,4.9,0.0012868181252911255,0.0020446682,0.0,0.00196078431372549,1.0427807760424912,520,0
61_-133,2026-09-20,5,Nova Scotia,61.5,-132.5,4.0,88.0,17.2,6.9,0.00022255387637916922,0.0015167142,0.0,0.00196078431372549,0.7735242554917932,571,0
61_-133,2026-09-21,6,Nova Scotia,61.5,-132.5,1.7,80.0,19.5,0.8,0.029419957292433335,0.0015167142,0.0,0.00196078431372549,0.7735242554917932,582,0
61_-133,2026-09-22,7,Nova Scotia,61.5,-132.5,1.8,77.0,7.2,0.2,0.12460452280890945,0.0015167142,0.0,0.00196078431372549,0.7735242554917932,588,0
61_-134,2026-09-15,0,Nova Scotia,61.5,-133.5,8.792721762152572,53.00080592614264,3.5562492613045484,0.0939137558841513,6.14973542549171,0.0007248675,0.0,0.0,,668,0
61_-134,2026-09-16,1,Nova Scotia,61.5,-133.5,6.4,99.0,6.8,0.6,2.5913155794277225,0.0007248675,0.0,0.0,,661,0
61_-134,2026-09-17,2,Nova Scotia,61.5,-133.5,5.0,88.0,1.3,4.7,0.015501529164627392,0.00038029242,0.0,0.0,,711,0
61_-134,2026-09-18,3,Nova Scotia,61.5,-133.5,6.6,76.0,13.2,0.0,0.46433021457246243,0.00038029242,0.0,0.0,,701,0
61_-134,2026-09-19,4,Nova Scotia,61.5,-133.5,7.1,93.0,11.9,3.8,0.009535212348631918,0.00038029242,0.0,0.0,,710,0
61_-134,2026-09-20,5,Nova Scotia,61.5,-133.5,7.3,85.0,14.6,4.1,0.005962044656426073,0.00038029242,0.0,0.0,,711,0
61_-134,2026-09-21,6,Nova Scotia,61.5,-133.5,5.4,78.0,14.0,1.0,0.11530260499908257,0.00038029242,0.0,0.0,,721,0
61_-134,2026-09-22,7,Nova Scotia,61.5,-133.5,5.2,74.0,6.2,0.1999999999999999,0.3134481554698555,0.00038029242,0.0,0.0,,715,0
61_-135,2026-09-15,0,Nova Scotia,61.5,-134.5,8.740966494321372,56.44472605320893,4.5484906217973675,0.1202886758406982,5.922047661592072,0.0020446682,0.0,0.00196078431372549,1.0427807760424912,554,0
61_-135,2026-09-16,1,Nova Scotia,61.5,-134.5,11.0,67.0,16.6,0.0,10.426307187481585,0.0020446682,0.0,0.00196078431372549,1.0427807760424912,539,0
61_-135,2026-09-17,2,Nova Scotia,61.5,-134.5,5.5,93.0,6.2,2.4,0.4310660295733262,0.0015167142,0.0,0.00196078431372549,0.7735242554917932,581,0
61_-135,2026-09-18,3,Nova Scotia,61.5,-134.5,9.5,55.0,10.8,0.0,2.2341804254148263,0.0015167142,0.0,0.00196078431372549,0.7735242554917932,563,0
61_-135,2026-09-19,4,Nova Scotia,61.5,-134.5,10.6,57.0,19.4,2.1,3.3891473921063673,0.0015167142,0.0,0.00196078431372549,0.7735242554917932,571,0
61_-135,2026-09-20,5,Nova Scotia,61.5,-134.5,10.1,59.0,22.0,0.4,6.832519840145027,0.0015167142,0.0,0.00196078431372549,0.7735242554917932,572,0
61_-135,2026-09-21,6,Nova Scotia,61.5,-134.5,8.1,58.0,17.7,0.0,7.869781534844229,0.0015167142,0.0,0.00196078431372549,0.7735242554917932,583,0
61_-135,2026-09-22,7,Nova Scotia,61.5,-134.5,7.3,60.0,9.3,0.0,5.984986447610471,0.0015167142,0.0,0.00196078431372549,0.7735242554917932,589,0
61_-136,2026-09-15,0,Nova Scotia,61.5,-135.5,8.310031613284934,60.21943049021807,5.204803069017767,0.1107663670779498,5.841676653984412,0.003771806,0.0,0.0058823529411764705,0.6412070035003126,386,0
61_-136,2026-09-16,1,Nova Scotia,61.5,-135.5,12.0,69.0,14.0,0.6000000000000001,7.425216040037788,0.00510037,0.0,0.0058823529411764705,0.8670628862455487,353,0
61_-136,2026-09-17,2,Nova Scotia,61.5,-135.5,8.2,72.0,8.5,2.1,1.3098332121458742,0.0034599912,0.0,0.0058823529411764705,0.5881985020823777,441,0
61_-136,2026-09-18,3,Nova Scotia,61.5,-135.5,8.3,68.0,15.4,0.10000000000000012,3.79597673489699,0.0034599912,0.0,0.0058823529411764705,0.5881985020823777,427,0
61_-136,2026-09-19,4,Nova Scotia,61.5,-135.5,10.9,59.0,18.5,1.0000000000000002,5.500344083904927,0.0034599912,0.0,0.0058823529411764705,0.5881985020823777,425,0
61_-136,2026-09-20,5,Nova Scotia,61.5,-135.5,10.5,59.0,24.2,0.5000000000000001,11.14790895347367,0.0034599912,0.0,0.0058823529411764705,0.5881985020823777,432,0
61_-136,2026-09-21,6,Nova Scotia,61.5,-135.5,8.6,58.0,18.4,0.0,10.309314579251996,0.0034599912,0.0,0.0058823529411764705,0.5881985020823777,448,0
61_-136,2026-09-22,7,Nova Scotia,61.5,-135.5,7.5,61.0,7.5,0.0,6.519866230198909,0.0034599912,0.0,0.0058823529411764705,0.5881985020823777,449,0
61_-137,2026-09-15,0,Nova Scotia,61.5,-136.5,8.1048183918471,63.3391120685611,5.37266317135177,0.07371651992015812,5.3497108109193325,0.0015167142,0.0,0.00196078431372549,0.7735242554917932,599,0
61_-137,2026-09-16,1,Nova Scotia,61.5,-136.5,10.4,61.0,14.9,0.2,8.858687466457244,0.0015167142,0.0,0.00196078431372549,0.7735242554917932,591,0
61_-137,2026-09-17,2,Nova Scotia,61.5,-136.5,6.6,76.0,5.0,3.3,0.3511690742694141,0.0007248675,0.0,0.00196078431372549,0.3696824301732704,663,0
61_-137,2026-09-18,3,Nova Scotia,61.5,-136.5,6.1,71.0,12.5,0.30000000000000004,1.6590596178733101,0.0007248675,0.0,0.00196078431372549,0.3696824301732704,639,0
61_-137,2026-09-19,4,Nova Scotia,61.5,-136.5,7.6,59.0,21.7,0.5,5.439299257746789,0.0007248675,0.0,0.00196078431372549,0.3696824301732704,646,0
61_-137,2026-09-20,5,Nova Scotia,61.5,-136.5,6.9,70.0,25.5,1.8,4.42457117888388,0.0007248675,0.0,0.00196078431372549,0.3696824301732704,644,0
61_-137,2026-09-21,6,Nova Scotia,61.5,-136.5,6.1,62.0,26.9,0.0,7.1645281852334985,0.0015167142,0.0,0.00196078431372549,0.7735242554917932,584,0
61_-137,2026-09-22,7,Nova Scotia,61.5,-136.5,4.5,69.0,7.2,0.0,3.058927528267287,0.0007248675,0.0,0.00196078431372549,0.3696824301732704,656,0
61_-138,2026-09-15,0,Nova Scotia,61.5,-137.5,9.463248033172475,61.869785366858906,8.761929162618493,0.008218995966264221,4.205613227860341,0.0007248675,0.0,0.0,,669,0
61_-138,2026-09-16,1,Nova Scotia,61.5,-137.5,8.9,64.0,12.2,0.2,5.797932042441838,0.0007248675,0.0,0.0,,662,0
61_-138,2026-09-17,2,Nova Scotia,61.5,-137.5,4.5,76.0,4.7,0.4,3.7437158713365775,0.00038029242,0.0,0.0,,712,0
61_-138,2026-09-18,3,Nova Scotia,61.5,-137.5,3.1,83.0,15.4,0.0,5.570816921616231,0.00038029242,0.0,0.0,,702,0
61_-138,2026-09-19,4,Nova Scotia,61.5,-137.5,4.8,72.0,22.0,1.4000000000000001,4.24016879855663,0.00038029242,0.0,0.0,,711,0
61_-138,2026-09-20,5,Nova Scotia,61.5,-137.5,4.9,72.0,26.7,2.1,3.627335533389041,0.00038029242,0.0,0.0,,712,0
61_-138,2026-09-21,6,Nova Scotia,61.5,-137.5,3.7,72.0,23.3,0.0,4.2546623979348945,0.00038029242,0.0,0.0,,722,0
61_-138,2026-09-22,7,Nova Scotia,61.5,-137.5,1.5,77.0,8.0,0.0,1.8244637056932203,0.00038029242,0.0,0.0,,716,0
61_-139,2026-09-15,0,Nova Scotia,61.5,-138.5,10.451759938165173,60.17895479046803,11.626260556566384,0.0015196406485671052,3.900334307897159,0.0015167142,0.0,0.0,,600,0
61_-139,2026-09-16,1,Nova Scotia,61.5,-138.5,8.4,61.0,4.7,0.1,3.3291551695144856,0.0015167142,0.0,0.0,,592,0
61_-139,2026-09-17,2,Nova Scotia,61.5,-138.5,4.0,67.0,2.6,0.30000000000000004,2.9963548081198814,0.0007248675,0.0,0.0,,664,0
61_-139,2026-09-18,3,Nova Scotia,61.5,-138.5,2.7,77.0,5.6,0.0,3.3856585070118004,0.0007248675,0.0,0.0,,640,0
61_-139,2026-09-19,4,Nova Scotia,61.5,-138.5,4.5,63.0,7.7,0.5,4.160491453942175,0.0006170935,0.0,0.0,,679,0
61_-139,2026-09-20,5,Nova Scotia,61.5,-138.5,3.3,76.0,13.7,1.2,2.4187015934073477,0.00038029242,0.0,0.0,,713,0
61_-139,2026-09-21,6,Nova Scotia,61.5,-138.5,2.4,74.0,6.3,0.0,1.6856539781436395,0.00038029242,0.0,0.0,,723,0
61_-139,2026-09-22,7,Nova Scotia,61.5,-138.5,0.2,82.0,3.1,0.0,1.3085398597038513,0.00038029242,0.0,0.0,,717,0
61_-140,2026-09-15,0,Nova Scotia,61.5,-139.5,10.527110221911533,60.09312346776962,11.927809123193605,0.0007117896382783138,3.8733829720025352,0.0034599912,0.0,0.00392156862745098,0.8822977531235665,463,0
61_-140,2026-09-16,1,Nova Scotia,61.5,-139.5,8.1,59.0,2.4,0.9,1.2330796510254265,0.003292181,0.0,0.00392156862745098,0.8395061711780727,465,0
61_-140,2026-09-17,2,Nova Scotia,61.5,-139.5,4.8,47.0,2.5,1.0,0.9488217096709401,0.0022243848,0.0,0.00392156862745098,0.5672181257978082,496,0
61_-140,2026-09-18,3,Nova Scotia,61.5,-139.5,2.3,71.0,6.3,0.0,2.061206972451557,0.0020446682,0.0,0.00392156862745098,0.5213903880212456,525,0
61_-140,2026-09-19,4,Nova Scotia,61.5,-139.5,3.9,68.0,5.1,0.5,2.412020935389716,0.0015167142,0.0,0.00392156862745098,0.3867621277458966,572,0
61_-140,2026-09-20,5,Nova Scotia,61.5,-139.5,3.8,65.0,11.1,1.2000000000000002,2.0540067315431636,0.0020446682,0.0,0.00392156862745098,0.5213903880212456,529,0
61_-140,2026-09-21,6,Nova Scotia,61.5,-139.5,3.3,56.0,5.5,0.0,2.146117092959763,0.0020446682,0.0,0.00392156862745098,0.5213903880212456,539,0
61_-140,2026-09-22,7,Nova Scotia,61.5,-139.5,0.2,51.0,4.0,0.6000000000000001,2.315467429930544,0.0020446682,0.0,0.00392156862745098,0.5213903880212456,546,0
61_-141,2026-09-15,0,Nova Scotia,61.5,-140.5,10.236828704787088,61.8334791174277,10.900831329399924,0.0033722133056033362,4.500264179144475,0.0015167142,0.0,0.00196078431372549,0.7735242554917932,601,0
61_-141,2026-09-16,1,Nova Scotia,61.5,-140.5,7.6,68.0,5.9,5.3,0.18709281717771178,0.0020446682,0.0,0.00196078431372549,1.0427807760424912,540,0
61_-141,2026-09-17,2,Nova Scotia,61.5,-140.5,4.4,54.0,3.3,0.0,0.6362438613318668,0.0015167142,0.0,0.00196078431372549,0.7735242554917932,582,0
61_-141,2026-09-18,3,Nova Scotia,61.5,-140.5,3.2,55.0,3.2,0.0,0.8963009236442097,0.0015167142,0.0,0.00196078431372549,0.7735242554917932,564,0
61_-141,2026-09-19,4,Nova Scotia,61.5,-140.5,5.1,57.0,3.2,0.0,1.6891035593606383,0.0020446682,0.0,0.00196078431372549,1.0427807760424912,521,0
61_-141,2026-09-20,5,Nova Scotia,61.5,-140.5,3.1,69.0,0.4,2.0999999999999996,0.3906904849586483,0.0007248675,0.0,0.00196078431372549,0.3696824301732704,645,0
61_-141,2026-09-21,6,Nova Scotia,61.5,-140.5,4.0,43.0,4.6,0.0,0.9125789565268928,0.0020446682,0.0,0.00196078431372549,1.0427807760424912,540,0
61_-141,2026-09-22,7,Nova Scotia,61.5,-140.5,1.3,54.0,1.0,1.1999999999999997,0.681118994792164,0.0015167142,0.0,0.00196078431372549,0.7735242554917932,590,0
62_-108,2026-09-15,0,Northwest Territories,62.5,-107.5,7.613770717459692,66.66910654602931,15.073379897799516,0.6572256516247088,2.0036366628655755,0.00038029242,0.0,0.0,,718,0
62_-108,2026-09-16,1,Northwest Territories,62.5,-107.5,2.5,70.0,8.9,2.0,0.5228909696498785,0.0,0.0,0.0,,757,0
62_-108,2026-09-17,2,Northwest Territories,62.5,-107.5,4.6,86.0,15.2,0.4,0.9378099496686727,0.0,0.0,0.0,,758,0
62_-108,2026-09-18,3,Northwest Territories,62.5,-107.5,7.4,71.0,14.0,2.2,0.5835267337433139,0.0,0.0,0.0,,739,0
62_-108,2026-09-19,4,Northwest Territories,62.5,-107.5,8.1,87.0,12.3,0.4,0.7262878278370218,0.0,0.0,0.0,,747,0
62_-108,2026-09-20,5,Northwest Territories,62.5,-107.5,13.6,72.0,10.5,0.0,0.9833062818083516,0.00038029242,0.0,0.0,,714,0
62_-108,2026-09-21,6,Northwest Territories,62.5,-107.5,14.8,62.0,17.5,0.0,4.750451417289028,0.00038029242,0.0,0.0,,724,0
62_-108,2026-09-22,7,Northwest Territories,62.5,-107.5,12.8,75.0,4.1,2.4000000000000004,0.40497242153519564,0.00038029242,0.0,0.0,,718,0
62_-109,2026-09-15,0,Northwest Territories,62.5,-108.5,7.747710334884498,67.63415858760388,15.104638931929095,0.6945233833632096,1.5647768154710582,0.00038029242,0.0,0.0,,719,0
62_-109,2026-09-16,1,Northwest Territories,62.5,-108.5,3.7,62.0,5.8,2.0999999999999996,0.3944095907412849,0.00038029242,0.0,0.0,,714,0
62_-109,2026-09-17,2,Northwest Territories,62.5,-108.5,4.1,97.0,13.7,1.0,0.3922799602416654,0.00038029242,0.0,0.0,,713,0
62_-109,2026-09-18,3,Northwest Territories,62.5,-108.5,9.3,62.0,12.2,1.9,0.5161419449530003,0.00038029242,0.0,0.0,,703,0
62_-109,2026-09-19,4,Northwest Territories,62.5,-108.5,9.4,83.0,8.0,1.1,0.44387096943772614,0.00038029242,0.0,0.0,,712,0
62_-109,2026-09-20,5,Northwest Territories,62.5,-108.5,14.5,69.0,7.7,0.1,0.7389932898253455,0.00038029242,0.0,0.0,,715,0
62_-109,2026-09-21,6,Northwest Territories,62.5,-108.5,16.0,57.0,16.3,0.0,4.545798337495471,0.0007248675,0.0,0.0,,652,0
62_-109,2026-09-22,7,Northwest Territories,62.5,-108.5,11.8,89.0,0.8,2.1,0.24551825734152513,0.00038029242,0.0,0.0,,719,0
62_-110,2026-09-15,0,Yukon,62.5,-109.5,7.730022628685807,67.32027728066787,15.279804043819928,0.6115727778106758,1.9190796319452526,0.00038029242,0.0,0.0,,720,0
62_-110,2026-09-16,1,Yukon,62.5,-109.5,3.8,63.0,6.9,3.9999999999999996,0.14620085344835584,0.00038029242,0.0,0.0,,715,0
62_-110,2026-09-17,2,Yukon,62.5,-109.5,4.5,97.0,16.5,1.2999999999999998,0.09998513745828924,0.0,0.0,0.0,,759,0
62_-110,2026-09-18,3,Yukon,62.5,-109.5,7.9,83.0,11.9,0.7000000000000001,0.31767270147028664,0.0,0.0,0.0,,740,0
62_-110,2026-09-19,4,Yukon,62.5,-109.5,9.5,79.0,10.8,0.5,0.6229412875615492,0.00038029242,0.0,0.0,,713,0
62_-110,2026-09-20,5,Yukon,62.5,-109.5,14.8,66.0,6.9,0.0,0.8262669249026584,0.00038029242,0.0,0.0,,716,0
62_-110,2026-09-21,6,Yukon,62.5,-109.5,15.6,56.0,15.7,0.0,4.981251583350715,0.0007248675,0.0,0.0,,653,0
62_-110,2026-09-22,7,Yukon,62.5,-109.5,10.9,89.0,4.1,1.2000000000000002,0.6385820376761165,0.00038029242,0.0,0.0,,720,0
62_-111,2026-09-15,0,Northwest Territories,62.5,-110.5,7.300147166769583,63.19633742080369,16.264930896389362,0.02702408934983789,5.086050588344901,0.0015167142,0.0,0.00196078431372549,0.7735242554917932,602,0
62_-111,2026-09-16,1,Northwest Territories,62.5,-110.5,3.4,74.0,10.9,4.9,0.16582196606762098,0.0007248675,0.0,0.00196078431372549,0.3696824301732704,663,0
62_-111,2026-09-17,2,Northwest Territories,62.5,-110.5,7.0,88.0,21.2,2.0,0.23294747106845926,0.0007248675,0.0,0.00196078431372549,0.3696824301732704,665,0
62_-111,2026-09-18,3,Northwest Territories,62.5,-110.5,9.2,83.0,21.1,1.6,0.563186384247472,0.0007248675,0.0,0.00196078431372549,0.3696824301732704,641,0
62_-111,2026-09-19,4,Northwest Territories,62.5,-110.5,11.2,77.0,16.1,0.8000000000000003,1.4003461916284088,0.0015167142,0.0,0.00196078431372549,0.7735242554917932,573,0
62_-111,2026-09-20,5,Northwest Territories,62.5,-110.5,13.6,81.0,7.4,0.30000000000000016,0.9271783709677689,0.0015167142,0.0,0.00196078431372549,0.7735242554917932,573,0
62_-111,2026-09-21,6,Northwest Territories,62.5,-110.5,14.9,65.0,22.2,0.0,6.444828581077197,0.0020446682,0.0,0.00196078431372549,1.0427807760424912,541,0
62_-111,2026-09-22,7,Northwest Territories,62.5,-110.5,11.5,90.0,6.7,0.6000000000000002,2.099011514749927,0.0015167142,0.0,0.00196078431372549,0.7735242554917932,591,0
62_-112,2026-09-15,0,Northwest Territories,62.5,-111.5,7.342600312077204,63.47559446350145,16.099345158308413,0.09979940333634375,4.729906744323077,0.00038029242,0.0,0.0,,721,0
62_-112,2026-09-16,1,Northwest Territories,62.5,-111.5,5.2,56.0,6.9,0.4,4.070323702624757,0.00038029242,0.0,0.0,,716,0
62_-112,2026-09-17,2,Northwest Territories,62.5,-111.5,7.7,92.0,17.7,4.0,0.17376615459389588,0.00038029242,0.0,0.0,,714,0
62_-112,2026-09-18,3,Northwest Territories,62.5,-111.5,10.6,72.0,17.9,0.1,1.996136028283392,0.00038029242,0.0,0.0,,704,0
62_-112,2026-09-19,4,Northwest Territories,62.5,-111.5,8.6,91.0,11.5,0.4,1.432627639537331,0.00038029242,0.0,0.0,,714,0
62_-112,2026-09-20,5,Northwest Territories,62.5,-111.5,13.9,77.0,9.8,1.7000000000000002,0.8846894482884096,0.00038029242,0.0,0.0,,717,0
62_-112,2026-09-21,6,Northwest Territories,62.5,-111.5,15.3,59.0,19.0,0.0,5.222480826878396,0.0007248675,0.0,0.0,,654,0
62_-112,2026-09-22,7,Northwest Territories,62.5,-111.5,12.9,82.0,5.2,0.0,2.581278434266615,0.00038029242,0.0,0.0,,721,0
62_-113,2026-09-15,0,Northwest Territories,62.5,-112.5,7.093803511028256,64.11744044945765,19.26918243183601,0.1127073567724399,8.368729413156885,0.0007248675,0.0,0.00196078431372549,0.3696824301732704,670,0
62_-113,2026-09-16,1,Northwest Territories,62.5,-112.5,4.3,57.0,7.3,0.7000000000000001,4.481109030104443,0.0007248675,0.0,0.00196078431372549,0.3696824301732704,664,0
62_-113,2026-09-17,2,Northwest Territories,62.5,-112.5,8.8,76.0,15.3,3.4,0.9494535714303172,0.0007248675,0.0,0.00196078431372549,0.3696824301732704,666,0
62_-113,2026-09-18,3,Northwest Territories,62.5,-112.5,9.1,84.0,14.2,0.5,2.487695042611267,0.0007248675,0.0,0.00196078431372549,0.3696824301732704,642,0
62_-113,2026-09-19,4,Northwest Territories,62.5,-112.5,10.9,77.0,14.8,0.4,3.7281936302680614,0.0007248675,0.0,0.00196078431372549,0.3696824301732704,647,0
62_-113,2026-09-20,5,Northwest Territories,62.5,-112.5,14.2,70.0,9.5,0.4,4.269177916777865,0.0015167142,0.0,0.00196078431372549,0.7735242554917932,574,0
62_-113,2026-09-21,6,Northwest Territories,62.5,-112.5,14.7,57.0,17.9,0.0,10.620112784215863,0.0015167142,0.000112360176,0.00196078431372549,0.7735242554917932,585,0
62_-113,2026-09-22,7,Northwest Territories,62.5,-112.5,14.2,70.0,7.6,0.0,6.937306954024131,0.0015167142,0.0,0.00196078431372549,0.7735242554917932,592,0
62_-114,2026-09-15,0,Northwest Territories,62.5,-113.5,6.705339829891934,64.02103120900468,18.24778068886359,0.31380265615337366,8.631773781475317,0.0007248675,0.0,0.0,,671,0
62_-114,2026-09-16,1,Northwest Territories,62.5,-113.5,4.7,57.0,4.4,0.8,3.519254526376555,0.0007248675,0.0,0.0,,665,0
62_-114,2026-09-17,2,Northwest Territories,62.5,-113.5,9.8,79.0,13.5,1.9000000000000001,2.854136177177974,0.0007248675,0.0,0.0,,667,0
62_-114,2026-09-18,3,Northwest Territories,62.5,-113.5,9.7,80.0,10.2,0.7,2.8281265259371997,0.00038029242,0.0,0.0,,705,0
62_-114,2026-09-19,4,Northwest Territories,62.5,-113.5,11.4,77.0,16.3,0.0,5.405094409524744,0.0007248675,0.0,0.0,,648,0
62_-114,2026-09-20,5,Northwest Territories,62.5,-113.5,13.9,71.0,8.8,0.0,5.192959631686856,0.0015167142,0.0,0.0,,575,0
62_-114,2026-09-21,6,Northwest Territories,62.5,-113.5,14.5,53.0,17.1,0.0,12.463167570907855,0.0020446682,0.0,0.0,,542,0
62_-114,2026-09-22,7,Northwest Territories,62.5,-113.5,14.7,68.0,4.5,0.0,7.460097571596363,0.0020446682,0.0,0.0,,547,0
62_-115,2026-09-15,0,Northwest Territories,62.5,-114.5,6.447464906585816,62.600865788752195,16.216610846349962,0.21543991651933075,7.532528099077738,0.0020446682,0.0,0.00196078431372549,1.0427807760424912,555,0
62_-115,2026-09-16,1,Northwest Territories,62.5,-114.5,5.0,47.0,2.4,0.6000000000000001,4.407117496267032,0.0020446682,0.0,0.00196078431372549,1.0427807760424912,541,0
62_-115,2026-09-17,2,Northwest Territories,62.5,-114.5,11.1,71.0,8.5,4.2,0.503738781848108,0.002782071,0.0,0.00196078431372549,1.4188562147319317,474,0
62_-115,2026-09-18,3,Northwest Territories,62.5,-114.5,10.9,69.0,8.3,0.2,1.5209951181315262,0.0022243848,0.0,0.00196078431372549,1.1344362515956163,481,0
62_-115,2026-09-19,4,Northwest Territories,62.5,-114.5,10.9,79.0,16.4,0.0,3.883070207326851,0.0020446682,0.0,0.00196078431372549,1.0427807760424912,522,0
62_-115,2026-09-20,5,Northwest Territories,62.5,-114.5,13.0,67.0,7.8,0.1,3.7210944327566655,0.002782071,0.0,0.00196078431372549,1.4188562147319317,461,0
62_-115,2026-09-21,6,Northwest Territories,62.5,-114.5,14.6,50.0,15.8,0.0,10.211554338571133,0.0034599912,0.00010140445,0.00196078431372549,1.764595506247133,449,0
62_-115,2026-09-22,7,Northwest Territories,62.5,-114.5,15.6,46.0,3.5,0.0,7.796006541494506,0.0034599912,0.00010140445,0.00196078431372549,1.764595506247133,450,0
62_-116,2026-09-15,0,Northwest Territories,62.5,-115.5,6.813248354225686,64.23615161002304,16.773541142838972,0.5273158576713107,7.140083871860413,0.0007248675,0.0,0.0,,672,0
62_-116,2026-09-16,1,Northwest Territories,62.5,-115.5,5.1,53.0,7.3,0.9000000000000001,3.7044040590715315,0.0007248675,0.0,0.0,,666,0
62_-116,2026-09-17,2,Northwest Territories,62.5,-115.5,8.7,82.0,17.1,4.0,0.5443570966721354,0.0007248675,0.0,0.0,,668,0
62_-116,2026-09-18,3,Northwest Territories,62.5,-115.5,8.1,86.0,11.2,2.2,0.1929929656816507,0.0006170935,0.0,0.0,,663,0
62_-116,2026-09-19,4,Northwest Territories,62.5,-115.5,11.7,84.0,24.5,0.0,3.137563020850557,0.0006170935,0.0,0.0,,680,0
62_-116,2026-09-20,5,Northwest Territories,62.5,-115.5,13.7,65.0,10.5,0.0,2.5776277562238747,0.0012195122,0.0,0.0,,590,0
62_-116,2026-09-21,6,Northwest Territories,62.5,-115.5,14.5,52.0,18.2,0.0,8.887812890144026,0.0020446682,0.0,0.0,,543,0
62_-116,2026-09-22,7,Northwest Territories,62.5,-115.5,13.3,61.0,3.5,0.0,5.164063538115553,0.0020446682,0.0,0.0,,548,0
62_-117,2026-09-15,0,Northwest Territories,62.5,-116.5,6.525286052533137,62.077312122830136,15.656529060475034,0.7008929616874281,4.556016789400934,0.0015167142,0.0,0.00196078431372549,0.7735242554917932,603,0
62_-117,2026-09-16,1,Northwest Territories,62.5,-116.5,5.1,53.0,9.0,1.1,2.5549033252991444,0.0015167142,0.0,0.00196078431372549,0.7735242554917932,593,0
62_-117,2026-09-17,2,Northwest Territories,62.5,-116.5,9.6,74.0,15.3,3.1,0.876922092042442,0.0015167142,0.0,0.00196078431372549,0.7735242554917932,583,0
62_-117,2026-09-18,3,Northwest Territories,62.5,-116.5,8.2,85.0,7.1,1.9000000000000001,0.281215941225277,0.0007248675,0.0,0.00196078431372549,0.3696824301732704,643,0
62_-117,2026-09-19,4,Northwest Territories,62.5,-116.5,13.0,82.0,13.2,0.0,1.3297253436919032,0.0015167142,0.0,0.00196078431372549,0.7735242554917932,574,0
62_-117,2026-09-20,5,Northwest Territories,62.5,-116.5,13.8,66.0,12.3,0.0,2.8407861217595642,0.0015167142,0.0,0.00196078431372549,0.7735242554917932,576,0
62_-117,2026-09-21,6,Northwest Territories,62.5,-116.5,14.5,49.0,15.9,0.0,8.12013134211067,0.0020446682,0.00010140445,0.00196078431372549,1.0427807760424912,544,0
62_-117,2026-09-22,7,Northwest Territories,62.5,-116.5,15.0,48.0,3.0,0.0,6.137248169121571,0.0022243848,0.00010140445,0.00196078431372549,1.1344362515956163,507,0
62_-118,2026-09-15,0,Northwest Territories,62.5,-117.5,5.954831720826049,62.155289000882206,12.59844084591778,0.6560544503719472,3.2032383550756993,0.00038029242,0.0,0.0,,722,0
62_-118,2026-09-16,1,Northwest Territories,62.5,-117.5,5.5,54.0,13.0,0.2,4.574587929034979,0.00038029242,0.0,0.0,,717,0
62_-118,2026-09-17,2,Northwest Territories,62.5,-117.5,8.6,80.0,17.0,1.8,2.350548265412106,0.00038029242,0.0,0.0,,715,0
62_-118,2026-09-18,3,Northwest Territories,62.5,-117.5,6.8,92.0,6.9,0.30000000000000016,0.945247897912413,0.0,0.0,0.0,,741,0
62_-118,2026-09-19,4,Northwest Territories,62.5,-117.5,11.5,77.0,12.9,0.0,2.802887840162122,0.0,0.0,0.0,,748,0
62_-118,2026-09-20,5,Northwest Territories,62.5,-117.5,13.2,66.0,13.9,0.0,5.032342974769202,0.00038029242,0.0,0.0,,718,0
62_-118,2026-09-21,6,Northwest Territories,62.5,-117.5,14.5,50.0,11.1,0.0,7.629153998408182,0.0007248675,0.0,0.0,,655,0
62_-118,2026-09-22,7,Northwest Territories,62.5,-117.5,13.0,55.0,2.5,0.0,5.623203075226665,0.0007248675,0.0,0.0,,657,0
62_-121,2026-09-15,0,Northwest Territories,62.5,-120.5,4.1920039101886255,72.11690586226774,12.641626875449525,0.8801678972729651,7.100144029019683,0.00038029242,0.0,0.0,,723,0
62_-121,2026-09-16,1,Northwest Territories,62.5,-120.5,7.4,55.0,8.8,0.30000000000000004,6.213382841752819,0.00038029242,0.0,0.0,,718,0
62_-121,2026-09-17,2,Northwest Territories,62.5,-120.5,9.4,81.0,6.5,1.1,2.777832276291268,0.00038029242,0.0,0.0,,716,0
62_-121,2026-09-18,3,Northwest Territories,62.5,-120.5,9.1,83.0,3.4,0.2,2.594828067895109,0.00038029242,0.0,0.0,,706,0
62_-121,2026-09-19,4,Northwest Territories,62.5,-120.5,15.3,50.0,20.7,0.0,13.905404952119873,0.0006170935,0.0,0.0,,681,0
62_-121,2026-09-20,5,Northwest Territories,62.5,-120.5,16.8,46.0,18.6,0.0,18.096934256730048,0.0007248675,0.00010140445,0.0,,646,0
62_-121,2026-09-21,6,Northwest Territories,62.5,-120.5,14.1,44.0,20.2,0.0,20.888875385475757,0.0015167142,0.00013172916,0.0,,586,0
62_-121,2026-09-22,7,Northwest Territories,62.5,-120.5,12.1,56.0,6.7,0.0,12.103092225850919,0.0015167142,0.0,0.0,,593,0
62_-122,2026-09-15,0,Northwest Territories,62.5,-121.5,4.742748919158933,71.01761429836732,13.21043224425039,1.1199603161309466,7.37010546871778,0.00038029242,0.0,0.0,,724,0
62_-122,2026-09-16,1,Northwest Territories,62.5,-121.5,5.6,66.0,10.4,0.30000000000000004,5.448327307784024,0.00038029242,0.0,0.0,,719,0
62_-122,2026-09-17,2,Northwest Territories,62.5,-121.5,8.0,91.0,4.4,1.1,2.0638185286084507,0.00038029242,0.0,0.0,,717,0
62_-122,2026-09-18,3,Northwest Territories,62.5,-121.5,6.8,92.0,0.6,0.0,1.5534632392770826,0.00038029242,0.0,0.0,,707,0
62_-122,2026-09-19,4,Northwest Territories,62.5,-121.5,12.5,67.0,16.9,0.0,7.187332616833124,0.00038029242,0.0,0.0,,715,0
62_-122,2026-09-20,5,Northwest Territories,62.5,-121.5,14.5,58.0,20.2,0.0,13.401157889965974,0.0006170935,0.0,0.0,,678,0
62_-122,2026-09-21,6,Northwest Territories,62.5,-121.5,14.3,49.0,13.0,0.0,13.413206821893809,0.0007248675,0.00010140445,0.0,,656,0
62_-122,2026-09-22,7,Northwest Territories,62.5,-121.5,10.4,65.0,2.1,0.0,8.185976012626819,0.0007248675,0.0,0.0,,658,0
62_-123,2026-09-15,0,Northwest Territories,62.5,-122.5,4.93657915731522,70.20188407260984,11.230552657541505,1.2960521094196484,5.8348409249679145,0.0006170935,0.0,0.0,,696,0
62_-123,2026-09-16,1,Northwest Territories,62.5,-122.5,4.8,76.0,14.9,0.0999999999999999,4.974232914636588,0.00038029242,0.0,0.0,,720,0
62_-123,2026-09-17,2,Northwest Territories,62.5,-122.5,11.9,67.0,2.6,0.4999999999999999,3.477448965003088,0.00038029242,0.0,0.0,,718,0
62_-123,2026-09-18,3,Northwest Territories,62.5,-122.5,11.0,63.0,7.0,0.0999999999999999,5.9016861587716285,0.0006170935,0.0,0.0,,664,0
62_-123,2026-09-19,4,Northwest Territories,62.5,-122.5,13.2,57.0,17.5,0.0,12.293837284845202,0.0007248675,0.0,0.0,,649,0
62_-123,2026-09-20,5,Northwest Territories,62.5,-122.5,14.2,53.0,16.8,0.0,14.09449476440279,0.0007248675,0.0,0.0,,647,0
62_-123,2026-09-21,6,Northwest Territories,62.5,-122.5,13.1,46.0,12.7,0.0,13.822584551959222,0.0007248675,0.00010140445,0.0,,657,0
62_-123,2026-09-22,7,Northwest Territories,62.5,-122.5,14.6,38.0,3.4,0.0,11.510943168989225,0.0020446682,0.0,0.0,,549,0
62_-124,2026-09-15,0,Northwest Territories,62.5,-123.5,5.53329939972879,68.78928070597497,7.786453222729394,1.307173612580374,3.306193104928673,0.00038029242,0.0,0.0,,725,0
62_-124,2026-09-16,1,Northwest Territories,62.5,-123.5,4.9,88.0,9.1,0.0,1.9184343174301408,0.00038029242,0.0,0.0,,721,0
62_-124,2026-09-17,2,Northwest Territories,62.5,-123.5,10.3,83.0,2.6,1.4,0.6851010018985871,0.00038029242,0.0,0.0,,719,0
62_-124,2026-09-18,3,Northwest Territories,62.5,-123.5,9.2,85.0,5.3,0.8,0.8559404760188869,0.00038029242,0.0,0.0,,708,0
62_-124,2026-09-19,4,Northwest Territories,62.5,-123.5,12.1,84.0,5.6,0.2,1.3290880160356586,0.00038029242,0.0,0.0,,716,0
62_-124,2026-09-20,5,Northwest Territories,62.5,-123.5,13.4,62.0,6.5,0.0,2.977585021179116,0.0006170935,0.0,0.0,,679,0
62_-124,2026-09-21,6,Northwest Territories,62.5,-123.5,14.5,50.0,4.8,0.0,5.4045093324499645,0.0007248675,0.0,0.0,,658,0
62_-124,2026-09-22,7,Northwest Territories,62.5,-123.5,11.9,49.0,2.3,0.0,6.166934775816797,0.0007248675,0.0,0.0,,659,0
62_-125,2026-09-15,0,Yukon,62.5,-124.5,6.335459226933834,66.59483913600023,4.631680354835053,0.8531203132024274,1.3117624673362145,0.00038029242,0.0,0.0,,726,0
62_-125,2026-09-16,1,Yukon,62.5,-124.5,5.5,73.0,5.0,0.0,0.9395622846056597,0.00038029242,0.0,0.0,,722,0
62_-125,2026-09-17,2,Yukon,62.5,-124.5,10.8,76.0,2.7,1.9000000000000001,0.48614054765903253,0.00038029242,0.0,0.0,,720,0
62_-125,2026-09-18,3,Yukon,62.5,-124.5,8.8,77.0,5.9,0.30000000000000004,0.8099195838639529,0.00038029242,0.0,0.0,,709,0
62_-125,2026-09-19,4,Yukon,62.5,-124.5,12.2,59.0,4.0,0.0,1.487309347123248,0.00038029242,0.0,0.0,,717,0
62_-125,2026-09-20,5,Yukon,62.5,-124.5,13.8,49.0,18.2,0.0,8.738758156868762,0.0007248675,0.0,0.0,,648,0
62_-125,2026-09-21,6,Yukon,62.5,-124.5,12.0,46.0,15.4,0.0,10.258528937055726,0.0007248675,0.0,0.0,,659,0
62_-125,2026-09-22,7,Yukon,62.5,-124.5,12.0,45.0,3.2,0.0,6.761306961018008,0.0007248675,0.0,0.0,,660,0
62_-131,2026-09-15,0,Nova Scotia,62.5,-130.5,7.265820270760074,57.10131924634844,1.722778210745194,0.01746826015350277,5.265820270760074,0.006459243,0.00010140445,0.00980392156862745,0.6588427992537618,298,0
62_-131,2026-09-16,1,Nova Scotia,62.5,-130.5,5.2,91.0,15.7,0.8,5.128263020937884,0.00510037,0.0,0.00980392156862745,0.5202377317473292,354,0
62_-131,2026-09-17,2,Nova Scotia,62.5,-130.5,4.0,93.0,7.6,5.5,0.010701529050783927,0.0034599912,0.0,0.00980392156862745,0.3529191012494266,442,0
62_-131,2026-09-18,3,Nova Scotia,62.5,-130.5,4.0,83.0,8.3,2.4,0.013421107303587494,0.0034599912,0.0,0.00980392156862745,0.3529191012494266,428,0
62_-131,2026-09-19,4,Nova Scotia,62.5,-130.5,6.4,76.0,18.9,4.3,0.04202198196835493,0.0034599912,0.0,0.00980392156862745,0.3529191012494266,426,0
62_-131,2026-09-20,5,Nova Scotia,62.5,-130.5,5.5,91.0,18.1,7.2,0.0003509216743747939,0.0034599912,0.0,0.00980392156862745,0.3529191012494266,433,0
62_-131,2026-09-21,6,Nova Scotia,62.5,-130.5,4.6,63.0,17.0,0.4,0.14142599436804465,0.0034599912,0.0,0.00980392156862745,0.3529191012494266,450,0
62_-131,2026-09-22,7,Nova Scotia,62.5,-130.5,4.6,65.0,7.4,0.0,0.35036433424299607,0.0034599912,0.0,0.00980392156862745,0.3529191012494266,451,0
62_-132,2026-09-15,0,Nova Scotia,62.5,-131.5,7.6,50.0,2.6,0.03,5.6,0.008237548,0.00013172916,0.00980392156862745,0.8402299135923386,260,0
62_-132,2026-09-16,1,Nova Scotia,62.5,-131.5,6.1,97.0,8.0,0.8,2.4651222524261756,0.005107495,0.00010140445,0.00980392156862745,0.520964490249753,310,0
62_-132,2026-09-17,2,Nova Scotia,62.5,-131.5,6.6,89.0,3.4,3.5999999999999996,0.0633762235029652,0.00510037,0.00010140445,0.00980392156862745,0.5202377317473292,342,0
62_-132,2026-09-18,3,Nova Scotia,62.5,-131.5,4.3,81.0,7.9,0.8,0.2761736717629571,0.0034599912,0.0,0.00980392156862745,0.3529191012494266,429,0
62_-132,2026-09-19,4,Nova Scotia,62.5,-131.5,8.0,69.0,14.1,4.6,0.14194979794417545,0.005107495,0.0,0.00980392156862745,0.520964490249753,311,0
62_-132,2026-09-20,5,Nova Scotia,62.5,-131.5,6.6,85.0,19.0,5.0,0.016812999806907206,0.0034599912,0.0,0.00980392156862745,0.3529191012494266,434,0
62_-132,2026-09-21,6,Nova Scotia,62.5,-131.5,6.3,59.0,16.7,0.30000000000000004,0.5324306403672543,0.00510037,0.0,0.00980392156862745,0.5202377317473292,356,0
62_-132,2026-09-22,7,Nova Scotia,62.5,-131.5,4.7,67.0,5.5,0.0,0.4940498945340019,0.0034599912,0.0,0.00980392156862745,0.3529191012494266,452,0
62_-133,2026-09-15,0,Nova Scotia,62.5,-132.5,7.431696694761421,51.836036057148135,2.936606610477157,0.027704954928564833,5.569399399047532,0.008237548,0.00010140445,0.00980392156862745,0.8402299135923386,261,0
62_-133,2026-09-16,1,Nova Scotia,62.5,-132.5,5.5,94.0,12.8,0.6,4.167300971706558,0.005107495,0.0,0.00980392156862745,0.520964490249753,311,0
62_-133,2026-09-17,2,Nova Scotia,62.5,-132.5,5.7,85.0,4.1,4.4,0.05208399855945604,0.00510037,0.0,0.00980392156862745,0.5202377317473292,343,0
62_-133,2026-09-18,3,Nova Scotia,62.5,-132.5,7.4,61.0,12.7,0.2,0.8727075000480065,0.00510037,0.0,0.00980392156862745,0.5202377317473292,334,0
62_-133,2026-09-19,4,Nova Scotia,62.5,-132.5,7.9,61.0,17.8,4.7,0.4195327760745686,0.00510037,0.0,0.00980392156862745,0.5202377317473292,341,0
62_-133,2026-09-20,5,Nova Scotia,62.5,-132.5,7.1,77.0,20.4,2.5,0.3910409449969014,0.0034599912,0.0,0.00980392156862745,0.3529191012494266,435,0
62_-133,2026-09-21,6,Nova Scotia,62.5,-132.5,6.3,57.0,16.0,0.30000000000000004,0.9667472766102246,0.00510037,0.0,0.00980392156862745,0.5202377317473292,357,0
62_-133,2026-09-22,7,Nova Scotia,62.5,-132.5,5.7,60.0,7.1,0.0,0.8573768955495008,0.00510037,0.0,0.00980392156862745,0.5202377317473292,376,0
62_-134,2026-09-15,0,Nova Scotia,62.5,-133.5,7.439631516196564,51.65617457667104,3.0791254009177726,0.026732061623221698,5.605645325656251,0.006459243,0.0,0.00784313725490196,0.8235534990672022,299,0
62_-134,2026-09-16,1,Nova Scotia,62.5,-133.5,6.3,88.0,20.6,0.6,7.324516312235013,0.005107495,0.0,0.00784313725490196,0.6512056128121912,312,0
62_-134,2026-09-17,2,Nova Scotia,62.5,-133.5,4.4,93.0,8.0,3.6,0.08277582457436346,0.0034599912,0.0,0.00784313725490196,0.44114887656178325,443,0
62_-134,2026-09-18,3,Nova Scotia,62.5,-133.5,7.0,59.0,6.4,0.0,0.6221669788648434,0.0034599912,0.0,0.00784313725490196,0.44114887656178325,430,0
62_-134,2026-09-19,4,Nova Scotia,62.5,-133.5,6.4,71.0,20.0,1.6,2.141355265388922,0.0034599912,0.0,0.00784313725490196,0.44114887656178325,427,0
62_-134,2026-09-20,5,Nova Scotia,62.5,-133.5,6.9,75.0,18.1,2.6,0.6688642342537109,0.0034599912,0.0,0.00784313725490196,0.44114887656178325,436,0
62_-134,2026-09-21,6,Nova Scotia,62.5,-133.5,4.9,66.0,18.3,0.30000000000000004,2.2439012929761604,0.0034599912,0.0,0.00784313725490196,0.44114887656178325,451,0
62_-134,2026-09-22,7,Nova Scotia,62.5,-133.5,4.7,61.0,7.5,0.0,1.4297351649512895,0.0034599912,0.0,0.00784313725490196,0.44114887656178325,453,0
62_-135,2026-09-15,0,Nova Scotia,62.5,-134.5,6.830268206594417,57.98697359599003,4.7133287287262515,0.015861178143456063,5.58305452414086,0.0020446682,0.0,0.00196078431372549,1.0427807760424912,556,0
62_-135,2026-09-16,1,Nova Scotia,62.5,-134.5,5.3,88.0,15.6,1.1,3.6730207993723782,0.0015167142,0.0,0.00196078431372549,0.7735242554917932,594,0
62_-135,2026-09-17,2,Nova Scotia,62.5,-134.5,1.7,95.0,7.3,4.6000000000000005,0.010113265119692728,0.0015167142,0.0,0.00196078431372549,0.7735242554917932,584,0
62_-135,2026-09-18,3,Nova Scotia,62.5,-134.5,4.2,72.0,11.9,0.2,0.32604641697305353,0.0007248675,0.0,0.00196078431372549,0.3696824301732704,644,0
62_-135,2026-09-19,4,Nova Scotia,62.5,-134.5,3.8,77.0,19.1,3.0999999999999996,0.2063946718230216,0.0007248675,0.0,0.00196078431372549,0.3696824301732704,650,0
62_-135,2026-09-20,5,Nova Scotia,62.5,-134.5,4.5,84.0,21.8,2.3000000000000003,0.18755723136274396,0.0007248675,0.0,0.00196078431372549,0.3696824301732704,649,0
62_-135,2026-09-21,6,Nova Scotia,62.5,-134.5,2.5,77.0,19.5,0.5,0.7669578443858852,0.0007248675,0.0,0.00196078431372549,0.3696824301732704,660,0
62_-135,2026-09-22,7,Nova Scotia,62.5,-134.5,2.7,67.0,8.1,0.0,0.6891373201734913,0.0007248675,0.0,0.00196078431372549,0.3696824301732704,661,0
62_-136,2026-09-15,0,Nova Scotia,62.5,-135.5,5.955496729239575,67.16522354786025,6.601158588660137,0.004067537465813998,5.4422392496384955,0.005107495,0.00013172916,0.011764705882352941,0.4341370752081275,332,0
62_-136,2026-09-16,1,Nova Scotia,62.5,-135.5,13.3,57.0,17.7,0.6,10.3999013987453,0.006459243,0.00013172916,0.011764705882352941,0.5490356660448015,282,0
62_-136,2026-09-17,2,Nova Scotia,62.5,-135.5,8.4,80.0,8.0,1.5999999999999999,1.8843001893494085,0.00510037,0.00010140445,0.011764705882352941,0.43353144312277436,344,0
62_-136,2026-09-18,3,Nova Scotia,62.5,-135.5,9.8,59.0,6.1,0.30000000000000004,2.8624477380499695,0.005107495,0.00010140445,0.011764705882352941,0.4341370752081275,303,0
62_-136,2026-09-19,4,Nova Scotia,62.5,-135.5,11.2,54.0,19.3,1.4,5.8935088474347905,0.005107495,0.00010140445,0.011764705882352941,0.4341370752081275,312,0
62_-136,2026-09-20,5,Nova Scotia,62.5,-135.5,11.4,58.0,24.5,0.6000000000000001,11.4497658734179,0.006459243,0.00013172916,0.011764705882352941,0.5490356660448015,284,0
62_-136,2026-09-21,6,Nova Scotia,62.5,-135.5,9.3,56.0,20.5,0.0,12.3004127077656,0.006459243,0.00013172916,0.011764705882352941,0.5490356660448015,301,0
62_-136,2026-09-22,7,Nova Scotia,62.5,-135.5,8.2,57.0,3.8,0.0,6.335560551719382,0.005107495,0.00013172916,0.011764705882352941,0.4341370752081275,343,0
62_-137,2026-09-15,0,Nova Scotia,62.5,-136.5,5.640274303238434,69.66965389985101,7.4652988657419925,0.0012086872228408716,5.40209659257862,0.0034599912,0.0,0.00392156862745098,0.8822977531235665,464,0
62_-137,2026-09-16,1,Nova Scotia,62.5,-136.5,10.9,66.0,5.0,0.4,5.176333994828399,0.0034599912,0.0,0.00392156862745098,0.8822977531235665,441,0
62_-137,2026-09-17,2,Nova Scotia,62.5,-136.5,7.6,75.0,5.8,1.7999999999999998,1.1651536049726958,0.0034599912,0.0,0.00392156862745098,0.8822977531235665,444,0
62_-137,2026-09-18,3,Nova Scotia,62.5,-136.5,7.8,64.0,15.3,0.0,4.290273621602557,0.0034599912,0.0,0.00392156862745098,0.8822977531235665,431,0
62_-137,2026-09-19,4,Nova Scotia,62.5,-136.5,9.7,59.0,16.2,0.9,5.352401271421434,0.0034599912,0.0,0.00392156862745098,0.8822977531235665,428,0
62_-137,2026-09-20,5,Nova Scotia,62.5,-136.5,9.7,65.0,27.4,0.0,12.279120258978786,0.0034599912,0.0,0.00392156862745098,0.8822977531235665,437,0
62_-137,2026-09-21,6,Nova Scotia,62.5,-136.5,8.1,55.0,16.9,0.0,10.000545027784211,0.0034599912,0.0,0.00392156862745098,0.8822977531235665,452,0
62_-137,2026-09-22,7,Nova Scotia,62.5,-136.5,5.7,61.0,9.9,0.0,7.489460756966472,0.0034599912,0.0,0.00392156862745098,0.8822977531235665,454,0
62_-138,2026-09-15,0,Nova Scotia,62.5,-137.5,5.897770733938417,68.98024781577394,9.043202821398381,0.0,5.2915560861458735,0.0007248675,0.0,0.0,,673,0
62_-138,2026-09-16,1,Nova Scotia,62.5,-137.5,11.2,51.0,16.2,0.0,10.342213610233575,0.0007248675,0.0,0.0,,667,0
62_-138,2026-09-17,2,Nova Scotia,62.5,-137.5,6.0,75.0,6.8,0.9,3.085854825637362,0.0007248675,0.0,0.0,,669,0
62_-138,2026-09-18,3,Nova Scotia,62.5,-137.5,5.7,68.0,9.9,0.2,4.664648698392089,0.0007248675,0.0,0.0,,645,0
62_-138,2026-09-19,4,Nova Scotia,62.5,-137.5,8.7,58.0,5.5,0.30000000000000004,4.98839783223253,0.0007248675,0.0,0.0,,651,0
62_-138,2026-09-20,5,Nova Scotia,62.5,-137.5,7.9,56.0,18.1,0.2,10.677885892240072,0.0007248675,0.0,0.0,,650,0
62_-138,2026-09-21,6,Nova Scotia,62.5,-137.5,6.2,60.0,4.7,0.0,5.9804300268908035,0.0007248675,0.0,0.0,,661,0
62_-138,2026-09-22,7,Nova Scotia,62.5,-137.5,4.7,81.0,3.6,2.5,0.510992488704262,0.0007248675,0.0,0.0,,662,0
62_-139,2026-09-15,0,Nova Scotia,62.5,-138.5,7.044716704630358,66.97567503689352,9.735138146206904,0.0,4.928794462677839,0.0034599912,0.00010140445,0.00784313725490196,0.44114887656178325,465,0
62_-139,2026-09-16,1,Nova Scotia,62.5,-138.5,5.9,74.0,8.3,0.5,4.663732849082511,0.0034599912,2.2869175e-05,0.00784313725490196,0.44114887656178325,442,0
62_-139,2026-09-17,2,Nova Scotia,62.5,-138.5,2.3,90.0,3.9,4.7,0.023363891160816816,0.0034599912,0.0,0.00784313725490196,0.44114887656178325,445,0
62_-139,2026-09-18,3,Nova Scotia,62.5,-138.5,5.4,54.0,9.1,0.1,0.5724928219786853,0.003292181,0.0,0.00784313725490196,0.41975308558903635,454,0
62_-139,2026-09-19,4,Nova Scotia,62.5,-138.5,5.1,67.0,6.4,0.0,0.8224795678777409,0.002782071,0.0,0.00784313725490196,0.3547140536829829,460,0
62_-139,2026-09-20,5,Nova Scotia,62.5,-138.5,5.7,60.0,16.9,0.2,3.5931956465096206,0.003292181,0.0,0.00784313725490196,0.41975308558903635,454,0
62_-139,2026-09-21,6,Nova Scotia,62.5,-138.5,4.0,60.0,6.1,0.0,2.5780644412625926,0.0034599912,0.0,0.00784313725490196,0.44114887656178325,453,0
62_-139,2026-09-22,7,Nova Scotia,62.5,-138.5,2.0,80.0,1.0,0.1,1.7622870909817128,0.003292181,0.0,0.00784313725490196,0.41975308558903635,476,0
62_-140,2026-09-15,0,Nova Scotia,62.5,-139.5,8.229273199442547,68.24399033743701,9.837515348277936,0.0022202731026660506,6.003777895775816,0.0007248675,0.0,0.0,,674,0
62_-140,2026-09-16,1,Nova Scotia,62.5,-139.5,11.1,67.0,0.7,0.30000000000000004,6.107922440887249,0.0007248675,0.0,0.0,,668,0
62_-140,2026-09-17,2,Nova Scotia,62.5,-139.5,6.3,95.0,2.1,9.4,0.0006818430061039646,0.0007248675,0.0,0.0,,670,0
62_-140,2026-09-18,3,Nova Scotia,62.5,-139.5,7.1,68.0,2.9,0.4,0.07225507712872015,0.0006170935,0.0,0.0,,665,0
62_-140,2026-09-19,4,Nova Scotia,62.5,-139.5,6.0,86.0,1.4,0.6000000000000001,0.17168736511565236,0.00038029242,0.0,0.0,,718,0
62_-140,2026-09-20,5,Nova Scotia,62.5,-139.5,8.8,68.0,3.3,0.0,0.7759021149838534,0.0007248675,0.0,0.0,,651,0
62_-140,2026-09-21,6,Nova Scotia,62.5,-139.5,7.1,66.0,1.4,0.0,1.1430982033811894,0.0007248675,0.0,0.0,,662,0
62_-140,2026-09-22,7,Nova Scotia,62.5,-139.5,3.3,85.0,0.6,0.0,1.2227621227642893,0.00038029242,0.0,0.0,,722,0
62_-141,2026-09-15,0,Nova Scotia,62.5,-140.5,7.937173927292342,73.8062200427849,8.504275852781252,0.004931626063942308,7.807990311720066,0.0034599912,0.0,0.00392156862745098,0.8822977531235665,466,0
62_-141,2026-09-16,1,Nova Scotia,62.5,-140.5,10.1,72.0,5.7,0.7,8.050250522138006,0.0034599912,0.0,0.00392156862745098,0.8822977531235665,443,0
62_-141,2026-09-17,2,Nova Scotia,62.5,-140.5,6.7,92.0,4.3,5.0,0.041892246826351134,0.0034599912,0.0,0.00392156862745098,0.8822977531235665,446,0
62_-141,2026-09-18,3,Nova Scotia,62.5,-140.5,6.9,69.0,8.0,0.0,0.9327569113233712,0.003292181,0.0,0.00392156862745098,0.8395061711780727,455,0
62_-141,2026-09-19,4,Nova Scotia,62.5,-140.5,7.5,69.0,3.0,0.0,2.525602999033011,0.0034599912,0.0,0.00392156862745098,0.8822977531235665,429,0
62_-141,2026-09-20,5,Nova Scotia,62.5,-140.5,7.5,71.0,6.8,0.1,4.41069011357683,0.0034599912,0.0,0.00392156862745098,0.8822977531235665,438,0
62_-141,2026-09-21,6,Nova Scotia,62.5,-140.5,6.7,70.0,8.0,0.0,5.935574653172567,0.0034599912,0.0,0.00392156862745098,0.8822977531235665,454,0
62_-141,2026-09-22,7,Nova Scotia,62.5,-140.5,5.3,77.0,4.6,0.0,5.5892696885396385,0.0034599912,0.0,0.00392156862745098,0.8822977531235665,455,0
63_-113,2026-09-15,0,Northwest Territories,63.5,-112.5,5.737260308907038,69.70484310579174,16.03981654127105,0.9650399484102488,3.659611990595758,0.00038029242,0.0,0.0,,727,0
63_-113,2026-09-16,1,Northwest Territories,63.5,-112.5,1.2,57.0,2.6,2.0000000000000004,0.5259042146778217,0.00038029242,0.0,0.0,,723,0
63_-113,2026-09-17,2,Northwest Territories,63.5,-112.5,4.5,97.0,17.3,2.9,0.03648518378763828,0.00038029242,0.0,0.0,,721,0
63_-113,2026-09-18,3,Northwest Territories,63.5,-112.5,5.5,94.0,11.6,3.0,0.0018175743189183307,0.0,0.0,0.0,,742,0
63_-113,2026-09-19,4,Northwest Territories,63.5,-112.5,7.5,87.0,16.2,0.30000000000000004,0.07581279024072356,0.0,0.0,0.0,,749,0
63_-113,2026-09-20,5,Northwest Territories,63.5,-112.5,11.5,76.0,11.5,0.4,0.5512461623395054,0.00038029242,0.0,0.0,,719,0
63_-113,2026-09-21,6,Northwest Territories,63.5,-112.5,11.2,66.0,22.7,0.0,3.3458689848883454,0.00038029242,0.0,0.0,,725,0
63_-113,2026-09-22,7,Northwest Territories,63.5,-112.5,11.4,69.0,9.4,0.0,2.2473422938324203,0.00038029242,0.0,0.0,,723,0
63_-114,2026-09-15,0,Northwest Territories,63.5,-113.5,5.500776812875117,70.48072763888581,16.098992532668134,1.0254536893556139,4.026631024040769,0.0007248675,0.0,0.00196078431372549,0.3696824301732704,675,0
63_-114,2026-09-16,1,Northwest Territories,63.5,-113.5,3.1,58.0,3.6,1.4,0.8722376331127776,0.0007248675,0.0,0.00196078431372549,0.3696824301732704,669,0
63_-114,2026-09-17,2,Northwest Territories,63.5,-113.5,5.7,99.0,12.2,4.6,0.0030484011426767715,0.0007248675,0.0,0.00196078431372549,0.3696824301732704,671,0
63_-114,2026-09-18,3,Northwest Territories,63.5,-113.5,6.9,89.0,8.9,0.7999999999999999,0.0247997101747445,0.0006170935,0.0,0.00196078431372549,0.31471769674681127,666,0
63_-114,2026-09-19,4,Northwest Territories,63.5,-113.5,8.9,83.0,16.2,0.4,0.4721796546009644,0.0007248675,0.0,0.00196078431372549,0.3696824301732704,652,0
63_-114,2026-09-20,5,Northwest Territories,63.5,-113.5,12.9,74.0,9.7,0.4,0.9375468447747523,0.0007248675,0.0,0.00196078431372549,0.3696824301732704,652,0
63_-114,2026-09-21,6,Northwest Territories,63.5,-113.5,13.4,58.0,15.8,0.30000000000000004,4.25556788911129,0.0007248675,0.0,0.00196078431372549,0.3696824301732704,663,0
63_-114,2026-09-22,7,Northwest Territories,63.5,-113.5,12.7,68.0,5.4,0.0,3.2160540480600774,0.0012195122,0.0,0.00196078431372549,0.6219512200914323,612,0
63_-115,2026-09-15,0,Northwest Territories,63.5,-114.5,5.941889046875548,69.54530405464362,15.935420764723622,1.0555610265083328,4.175779225228933,0.00038029242,0.0,0.0,,728,0
63_-115,2026-09-16,1,Northwest Territories,63.5,-114.5,3.7,53.0,4.6,0.6000000000000001,2.371045528553303,0.00038029242,0.0,0.0,,724,0
63_-115,2026-09-17,2,Northwest Territories,63.5,-114.5,6.6,99.0,9.0,5.1000000000000005,0.003979350499252485,0.00038029242,0.0,0.0,,722,0
63_-115,2026-09-18,3,Northwest Territories,63.5,-114.5,6.8,89.0,8.2,0.7000000000000001,0.033563956991117715,0.00038029242,0.0,0.0,,710,0
63_-115,2026-09-19,4,Northwest Territories,63.5,-114.5,9.7,82.0,17.0,0.30000000000000004,0.6472352110710817,0.00038029242,0.0,0.0,,719,0
63_-115,2026-09-20,5,Northwest Territories,63.5,-114.5,13.5,71.0,10.8,0.2,1.545531774817838,0.00038029242,0.0,0.0,,720,0
63_-115,2026-09-21,6,Northwest Territories,63.5,-114.5,12.9,59.0,16.0,0.0,4.860730120460051,0.0006170935,0.0,0.0,,691,0
63_-115,2026-09-22,7,Northwest Territories,63.5,-114.5,12.4,62.0,2.2,0.0,3.1289458940792154,0.0007248675,0.0,0.0,,663,0
63_-116,2026-09-15,0,Northwest Territories,63.5,-115.5,5.252200767444753,67.6894720632478,17.437365271299228,1.5722902000024217,2.1424381074838386,0.0007248675,0.0,0.0,,676,0
63_-116,2026-09-16,1,Northwest Territories,63.5,-115.5,3.7,64.0,7.4,0.7000000000000001,1.0306851203021972,0.0007248675,0.0,0.0,,670,0
63_-116,2026-09-17,2,Northwest Territories,63.5,-115.5,6.4,98.0,10.2,5.7,0.0014163972209859672,0.0007248675,0.0,0.0,,672,0
63_-116,2026-09-18,3,Northwest Territories,63.5,-115.5,7.4,85.0,7.6,0.30000000000000004,0.03305317233617897,0.0006170935,0.0,0.0,,667,0
63_-116,2026-09-19,4,Northwest Territories,63.5,-115.5,10.7,76.0,12.4,0.2,0.5184520345126039,0.0007248675,0.0,0.0,,653,0
63_-116,2026-09-20,5,Northwest Territories,63.5,-115.5,11.7,76.0,10.9,0.0,0.8803406256156251,0.0007248675,0.0,0.0,,653,0
63_-116,2026-09-21,6,Northwest Territories,63.5,-115.5,13.0,57.0,12.7,0.0,3.056009932515385,0.0015167142,0.0,0.0,,587,0
63_-116,2026-09-22,7,Northwest Territories,63.5,-115.5,12.7,59.0,1.2,0.0,2.2539554248652993,0.0015167142,0.0,0.0,,594,0
63_-117,2026-09-15,0,Northwest Territories,63.5,-116.5,4.636863386381225,63.75182323720306,17.508618550721085,2.1083057104817677,1.0575109285222015,0.0007248675,0.0,0.0,,677,0
63_-117,2026-09-16,1,Northwest Territories,63.5,-116.5,4.2,52.0,11.1,0.6,0.8515063595645277,0.0007248675,0.0,0.0,,671,0
63_-117,2026-09-17,2,Northwest Territories,63.5,-116.5,7.0,89.0,12.3,5.8,0.013642244202670658,0.0007248675,0.0,0.0,,673,0
63_-117,2026-09-18,3,Northwest Territories,63.5,-116.5,7.9,84.0,7.5,0.9000000000000001,0.06610959174475385,0.0007248675,0.0,0.0,,646,0
63_-117,2026-09-19,4,Northwest Territories,63.5,-116.5,10.3,81.0,15.3,0.10000000000000012,0.49550701767242405,0.0007248675,0.0,0.0,,654,0
63_-117,2026-09-20,5,Northwest Territories,63.5,-116.5,11.7,75.0,11.6,0.0,0.6893228298403902,0.0007248675,0.0,0.0,,654,0
63_-117,2026-09-21,6,Northwest Territories,63.5,-116.5,13.6,56.0,13.0,0.0,2.443477489177993,0.0015167142,0.0,0.0,,588,0
63_-117,2026-09-22,7,Northwest Territories,63.5,-116.5,12.3,62.0,2.1,0.0,1.629240450563623,0.0020446682,0.0,0.0,,550,0
63_-118,2026-09-15,0,Northwest Territories,63.5,-117.5,4.775984646874105,62.48803019194655,16.839118940622534,1.9710729740892812,0.943567191581901,0.00038029242,0.0,0.0,,729,0
63_-118,2026-09-16,1,Northwest Territories,63.5,-117.5,4.7,57.0,12.8,0.2,0.9166235373132505,0.00038029242,0.0,0.0,,725,0
63_-118,2026-09-17,2,Northwest Territories,63.5,-117.5,7.8,80.0,13.4,5.4,0.06963226739142937,0.00038029242,0.0,0.0,,723,0
63_-118,2026-09-18,3,Northwest Territories,63.5,-117.5,7.1,86.0,4.1,0.4,0.13109360175695942,0.0,0.0,0.0,,743,0
63_-118,2026-09-19,4,Northwest Territories,63.5,-117.5,9.3,87.0,16.5,0.0,0.546192805921719,0.00038029242,0.0,0.0,,720,0
63_-118,2026-09-20,5,Northwest Territories,63.5,-117.5,13.5,67.0,9.4,0.0,0.6808603413550407,0.00038029242,0.0,0.0,,721,0
63_-118,2026-09-21,6,Northwest Territories,63.5,-117.5,12.3,60.0,14.5,0.0,2.7041826821717874,0.0007248675,0.0,0.0,,664,0
63_-118,2026-09-22,7,Northwest Territories,63.5,-117.5,11.7,66.0,1.4,0.0,1.22776647156432,0.0012195122,0.0,0.0,,613,0
63_-119,2026-09-15,0,Northwest Territories,63.5,-118.5,4.423570833929778,63.67370488268229,16.068092943903302,2.173612701978692,0.961598279782372,0.0,0.0,0.0,,756,0
63_-119,2026-09-16,1,Northwest Territories,63.5,-118.5,5.0,55.0,17.9,0.0,1.573854855718081,0.00038029242,0.0,0.0,,726,0
63_-119,2026-09-17,2,Northwest Territories,63.5,-118.5,7.3,83.0,14.1,5.0,0.06348240998441852,0.00038029242,0.0,0.0,,724,0
63_-119,2026-09-18,3,Northwest Territories,63.5,-118.5,7.2,81.0,3.8,0.30000000000000004,0.14592592307145885,0.0,0.0,0.0,,744,0
63_-119,2026-09-19,4,Northwest Territories,63.5,-118.5,10.3,78.0,18.3,0.0,0.7524800804438461,0.0,0.0,0.0,,750,0
63_-119,2026-09-20,5,Northwest Territories,63.5,-118.5,11.5,72.0,5.5,0.0,0.5473065448522701,0.00038029242,0.0,0.0,,722,0
63_-119,2026-09-21,6,Northwest Territories,63.5,-118.5,12.3,57.0,12.5,0.0,2.4258347006464067,0.00038029242,0.0,0.0,,726,0
63_-119,2026-09-22,7,Northwest Territories,63.5,-118.5,9.2,80.0,3.8,0.0,1.0740173154150348,0.00038029242,0.0,0.0,,724,0
63_-121,2026-09-15,0,Northwest Territories,63.5,-120.5,4.7227459687704,66.36495743086518,9.714026373464076,1.732050730721661,1.6309525598337113,0.0006170935,0.0,0.00196078431372549,0.31471769674681127,697,0
63_-121,2026-09-16,1,Northwest Territories,63.5,-120.5,5.0,61.0,17.8,0.0,2.6489711075466977,0.0007248675,0.0,0.00196078431372549,0.3696824301732704,672,0
63_-121,2026-09-17,2,Northwest Territories,63.5,-120.5,7.4,87.0,8.3,4.5,0.04146754858466372,0.0006170935,0.0,0.00196078431372549,0.31471769674681127,695,0
63_-121,2026-09-18,3,Northwest Territories,63.5,-120.5,5.7,91.0,4.5,0.8999999999999999,0.05088476909192607,0.00038029242,0.0,0.00196078431372549,0.19394913339056075,711,0
63_-121,2026-09-19,4,Northwest Territories,63.5,-120.5,11.8,64.0,15.3,0.0,0.7835428255357236,0.0007248675,0.0,0.00196078431372549,0.3696824301732704,655,0
63_-121,2026-09-20,5,Northwest Territories,63.5,-120.5,13.0,61.0,13.8,0.0,1.9499917637602264,0.0007248675,0.0,0.00196078431372549,0.3696824301732704,655,0
63_-121,2026-09-21,6,Northwest Territories,63.5,-120.5,13.6,49.0,9.3,0.0,3.84156627355704,0.0015167142,0.0,0.00196078431372549,0.7735242554917932,589,0
63_-121,2026-09-22,7,Northwest Territories,63.5,-120.5,9.6,66.0,2.3,0.0,2.657540852726558,0.0012195122,0.0,0.00196078431372549,0.6219512200914323,614,0
63_-122,2026-09-15,0,Northwest Territories,63.5,-121.5,5.12014934617515,69.95552027702234,8.156881490385427,1.7216355689715201,3.1132234843962996,0.0,0.0,0.0,,757,0
63_-122,2026-09-16,1,Northwest Territories,63.5,-121.5,4.3,67.0,12.8,0.0,2.6848851403284555,0.0,0.0,0.0,,758,0
63_-122,2026-09-17,2,Northwest Territories,63.5,-121.5,10.3,79.0,6.3,3.0,0.3200317543330832,0.00038029242,0.0,0.0,,725,0
63_-122,2026-09-18,3,Northwest Territories,63.5,-121.5,7.9,86.0,3.8,2.0,0.09770181237156822,0.0,0.0,0.0,,745,0
63_-122,2026-09-19,4,Northwest Territories,63.5,-121.5,11.0,71.0,9.6,0.0,0.7247971568874956,0.00038029242,0.0,0.0,,721,0
63_-122,2026-09-20,5,Northwest Territories,63.5,-121.5,12.1,68.0,5.0,0.0,0.8591232090414707,0.00038029242,0.0,0.0,,723,0
63_-122,2026-09-21,6,Northwest Territories,63.5,-121.5,13.3,50.0,11.6,0.0,4.574582433444492,0.00038029242,0.0,0.0,,727,0
63_-122,2026-09-22,7,Northwest Territories,63.5,-121.5,10.0,70.0,2.8,0.0,2.982637417250411,0.00038029242,0.0,0.0,,725,0
63_-123,2026-09-15,0,Northwest Territories,63.5,-122.5,5.116709474045596,68.16138226747154,4.902521291347315,1.7360535263673984,0.4533916517517303,0.00038029242,0.0,0.0,,730,0
63_-123,2026-09-16,1,Northwest Territories,63.5,-122.5,2.5,82.0,22.7,0.0,1.8853328851333309,0.00038029242,0.0,0.0,,727,0
63_-123,2026-09-17,2,Northwest Territories,63.5,-122.5,11.0,64.0,5.4,3.1999999999999997,0.2228398472218187,0.00038029242,0.0,0.0,,726,0
63_-123,2026-09-18,3,Northwest Territories,63.5,-122.5,8.8,72.0,10.8,1.3,0.44507904600291787,0.00038029242,0.0,0.0,,712,0
63_-123,2026-09-19,4,Northwest Territories,63.5,-122.5,11.0,64.0,16.1,0.0,1.226372128175073,0.0006170935,0.0,0.0,,682,0
63_-123,2026-09-20,5,Northwest Territories,63.5,-122.5,12.0,63.0,13.6,0.0,2.5700984949353938,0.0006170935,0.0,0.0,,680,0
63_-123,2026-09-21,6,Northwest Territories,63.5,-122.5,13.1,40.0,10.1,0.0,5.206813129533616,0.0007248675,0.0,0.0,,665,0
63_-123,2026-09-22,7,Northwest Territories,63.5,-122.5,12.3,46.0,5.4,0.0,4.998167627052254,0.0007248675,0.0,0.0,,664,0
63_-124,2026-09-15,0,Northwest Territories,63.5,-123.5,5.220657364092171,68.12351355278491,4.429720247572107,1.7626591100745963,0.4183779051159846,0.0007248675,0.0,0.0,,678,0
63_-124,2026-09-16,1,Northwest Territories,63.5,-123.5,5.9,68.0,11.5,0.0,0.8470462696174695,0.0007248675,0.0,0.0,,673,0
63_-124,2026-09-17,2,Northwest Territories,63.5,-123.5,9.1,85.0,1.7,5.5,0.00656616186747499,0.0007248675,0.0,0.0,,674,0
63_-124,2026-09-18,3,Northwest Territories,63.5,-123.5,9.4,76.0,5.8,0.7999999999999998,0.10162528870814175,0.0007248675,0.0,0.0,,647,0
63_-124,2026-09-19,4,Northwest Territories,63.5,-123.5,12.7,60.0,8.5,0.0,0.5281347677854872,0.0015167142,0.0,0.0,,575,0
63_-124,2026-09-20,5,Northwest Territories,63.5,-123.5,14.8,52.0,9.7,0.0,1.781850522272922,0.0015167142,0.0,0.0,,577,0
63_-124,2026-09-21,6,Northwest Territories,63.5,-123.5,12.3,48.0,5.6,0.0,3.067243165663563,0.0020446682,0.0,0.0,,545,0
63_-124,2026-09-22,7,Northwest Territories,63.5,-123.5,11.7,47.0,1.9,0.0,3.452877828142529,0.0020446682,0.0,0.0,,551,0
63_-125,2026-09-15,0,Northwest Territories,63.5,-124.5,5.053231389626849,68.48813150658789,5.091230460160139,1.7614205668476128,0.4479832313211075,0.0,0.0,0.0,,758,0
63_-125,2026-09-16,1,Northwest Territories,63.5,-124.5,4.9,76.0,18.5,0.0,1.3159914629131324,0.0,0.0,0.0,,759,0
63_-125,2026-09-17,2,Northwest Territories,63.5,-124.5,10.7,80.0,3.3,8.1,0.005523871342833932,0.00038029242,0.0,0.0,,727,0
63_-125,2026-09-18,3,Northwest Territories,63.5,-124.5,9.3,82.0,7.3,3.099999999999999,0.006117263823252452,0.0,0.0,0.0,,746,0
63_-125,2026-09-19,4,Northwest Territories,63.5,-124.5,14.0,59.0,5.6,0.0,0.2355328378638229,0.00038029242,0.0,0.0,,722,0
63_-125,2026-09-20,5,Northwest Territories,63.5,-124.5,14.4,58.0,11.4,0.0,0.7329387108749617,0.0006170935,0.0,0.0,,681,0
63_-125,2026-09-21,6,Northwest Territories,63.5,-124.5,13.6,44.0,6.4,0.0,2.20167064235509,0.0007248675,0.0,0.0,,666,0
63_-125,2026-09-22,7,Northwest Territories,63.5,-124.5,11.7,57.0,3.0,0.0,2.3368453711970143,0.0006170935,0.0,0.0,,688,0
63_-126,2026-09-15,0,Northwest Territories,63.5,-125.5,5.269815925354264,69.97342619389156,4.134809326831711,1.6610010698882935,1.0981575033071251,0.0,0.0,0.0,,759,0
63_-126,2026-09-16,1,Northwest Territories,63.5,-125.5,6.4,76.0,5.0,0.1,0.6850739413341034,0.00038029242,0.0,0.0,,728,0
63_-126,2026-09-17,2,Northwest Territories,63.5,-125.5,9.2,83.0,4.4,6.3,0.010670712316795434,0.00038029242,0.0,0.0,,728,0
63_-126,2026-09-18,3,Northwest Territories,63.5,-125.5,8.8,75.0,5.8,0.9,0.12132895010584505,0.0,0.0,0.0,,747,0
63_-126,2026-09-19,4,Northwest Territories,63.5,-125.5,12.4,60.0,6.0,0.0,0.5241815860159798,0.00038029242,0.0,0.0,,723,0
63_-126,2026-09-20,5,Northwest Territories,63.5,-125.5,13.6,59.0,4.0,0.0,0.7743201935312598,0.00038029242,0.0,0.0,,724,0
63_-126,2026-09-21,6,Northwest Territories,63.5,-125.5,11.0,46.0,19.1,0.0,6.54887205715034,0.00038029242,0.0,0.0,,728,0
63_-126,2026-09-22,7,Northwest Territories,63.5,-125.5,9.8,55.0,5.4,0.0,3.8009136164472377,0.00038029242,0.0,0.0,,726,0
63_-131,2026-09-15,0,Nova Scotia,63.5,-130.5,,,,,,0.0015167142,0.00010140445,0.00196078431372549,0.7735242554917932,604,0
63_-131,2026-09-16,1,Nova Scotia,63.5,-130.5,-0.1,99.0,8.3,3.8000000000000003,0.014408455740353349,0.0020446682,0.0,0.00196078431372549,1.0427807760424912,542,0
63_-131,2026-09-17,2,Nova Scotia,63.5,-130.5,0.4,94.0,12.7,4.5,0.00013269527388247535,0.0015167142,0.0,0.00196078431372549,0.7735242554917932,585,0
63_-131,2026-09-18,3,Nova Scotia,63.5,-130.5,2.0,75.0,10.6,0.4,0.013852127934573494,0.0012195122,0.0,0.00196078431372549,0.6219512200914323,578,0
63_-131,2026-09-19,4,Nova Scotia,63.5,-130.5,1.8,93.0,18.0,5.1,0.0001732979249449502,0.0015167142,0.0,0.00196078431372549,0.7735242554917932,576,0
63_-131,2026-09-20,5,Nova Scotia,63.5,-130.5,0.7,100.0,10.3,5.3999999999999995,1.1543774717929402e-07,0.0015167142,0.0,0.00196078431372549,0.7735242554917932,578,0
63_-131,2026-09-21,6,Nova Scotia,63.5,-130.5,0.3,77.0,14.6,1.3,0.0002461861519038387,0.0013880176,0.0,0.00196078431372549,0.7078889524564147,598,0
63_-131,2026-09-22,7,Nova Scotia,63.5,-130.5,1.5,66.0,7.4,0.5,0.016214610557457782,0.0007248675,0.0,0.00196078431372549,0.3696824301732704,665,0
63_-132,2026-09-15,0,Nova Scotia,63.5,-131.5,7.6000000000000005,50.0,2.6,0.029999999999999995,5.6,0.0020446682,0.0,0.00196078431372549,1.0427807760424912,557,0
63_-132,2026-09-16,1,Nova Scotia,63.5,-131.5,1.8,99.0,7.8,3.8000000000000003,0.03663952423346568,0.0015167142,0.0,0.00196078431372549,0.7735242554917932,595,0
63_-132,2026-09-17,2,Nova Scotia,63.5,-131.5,3.1,93.0,6.1,3.4,0.000846036023862565,0.0015167142,0.0,0.00196078431372549,0.7735242554917932,586,0
63_-132,2026-09-18,3,Nova Scotia,63.5,-131.5,5.0,72.0,8.7,0.6000000000000001,0.07624569395531214,0.0007248675,0.0,0.00196078431372549,0.3696824301732704,648,0
63_-132,2026-09-19,4,Nova Scotia,63.5,-131.5,5.5,82.0,10.9,3.9,0.014398299119409565,0.0007248675,0.0,0.00196078431372549,0.3696824301732704,656,0
63_-132,2026-09-20,5,Nova Scotia,63.5,-131.5,3.8,98.0,10.8,4.300000000000001,3.1957891265640696e-05,0.0015167142,0.0,0.00196078431372549,0.7735242554917932,579,0
63_-132,2026-09-21,6,Nova Scotia,63.5,-131.5,3.3,75.0,7.1,2.5,0.0010185946355031512,0.0007248675,0.0,0.00196078431372549,0.3696824301732704,667,0
63_-132,2026-09-22,7,Nova Scotia,63.5,-131.5,4.0,69.0,5.7,1.2000000000000002,0.022908062180233092,0.0007248675,0.0,0.00196078431372549,0.3696824301732704,666,0
63_-133,2026-09-15,0,Nova Scotia,63.5,-132.5,7.644968110409195,49.99999999999999,3.8591070914574592,0.0165095668772415,5.959744883273559,0.0007248675,0.0,0.0,,679,0
63_-133,2026-09-16,1,Nova Scotia,63.5,-132.5,0.7,98.0,5.4,3.3,0.08146058940148075,0.0007248675,0.0,0.0,,674,0
63_-133,2026-09-17,2,Nova Scotia,63.5,-132.5,3.8,83.0,4.6,1.1,0.14779746263781154,0.00038029242,0.0,0.0,,729,0
63_-133,2026-09-18,3,Nova Scotia,63.5,-132.5,2.8,75.0,6.1,0.2,0.5456438836859422,0.00038029242,0.0,0.0,,713,0
63_-133,2026-09-19,4,Nova Scotia,63.5,-132.5,5.1,77.0,11.7,1.9,0.5382154233613888,0.00038029242,0.0,0.0,,724,0
63_-133,2026-09-20,5,Nova Scotia,63.5,-132.5,4.0,88.0,10.8,2.6,0.08377736763046235,0.00038029242,0.0,0.0,,725,0
63_-133,2026-09-21,6,Nova Scotia,63.5,-132.5,3.4,62.0,7.5,0.49999999999999994,0.522065136428794,0.00038029242,0.0,0.0,,729,0
63_-133,2026-09-22,7,Nova Scotia,63.5,-132.5,1.3,81.0,2.7,0.8999999999999999,0.4236438560431368,0.00038029242,0.0,0.0,,727,0
63_-134,2026-09-15,0,Nova Scotia,63.5,-133.5,7.660017197285103,50.0,4.2804815239828615,0.011994840814469351,6.080137578280817,0.0034599912,0.0,0.00392156862745098,0.8822977531235665,467,0
63_-134,2026-09-16,1,Nova Scotia,63.5,-133.5,2.3,99.0,2.3,3.0,0.10107180054236693,0.003292181,0.0,0.00392156862745098,0.8395061711780727,466,0
63_-134,2026-09-17,2,Nova Scotia,63.5,-133.5,6.1,76.0,9.7,0.5,0.7422584995260211,0.002782071,0.0,0.00392156862745098,0.7094281073659658,475,0
63_-134,2026-09-18,3,Nova Scotia,63.5,-133.5,4.7,83.0,5.9,0.4,0.8927511313990447,0.0020446682,0.0,0.00392156862745098,0.5213903880212456,526,0
63_-134,2026-09-19,4,Nova Scotia,63.5,-133.5,6.0,90.0,5.6,1.0,0.7316999739771887,0.0020446682,0.0,0.00392156862745098,0.5213903880212456,523,0
63_-134,2026-09-20,5,Nova Scotia,63.5,-133.5,5.3,92.0,7.5,0.8,0.7698822793730649,0.0020446682,0.0,0.00392156862745098,0.5213903880212456,530,0
63_-134,2026-09-21,6,Nova Scotia,63.5,-133.5,5.0,69.0,4.1,0.2,0.9724810651869019,0.0020446682,0.0,0.00392156862745098,0.5213903880212456,546,0
63_-134,2026-09-22,7,Nova Scotia,63.5,-133.5,4.2,82.0,3.4,0.6000000000000001,0.9995457237133542,0.0020446682,0.0,0.00392156862745098,0.5213903880212456,552,0
63_-135,2026-09-15,0,Nova Scotia,63.5,-134.5,7.1764068717632075,54.719504291533546,5.651279155326939,0.0038587718254431093,6.067222783677248,0.0007248675,0.0,0.0,,680,0
63_-135,2026-09-16,1,Nova Scotia,63.5,-134.5,4.5,99.0,5.4,2.6,0.22361879586631203,0.0007248675,0.0,0.0,,675,0
63_-135,2026-09-17,2,Nova Scotia,63.5,-134.5,9.0,60.0,14.7,0.2,2.902228994141122,0.0007248675,0.0,0.0,,675,0
63_-135,2026-09-18,3,Nova Scotia,63.5,-134.5,7.5,73.0,9.2,0.1,2.7523643756706813,0.00038029242,0.0,0.0,,714,0
63_-135,2026-09-19,4,Nova Scotia,63.5,-134.5,8.7,74.0,5.2,0.8,2.0792663807384093,0.0007248675,0.0,0.0,,657,0
63_-135,2026-09-20,5,Nova Scotia,63.5,-134.5,7.9,85.0,10.6,2.0,0.8692866428838865,0.00038029242,0.0,0.0,,726,0
63_-135,2026-09-21,6,Nova Scotia,63.5,-134.5,7.8,60.0,6.7,0.2,1.8279811267251993,0.0007248675,0.0,0.0,,668,0
63_-135,2026-09-22,7,Nova Scotia,63.5,-134.5,5.9,76.0,4.7,0.30000000000000004,1.9986377025075628,0.00038029242,0.0,0.0,,728,0
63_-136,2026-09-15,0,Nova Scotia,63.5,-135.5,7.574474322431706,51.12117792848034,5.517810459292329,0.000442105594295395,6.3338843974900945,0.006459243,4.0992472e-05,0.00784313725490196,0.8235534990672022,300,0
63_-136,2026-09-16,1,Nova Scotia,63.5,-135.5,2.4,99.0,3.0,4.4,0.013504310336951634,0.00510037,0.0,0.00784313725490196,0.6502971646841615,355,0
63_-136,2026-09-17,2,Nova Scotia,63.5,-135.5,5.5,64.0,13.0,0.30000000000000004,0.7013734060598765,0.0034599912,0.0,0.00784313725490196,0.44114887656178325,447,0
63_-136,2026-09-18,3,Nova Scotia,63.5,-135.5,4.0,76.0,7.5,0.0,0.9787596824532353,0.0034599912,0.0,0.00784313725490196,0.44114887656178325,432,0
63_-136,2026-09-19,4,Nova Scotia,63.5,-135.5,6.3,65.0,6.2,0.7000000000000001,1.6189668517331783,0.0034599912,0.0,0.00784313725490196,0.44114887656178325,430,0
63_-136,2026-09-20,5,Nova Scotia,63.5,-135.5,5.6,80.0,11.4,0.9,2.4160393867592127,0.0034599912,0.0,0.00784313725490196,0.44114887656178325,439,0
63_-136,2026-09-21,6,Nova Scotia,63.5,-135.5,4.9,58.0,10.7,0.30000000000000004,3.5599680954118176,0.0034599912,0.0,0.00784313725490196,0.44114887656178325,455,0
63_-136,2026-09-22,7,Nova Scotia,63.5,-135.5,2.3,79.0,3.2,1.8,0.6509956703285329,0.0034599912,0.0,0.00784313725490196,0.44114887656178325,456,0
63_-137,2026-09-15,0,Nova Scotia,63.5,-136.5,7.206732088696597,53.849341320742326,5.915883847018838,0.0,6.042280902581074,0.006459243,0.00010140445,0.00980392156862745,0.6588427992537618,301,0
63_-137,2026-09-16,1,Nova Scotia,63.5,-136.5,4.7,98.0,6.0,7.3,0.0011493095390941938,0.00510037,0.00010140445,0.00980392156862745,0.5202377317473292,356,0
63_-137,2026-09-17,2,Nova Scotia,63.5,-136.5,7.8,74.0,12.0,0.1,0.20028057034384378,0.0034599912,0.00010140445,0.00980392156862745,0.3529191012494266,448,0
63_-137,2026-09-18,3,Nova Scotia,63.5,-136.5,6.8,73.0,7.3,0.0,0.6588891693587335,0.0034599912,0.00010140445,0.00980392156862745,0.3529191012494266,433,0
63_-137,2026-09-19,4,Nova Scotia,63.5,-136.5,9.1,71.0,8.6,0.8,1.2200190188474334,0.0034599912,0.00010140445,0.00980392156862745,0.3529191012494266,431,0
63_-137,2026-09-20,5,Nova Scotia,63.5,-136.5,8.6,79.0,8.3,1.0,1.2187565305943555,0.0034599912,0.00010140445,0.00980392156862745,0.3529191012494266,440,0
63_-137,2026-09-21,6,Nova Scotia,63.5,-136.5,8.4,58.0,7.6,0.2,2.369279406558671,0.0041958042,0.00010140445,0.00980392156862745,0.4279720326885581,360,0
63_-137,2026-09-22,7,Nova Scotia,63.5,-136.5,5.1,84.0,3.1,1.2000000000000002,0.8138195428213615,0.0034599912,0.00010140445,0.00980392156862745,0.3529191012494266,457,0
63_-138,2026-09-15,0,Nova Scotia,63.5,-137.5,6.087054083701475,61.732327332212854,6.892868440082348,0.0,5.01685664187215,0.0034599912,0.0,0.0058823529411764705,0.5881985020823777,468,0
63_-138,2026-09-16,1,Nova Scotia,63.5,-137.5,4.5,95.0,0.4,5.0,0.006391574014008979,0.0034599912,0.0,0.0058823529411764705,0.5881985020823777,444,0
63_-138,2026-09-17,2,Nova Scotia,63.5,-137.5,6.9,73.0,5.1,0.7000000000000001,0.14963732549132644,0.0034599912,0.0,0.0058823529411764705,0.5881985020823777,449,0
63_-138,2026-09-18,3,Nova Scotia,63.5,-137.5,6.5,69.0,7.6,0.30000000000000004,0.700028643277477,0.0034599912,0.0,0.0058823529411764705,0.5881985020823777,434,0
63_-138,2026-09-19,4,Nova Scotia,63.5,-137.5,7.2,77.0,2.2,1.6,0.3530755010801572,0.0034599912,0.0,0.0058823529411764705,0.5881985020823777,432,0
63_-138,2026-09-20,5,Nova Scotia,63.5,-137.5,9.9,57.0,13.7,0.0,2.414063633088265,0.0034599912,0.0,0.0058823529411764705,0.5881985020823777,441,0
63_-138,2026-09-21,6,Nova Scotia,63.5,-137.5,7.5,55.0,8.0,0.0,2.9489716255660112,0.0034599912,0.0,0.0058823529411764705,0.5881985020823777,456,0
63_-138,2026-09-22,7,Nova Scotia,63.5,-137.5,3.2,88.0,2.6,2.8000000000000003,0.1502797974381301,0.0034599912,0.0,0.0058823529411764705,0.5881985020823777,458,0
63_-139,2026-09-15,0,Nova Scotia,63.5,-138.5,5.683899856744729,63.94570262200414,6.280216023179528,0.0007595428080685482,4.267800850706264,0.00510037,0.0,0.00784313725490196,0.6502971646841615,373,0
63_-139,2026-09-16,1,Nova Scotia,63.5,-138.5,8.6,80.0,8.8,4.1,0.30544818100846793,0.00510037,0.0,0.00784313725490196,0.6502971646841615,357,0
63_-139,2026-09-17,2,Nova Scotia,63.5,-138.5,6.9,86.0,5.0,0.6,0.4948635501433864,0.0034599912,0.0,0.00784313725490196,0.44114887656178325,450,0
63_-139,2026-09-18,3,Nova Scotia,63.5,-138.5,5.3,80.0,6.0,0.0,0.8728740258868918,0.0034599912,0.0,0.00784313725490196,0.44114887656178325,435,0
63_-139,2026-09-19,4,Nova Scotia,63.5,-138.5,7.0,82.0,5.6,2.2,0.3120413840838453,0.0034599912,0.0,0.00784313725490196,0.44114887656178325,433,0
63_-139,2026-09-20,5,Nova Scotia,63.5,-138.5,9.6,66.0,12.5,0.0,2.0659174635318314,0.0039100684,0.0,0.00784313725490196,0.49853372387588024,350,0
63_-139,2026-09-21,6,Nova Scotia,63.5,-138.5,6.0,75.0,6.4,0.30000000000000004,1.677013989138342,0.0034599912,0.0,0.00784313725490196,0.44114887656178325,457,0
63_-139,2026-09-22,7,Nova Scotia,63.5,-138.5,4.6,89.0,4.1,2.7,0.151569442988465,0.0034599912,0.0,0.00784313725490196,0.44114887656178325,459,0
63_-140,2026-09-15,0,Nova Scotia,63.5,-139.5,5.595993552143028,65.51316989595648,5.807749450916927,0.001469857093711967,4.217160467346051,0.0034599912,0.0,0.00392156862745098,0.8822977531235665,469,0
63_-140,2026-09-16,1,Nova Scotia,63.5,-139.5,8.5,79.0,6.5,4.1000000000000005,0.29114806084291284,0.0034599912,0.0,0.00392156862745098,0.8822977531235665,445,0
63_-140,2026-09-17,2,Nova Scotia,63.5,-139.5,6.8,78.0,4.8,0.0,0.7427299577732129,0.0034599912,0.0,0.00392156862745098,0.8822977531235665,451,0
63_-140,2026-09-18,3,Nova Scotia,63.5,-139.5,6.6,82.0,2.9,1.2000000000000002,0.5871378660509062,0.003292181,0.0,0.00392156862745098,0.8395061711780727,456,0
63_-140,2026-09-19,4,Nova Scotia,63.5,-139.5,7.1,80.0,8.8,0.5,1.966043723456766,0.003292181,0.0,0.00392156862745098,0.8395061711780727,451,0
63_-140,2026-09-20,5,Nova Scotia,63.5,-139.5,8.6,73.0,5.9,0.2,2.2979948446986227,0.003292181,0.0,0.00392156862745098,0.8395061711780727,455,0
63_-140,2026-09-21,6,Nova Scotia,63.5,-139.5,7.8,58.0,2.9,0.0,2.9200983647125502,0.0034599912,0.0,0.00392156862745098,0.8822977531235665,458,0
63_-140,2026-09-22,7,Nova Scotia,63.5,-139.5,6.0,78.0,2.0,0.1,3.0255640088658295,0.002782071,0.0,0.00392156862745098,0.7094281073659658,490,0
63_-141,2026-09-15,0,Nova Scotia,63.5,-140.5,5.837316579580871,73.09897017391793,5.8024736284092375,0.004381638767681145,6.497609350319749,0.0034599912,0.0,0.00392156862745098,0.8822977531235665,470,0
63_-141,2026-09-16,1,Nova Scotia,63.5,-140.5,9.2,79.0,14.0,8.7,0.19569857013961264,0.0034599912,0.0,0.00392156862745098,0.8822977531235665,446,0
63_-141,2026-09-17,2,Nova Scotia,63.5,-140.5,8.2,70.0,10.8,0.0,2.3168050771028192,0.003292181,0.0,0.00392156862745098,0.8395061711780727,468,0
63_-141,2026-09-18,3,Nova Scotia,63.5,-140.5,6.5,77.0,10.3,0.6,3.6464009459144267,0.0020446682,0.0,0.00392156862745098,0.5213903880212456,527,0
63_-141,2026-09-19,4,Nova Scotia,63.5,-140.5,6.0,91.0,9.3,1.1,2.5227224258517564,0.0020446682,0.0,0.00392156862745098,0.5213903880212456,524,0
63_-141,2026-09-20,5,Nova Scotia,63.5,-140.5,7.2,74.0,3.1,0.30000000000000004,2.4844540338584804,0.0022243848,0.0,0.00392156862745098,0.5672181257978082,479,0
63_-141,2026-09-21,6,Nova Scotia,63.5,-140.5,7.9,64.0,0.8,0.0,2.8090226793281348,0.003292181,0.0,0.00392156862745098,0.8395061711780727,475,0
63_-141,2026-09-22,7,Nova Scotia,63.5,-140.5,6.3,66.0,2.5,0.0,4.038358944250541,0.003292181,0.0,0.00392156862745098,0.8395061711780727,477,0
64_-114,2026-09-15,0,Northwest Territories,64.5,-113.5,3.2470587561131614,78.53874958253256,17.500777578348572,1.5508844241804258,0.9129363848004216,0.0,0.0,0.0,,760,0
64_-114,2026-09-16,1,Northwest Territories,64.5,-113.5,0.9,64.0,6.6,0.8,0.5639896694158686,0.0,0.0,0.0,,760,0
64_-114,2026-09-17,2,Northwest Territories,64.5,-113.5,3.9,98.0,11.6,3.1999999999999997,0.016112526593477953,0.0,0.0,0.0,,760,0
64_-114,2026-09-18,3,Northwest Territories,64.5,-113.5,6.4,77.0,13.1,4.2,0.01254191291344908,0.0,0.0,0.0,,748,0
64_-114,2026-09-19,4,Northwest Territories,64.5,-113.5,7.0,87.0,15.0,0.0,0.11939679358686484,0.0,0.0,0.0,,751,0
64_-114,2026-09-20,5,Northwest Territories,64.5,-113.5,10.9,82.0,9.3,2.6,0.04998094585520091,0.0,0.0,0.0,,753,0
64_-114,2026-09-21,6,Northwest Territories,64.5,-113.5,10.8,69.0,15.5,0.0,0.4605395451186335,0.00038029242,0.0,0.0,,730,0
64_-114,2026-09-22,7,Northwest Territories,64.5,-113.5,10.5,70.0,1.0,0.0,0.3073487774105231,0.00038029242,0.0,0.0,,729,0
64_-115,2026-09-15,0,Northwest Territories,64.5,-114.5,3.4223440972689323,77.60515180613737,16.713002205956467,1.7603719559806146,0.8604633533577374,0.00038029242,0.0,0.0,,731,0
64_-115,2026-09-16,1,Northwest Territories,64.5,-114.5,2.0,63.0,5.1,1.7000000000000002,0.3144048034749816,0.00038029242,0.0,0.0,,729,0
64_-115,2026-09-17,2,Northwest Territories,64.5,-114.5,4.7,98.0,7.5,4.2,0.0009614086107666818,0.00038029242,0.0,0.0,,730,0
64_-115,2026-09-18,3,Northwest Territories,64.5,-114.5,7.2,77.0,12.7,2.5,0.015983369013147085,0.0,0.0,0.0,,749,0
64_-115,2026-09-19,4,Northwest Territories,64.5,-114.5,8.1,83.0,17.5,0.1,0.22902273148835228,0.0,0.0,0.0,,752,0
64_-115,2026-09-20,5,Northwest Territories,64.5,-114.5,10.8,85.0,9.4,1.6,0.14102491321601554,0.0,0.0,0.0,,754,0
64_-115,2026-09-21,6,Northwest Territories,64.5,-114.5,11.4,67.0,15.2,0.30000000000000004,0.5973584193181167,0.00038029242,0.0,0.0,,731,0
64_-115,2026-09-22,7,Northwest Territories,64.5,-114.5,10.3,76.0,2.3,0.0,0.39328034378553917,0.00038029242,0.0,0.0,,730,0
64_-116,2026-09-15,0,Northwest Territories,64.5,-115.5,3.5631175137411155,71.32951853115235,17.084796782368674,2.41976367763947,0.5080641063745363,0.0015167142,0.0,0.00392156862745098,0.3867621277458966,605,0
64_-116,2026-09-16,1,Northwest Territories,64.5,-115.5,3.1,57.0,7.3,2.0,0.227639618489379,0.0015167142,0.0,0.00392156862745098,0.3867621277458966,596,0
64_-116,2026-09-17,2,Northwest Territories,64.5,-115.5,4.9,98.0,5.3,4.6,0.00027779014463468697,0.0015167142,0.0,0.00392156862745098,0.3867621277458966,587,0
64_-116,2026-09-18,3,Northwest Territories,64.5,-115.5,6.8,80.0,9.4,1.9000000000000001,0.0057573909867243275,0.0015167142,0.0,0.00392156862745098,0.3867621277458966,565,0
64_-116,2026-09-19,4,Northwest Territories,64.5,-115.5,7.9,84.0,18.0,0.0,0.1374172862228554,0.0015167142,0.0,0.00392156862745098,0.3867621277458966,577,0
64_-116,2026-09-20,5,Northwest Territories,64.5,-115.5,11.4,79.0,9.8,2.3000000000000003,0.07908293753799718,0.0020446682,0.0,0.00392156862745098,0.5213903880212456,531,0
64_-116,2026-09-21,6,Northwest Territories,64.5,-115.5,11.8,62.0,13.6,1.5,0.3477087304581015,0.0020446682,0.00010140445,0.00392156862745098,0.5213903880212456,547,0
64_-116,2026-09-22,7,Northwest Territories,64.5,-115.5,10.6,70.0,0.6,0.0,0.2607992990279275,0.0022243848,0.00010140445,0.00392156862745098,0.5672181257978082,508,0
64_-117,2026-09-15,0,Northwest Territories,64.5,-116.5,3.7578403882158398,67.25578009428048,16.718512695797926,3.0812088393224,0.3013448685354103,0.00038029242,0.0,0.0,,732,0
64_-117,2026-09-16,1,Northwest Territories,64.5,-116.5,3.9,56.0,11.0,1.1,0.4155960697364386,0.00038029242,0.0,0.0,,730,0
64_-117,2026-09-17,2,Northwest Territories,64.5,-116.5,5.3,98.0,8.9,5.1000000000000005,0.00046589157153012267,0.00038029242,0.0,0.0,,731,0
64_-117,2026-09-18,3,Northwest Territories,64.5,-116.5,6.8,83.0,9.0,0.30000000000000004,0.01922459947965124,0.0,0.0,0.0,,750,0
64_-117,2026-09-19,4,Northwest Territories,64.5,-116.5,8.7,79.0,16.1,0.0,0.27801793407577746,0.00038029242,0.0,0.0,,725,0
64_-117,2026-09-20,5,Northwest Territories,64.5,-116.5,11.3,76.0,10.4,1.4,0.30899586783604144,0.00038029242,0.0,0.0,,727,0
64_-117,2026-09-21,6,Northwest Territories,64.5,-116.5,12.1,58.0,12.9,0.8999999999999999,0.6458170479923693,0.00038029242,0.0,0.0,,732,0
64_-117,2026-09-22,7,Northwest Territories,64.5,-116.5,9.8,73.0,3.4,0.0,0.5225882230446244,0.00038029242,0.0,0.0,,731,0
64_-118,2026-09-15,0,Northwest Territories,64.5,-117.5,4.0624442701945975,66.09905170575868,15.154729522480679,3.3997479642038204,0.25736392092462956,0.0015167142,0.0,0.00196078431372549,0.7735242554917932,606,0
64_-118,2026-09-16,1,Northwest Territories,64.5,-117.5,4.7,62.0,15.7,1.6,0.40610069283341177,0.0015167142,0.0,0.00196078431372549,0.7735242554917932,597,0
64_-118,2026-09-17,2,Northwest Territories,64.5,-117.5,6.3,91.0,12.2,3.9,0.009942328592637847,0.0015167142,0.0,0.00196078431372549,0.7735242554917932,588,0
64_-118,2026-09-18,3,Northwest Territories,64.5,-117.5,8.1,79.0,7.9,0.4,0.09833823012307757,0.0015167142,0.0,0.00196078431372549,0.7735242554917932,566,0
64_-118,2026-09-19,4,Northwest Territories,64.5,-117.5,8.3,89.0,22.6,0.3,0.4759148211762304,0.0015167142,0.0,0.00196078431372549,0.7735242554917932,578,0
64_-118,2026-09-20,5,Northwest Territories,64.5,-117.5,10.4,84.0,12.7,0.2,0.43822609600693097,0.0015167142,0.0,0.00196078431372549,0.7735242554917932,580,0
64_-118,2026-09-21,6,Northwest Territories,64.5,-117.5,12.6,59.0,9.6,0.9,0.5749101291896853,0.0020446682,0.0,0.00196078431372549,1.0427807760424912,548,0
64_-118,2026-09-22,7,Northwest Territories,64.5,-117.5,8.7,85.0,6.2,0.0,0.5438265014941048,0.0015167142,0.0,0.00196078431372549,0.7735242554917932,595,0
64_-119,2026-09-15,0,Northwest Territories,64.5,-118.5,4.09649255972987,65.21055423742068,15.65857585640231,3.272824449959991,0.2955446711994234,0.0006170935,0.0,0.00196078431372549,0.31471769674681127,698,0
64_-119,2026-09-16,1,Northwest Territories,64.5,-118.5,4.6,55.0,15.7,0.1,0.6711247851385519,0.0007248675,0.0,0.00196078431372549,0.3696824301732704,676,0
64_-119,2026-09-17,2,Northwest Territories,64.5,-118.5,6.7,87.0,12.3,5.2,0.015708466458299097,0.0007248675,0.0,0.00196078431372549,0.3696824301732704,676,0
64_-119,2026-09-18,3,Northwest Territories,64.5,-118.5,7.4,80.0,9.7,0.4,0.131775204164559,0.00038029242,0.0,0.00196078431372549,0.19394913339056075,715,0
64_-119,2026-09-19,4,Northwest Territories,64.5,-118.5,7.7,89.0,21.0,0.1,0.4792804218355501,0.00038029242,0.0,0.00196078431372549,0.19394913339056075,726,0
64_-119,2026-09-20,5,Northwest Territories,64.5,-118.5,13.7,69.0,8.5,0.0,0.47656388976456515,0.0007248675,0.0,0.00196078431372549,0.3696824301732704,656,0
64_-119,2026-09-21,6,Northwest Territories,64.5,-118.5,12.5,56.0,12.7,0.30000000000000004,1.7346663874533175,0.0007248675,0.0,0.00196078431372549,0.3696824301732704,669,0
64_-119,2026-09-22,7,Northwest Territories,64.5,-118.5,7.7,87.0,5.7,0.0,0.8039140159190715,0.0007248675,0.0,0.00196078431372549,0.3696824301732704,667,0
64_-120,2026-09-15,0,Northwest Territories,64.5,-119.5,4.136280344054975,64.78172048635957,16.157596848681116,3.027842161023534,0.3768835934601026,0.0007248675,0.0,0.00196078431372549,0.3696824301732704,681,0
64_-120,2026-09-16,1,Northwest Territories,64.5,-119.5,4.2,57.0,15.6,0.0,0.6926860834183313,0.0007248675,0.0,0.00196078431372549,0.3696824301732704,677,0
64_-120,2026-09-17,2,Northwest Territories,64.5,-119.5,5.8,94.0,16.0,5.8,0.0032908855276926096,0.0007248675,0.0,0.00196078431372549,0.3696824301732704,677,0
64_-120,2026-09-18,3,Northwest Territories,64.5,-119.5,6.5,83.0,6.7,0.4,0.03241800538570243,0.0007248675,0.0,0.00196078431372549,0.3696824301732704,649,0
64_-120,2026-09-19,4,Northwest Territories,64.5,-119.5,7.9,92.0,11.6,0.0,0.11557781751872272,0.0007248675,0.0,0.00196078431372549,0.3696824301732704,658,0
64_-120,2026-09-20,5,Northwest Territories,64.5,-119.5,11.5,70.0,6.3,0.0,0.3123855166971907,0.0007248675,0.0,0.00196078431372549,0.3696824301732704,657,0
64_-120,2026-09-21,6,Northwest Territories,64.5,-119.5,12.9,50.0,8.4,0.0,0.7505641729892378,0.0015167142,0.0,0.00196078431372549,0.7735242554917932,590,0
64_-120,2026-09-22,7,Northwest Territories,64.5,-119.5,8.6,76.0,4.4,0.0,0.7196447572369318,0.0015167142,0.0,0.00196078431372549,0.7735242554917932,596,0
64_-121,2026-09-15,0,Northwest Territories,64.5,-120.5,3.9481510876721457,66.40500407846672,13.211559691026826,2.3522844785884307,0.5458435101626191,0.0006170935,0.0,0.00196078431372549,0.31471769674681127,699,0
64_-121,2026-09-16,1,Northwest Territories,64.5,-120.5,5.4,55.0,19.5,0.0,0.8952813413831617,0.0007248675,0.0,0.00196078431372549,0.3696824301732704,678,0
64_-121,2026-09-17,2,Northwest Territories,64.5,-120.5,7.6,88.0,9.3,7.0,0.004417499070715769,0.0007248675,0.0,0.00196078431372549,0.3696824301732704,678,0
64_-121,2026-09-18,3,Northwest Territories,64.5,-120.5,7.1,82.0,5.9,1.6,0.01286991989284742,0.00038029242,0.0,0.00196078431372549,0.19394913339056075,716,0
64_-121,2026-09-19,4,Northwest Territories,64.5,-120.5,11.6,62.0,17.2,0.0,0.4722749704150714,0.0007248675,0.0,0.00196078431372549,0.3696824301732704,659,0
64_-121,2026-09-20,5,Northwest Territories,64.5,-120.5,14.2,54.0,12.6,0.0,0.8759441250545581,0.0015167142,0.0,0.00196078431372549,0.7735242554917932,581,0
64_-121,2026-09-21,6,Northwest Territories,64.5,-120.5,13.1,48.0,7.7,0.0,2.3408666642571996,0.0015167142,0.0,0.00196078431372549,0.7735242554917932,591,0
64_-121,2026-09-22,7,Northwest Territories,64.5,-120.5,10.8,70.0,3.2,0.0,1.8454204018077698,0.0015167142,0.0,0.00196078431372549,0.7735242554917932,597,0
64_-122,2026-09-15,0,Northwest Territories,64.5,-121.5,4.435652756325652,66.98430754397253,8.469742240743297,1.3664018182558475,0.8085501889731714,0.0,0.0,0.0,,761,0
64_-122,2026-09-16,1,Northwest Territories,64.5,-121.5,5.8,58.0,22.5,0.2,2.356990372548292,0.00038029242,0.0,0.0,,731,0
64_-122,2026-09-17,2,Northwest Territories,64.5,-121.5,8.2,88.0,5.2,5.7,0.007525016855817529,0.00038029242,0.0,0.0,,732,0
64_-122,2026-09-18,3,Northwest Territories,64.5,-121.5,6.6,88.0,7.1,2.9,0.0019296864398549987,0.0,0.0,0.0,,751,0
64_-122,2026-09-19,4,Northwest Territories,64.5,-121.5,11.7,62.0,18.8,0.0,0.40114858911921436,0.00038029242,0.0,0.0,,727,0
64_-122,2026-09-20,5,Northwest Territories,64.5,-121.5,13.1,60.0,14.1,0.0,0.71154242755334,0.00038029242,0.0,0.0,,728,0
64_-122,2026-09-21,6,Northwest Territories,64.5,-121.5,13.4,48.0,6.0,0.0,1.3970281383107543,0.0007248675,0.0,0.0,,670,0
64_-122,2026-09-22,7,Northwest Territories,64.5,-121.5,8.0,84.0,2.3,0.0,0.8089311517055054,0.00038029242,0.0,0.0,,732,0
64_-123,2026-09-15,0,Northwest Territories,64.5,-122.5,4.365020133116271,67.87287696569655,8.50678183263416,1.4665828248398547,0.7562093095239814,0.00038029242,0.0,0.0,,733,0
64_-123,2026-09-16,1,Northwest Territories,64.5,-122.5,5.4,70.0,16.5,0.0,0.8418494552683631,0.00038029242,0.0,0.0,,732,0
64_-123,2026-09-17,2,Northwest Territories,64.5,-122.5,10.0,84.0,6.7,4.6,0.03038830935828626,0.00038029242,0.0,0.0,,733,0
64_-123,2026-09-18,3,Northwest Territories,64.5,-122.5,8.7,85.0,4.3,1.6999999999999997,0.024930789271096356,0.0,0.0,0.0,,752,0
64_-123,2026-09-19,4,Northwest Territories,64.5,-122.5,12.8,63.0,7.9,0.0,0.3168222098023908,0.00038029242,0.0,0.0,,728,0
64_-123,2026-09-20,5,Northwest Territories,64.5,-122.5,14.4,61.0,9.4,0.0,0.6673410807343719,0.00038029242,0.0,0.0,,729,0
64_-123,2026-09-21,6,Northwest Territories,64.5,-122.5,14.8,46.0,8.1,0.0,2.61406945559627,0.0007248675,0.0,0.0,,671,0
64_-123,2026-09-22,7,Northwest Territories,64.5,-122.5,5.7,95.0,5.6,0.0,0.7857809070658246,0.00038029242,0.0,0.0,,733,0
64_-124,2026-09-15,0,Northwest Territories,64.5,-123.5,4.367755153336564,71.0188068739659,7.636257860497091,1.9216132930292658,0.4715360866826344,0.00038029242,0.0,0.0,,734,0
64_-124,2026-09-16,1,Northwest Territories,64.5,-123.5,4.1,72.0,15.7,0.0,0.628787922082882,0.00038029242,0.0,0.0,,733,0
64_-124,2026-09-17,2,Northwest Territories,64.5,-123.5,10.7,68.0,10.0,2.4,0.3061311142502247,0.0007248675,0.0,0.0,,679,0
64_-124,2026-09-18,3,Northwest Territories,64.5,-123.5,9.6,67.0,8.2,2.3000000000000003,0.20253043495693027,0.0007248675,0.0,0.0,,650,0
64_-124,2026-09-19,4,Northwest Territories,64.5,-123.5,12.5,57.0,6.4,0.0,0.43146551204690753,0.0007248675,0.0,0.0,,660,0
64_-124,2026-09-20,5,Northwest Territories,64.5,-123.5,13.9,55.0,10.6,0.0,1.5924456158315028,0.0007248675,0.0,0.0,,658,0
64_-124,2026-09-21,6,Northwest Territories,64.5,-123.5,13.6,40.0,14.9,0.0,5.9547583865981615,0.0015167142,0.0,0.0,,592,0
64_-124,2026-09-22,7,Northwest Territories,64.5,-123.5,4.9,93.0,6.4,0.0,1.042303815255981,0.0007248675,0.0,0.0,,668,0
64_-125,2026-09-15,0,Yukon,64.5,-124.5,4.369225858080826,72.83897571468287,7.106473011580317,2.204822432070252,0.29236626721526937,0.003292181,0.0,0.0058823529411764705,0.5596707807853818,489,0
64_-125,2026-09-16,1,Yukon,64.5,-124.5,6.4,62.0,19.4,0.0,0.773730970408709,0.003292181,0.0,0.0058823529411764705,0.5596707807853818,467,0
64_-125,2026-09-17,2,Yukon,64.5,-124.5,8.6,86.0,7.8,2.6,0.10419209011115096,0.0034599912,0.0,0.0058823529411764705,0.5881985020823777,452,0
64_-125,2026-09-18,3,Yukon,64.5,-124.5,8.0,82.0,13.2,1.7999999999999998,0.1302526228166856,0.0022243848,0.0,0.0058823529411764705,0.3781454171985388,482,0
64_-125,2026-09-19,4,Yukon,64.5,-124.5,11.4,61.0,12.9,0.0,0.47785157450672666,0.0034599912,0.0,0.0058823529411764705,0.5881985020823777,434,0
64_-125,2026-09-20,5,Yukon,64.5,-124.5,14.2,51.0,15.4,0.0,2.1961114409421962,0.0034599912,0.0,0.0058823529411764705,0.5881985020823777,442,0
64_-125,2026-09-21,6,Yukon,64.5,-124.5,11.4,50.0,11.0,0.0,3.2751471125100005,0.0034599912,0.0,0.0058823529411764705,0.5881985020823777,459,0
64_-125,2026-09-22,7,Yukon,64.5,-124.5,9.7,57.0,8.1,0.0,3.1136228504228756,0.0034599912,0.0,0.0058823529411764705,0.5881985020823777,460,0
64_-126,2026-09-15,0,Yukon,64.5,-125.5,5.422242124547862,67.76762781283797,6.210532219266088,2.0569424099122973,0.322553017562236,0.0034599912,0.00010140445,0.00784313725490196,0.44114887656178325,471,0
64_-126,2026-09-16,1,Yukon,64.5,-125.5,5.9,67.0,16.4,0.0,0.8257938909447531,0.0034599912,0.00010140445,0.00784313725490196,0.44114887656178325,447,0
64_-126,2026-09-17,2,Yukon,64.5,-125.5,12.2,71.0,2.5,2.6,0.17427453865427864,0.00510037,0.00010140445,0.00784313725490196,0.6502971646841615,345,0
64_-126,2026-09-18,3,Yukon,64.5,-125.5,10.1,72.0,8.2,2.6,0.14135963600107823,0.0034599912,0.00013172916,0.00784313725490196,0.44114887656178325,436,0
64_-126,2026-09-19,4,Yukon,64.5,-125.5,14.4,51.0,8.7,0.0,0.5549656355862033,0.005107495,0.00013172916,0.00784313725490196,0.6512056128121912,313,0
64_-126,2026-09-20,5,Yukon,64.5,-125.5,13.6,53.0,12.6,0.0,2.452271681842782,0.00510037,0.00013172916,0.00784313725490196,0.6502971646841615,345,0
64_-126,2026-09-21,6,Yukon,64.5,-125.5,12.1,54.0,7.6,0.0,2.9847184396926316,0.00510037,0.00013172916,0.00784313725490196,0.6502971646841615,358,0
64_-126,2026-09-22,7,Yukon,64.5,-125.5,6.7,89.0,4.3,0.30000000000000004,0.9915300401868482,0.0034599912,0.00010140445,0.00784313725490196,0.44114887656178325,461,0
64_-127,2026-09-15,0,Yukon,64.5,-126.5,6.030395401616837,63.68149394904705,6.017321504237307,1.8223959631364557,0.432959140435824,0.0007248675,0.0,0.00196078431372549,0.3696824301732704,682,0
64_-127,2026-09-16,1,Yukon,64.5,-126.5,5.7,63.0,8.9,0.0,0.6901619161637661,0.0007248675,0.0,0.00196078431372549,0.3696824301732704,679,0
64_-127,2026-09-17,2,Yukon,64.5,-126.5,8.7,79.0,4.0,5.8,0.0166550074072933,0.0007248675,0.0,0.00196078431372549,0.3696824301732704,680,0
64_-127,2026-09-18,3,Yukon,64.5,-126.5,7.4,77.0,5.2,4.3,0.003707239996014594,0.00038029242,0.0,0.00196078431372549,0.19394913339056075,717,0
64_-127,2026-09-19,4,Yukon,64.5,-126.5,9.8,62.0,6.2,0.0,0.1549247906747561,0.0007248675,0.0,0.00196078431372549,0.3696824301732704,661,0
64_-127,2026-09-20,5,Yukon,64.5,-126.5,9.4,66.0,10.0,0.0,0.4494636261124293,0.0007248675,0.0,0.00196078431372549,0.3696824301732704,659,0
64_-127,2026-09-21,6,Yukon,64.5,-126.5,9.5,50.0,10.3,0.0,0.8815181248353962,0.0007248675,0.0,0.00196078431372549,0.3696824301732704,672,0
64_-127,2026-09-22,7,Yukon,64.5,-126.5,9.0,66.0,2.0,0.6000000000000001,0.6539675503075973,0.0007248675,0.0,0.00196078431372549,0.3696824301732704,669,0
64_-135,2026-09-15,0,Nova Scotia,64.5,-134.5,7.7,50.0,5.4,0.0,6.4,0.0007248675,0.0,0.0,,683,0
64_-135,2026-09-16,1,Nova Scotia,64.5,-134.5,-0.5,98.0,6.9,5.9,0.003840579142351834,0.0006170935,0.0,0.0,,695,0
64_-135,2026-09-17,2,Nova Scotia,64.5,-134.5,1.0,92.0,6.2,2.3,0.0010322872529485306,0.00038029242,0.0,0.0,,734,0
64_-135,2026-09-18,3,Nova Scotia,64.5,-134.5,2.3,81.0,9.1,0.1,0.04199162332908192,0.00038029242,0.0,0.0,,718,0
64_-135,2026-09-19,4,Nova Scotia,64.5,-134.5,2.1,95.0,13.4,3.3,0.00131276071006746,0.00038029242,0.0,0.0,,729,0
64_-135,2026-09-20,5,Nova Scotia,64.5,-134.5,2.3,92.0,19.1,1.4,0.007131704882805242,0.00038029242,0.0,0.0,,730,0
64_-135,2026-09-21,6,Nova Scotia,64.5,-134.5,1.5,78.0,14.4,4.4,0.004569810603108516,0.00038029242,0.0,0.0,,733,0
64_-135,2026-09-22,7,Nova Scotia,64.5,-134.5,0.3,91.0,5.0,0.6000000000000001,0.010348304762840875,0.00038029242,0.0,0.0,,734,0
64_-136,2026-09-15,0,Nova Scotia,64.5,-135.5,7.099339416103231,52.77227961798509,5.330693009550373,0.0,5.360395143255593,0.0020446682,0.0,0.00196078431372549,1.0427807760424912,558,0
64_-136,2026-09-16,1,Nova Scotia,64.5,-135.5,2.1,97.0,5.6,6.7,0.0019481101946856496,0.0015167142,0.0,0.00196078431372549,0.7735242554917932,598,0
64_-136,2026-09-17,2,Nova Scotia,64.5,-135.5,4.8,70.0,11.5,0.4,0.20957286295754537,0.0007248675,0.0,0.00196078431372549,0.3696824301732704,681,0
64_-136,2026-09-18,3,Nova Scotia,64.5,-135.5,4.8,75.0,6.4,0.0,0.5557890616090206,0.0007248675,0.0,0.00196078431372549,0.3696824301732704,651,0
64_-136,2026-09-19,4,Nova Scotia,64.5,-135.5,4.8,85.0,14.0,3.5,0.08617372568145056,0.0007248675,0.0,0.00196078431372549,0.3696824301732704,662,0
64_-136,2026-09-20,5,Nova Scotia,64.5,-135.5,4.2,95.0,10.6,1.0,0.06865954948143571,0.0007248675,0.0,0.00196078431372549,0.3696824301732704,660,0
64_-136,2026-09-21,6,Nova Scotia,64.5,-135.5,4.4,69.0,13.9,4.1000000000000005,0.05471219077742192,0.0007248675,0.0,0.00196078431372549,0.3696824301732704,673,0
64_-136,2026-09-22,7,Nova Scotia,64.5,-135.5,1.8,89.0,4.8,0.6000000000000001,0.0819607590211263,0.0007248675,0.0,0.00196078431372549,0.3696824301732704,670,0
64_-137,2026-09-15,0,Nova Scotia,64.5,-136.5,6.542279881869422,56.65464997599138,5.886590061198589,0.0,4.878075847859488,0.0007248675,0.0,0.0,,684,0
64_-137,2026-09-16,1,Nova Scotia,64.5,-136.5,0.1,99.0,9.4,6.2,0.002022759465571176,0.00038029242,0.0,0.0,,734,0
64_-137,2026-09-17,2,Nova Scotia,64.5,-136.5,0.3,82.0,10.5,1.4000000000000001,0.018460461755733203,0.00038029242,0.0,0.0,,735,0
64_-137,2026-09-18,3,Nova Scotia,64.5,-136.5,1.7,81.0,12.3,0.0,0.21580731326006905,0.00038029242,0.0,0.0,,719,0
64_-137,2026-09-19,4,Nova Scotia,64.5,-136.5,0.7,96.0,14.6,2.6,0.010613014051241758,0.00038029242,0.0,0.0,,730,0
64_-137,2026-09-20,5,Nova Scotia,64.5,-136.5,1.6,93.0,20.0,1.3,0.02441243245424759,0.00038029242,0.0,0.0,,731,0
64_-137,2026-09-21,6,Nova Scotia,64.5,-136.5,0.4,82.0,17.7,2.9,0.018985324629994343,0.00038029242,0.0,0.0,,734,0
64_-137,2026-09-22,7,Nova Scotia,64.5,-136.5,-0.1,88.0,6.8,1.1,0.022087593737877307,0.00038029242,0.0,0.0,,735,0
64_-138,2026-09-15,0,Nova Scotia,64.5,-137.5,5.921846636169905,59.361541880747026,5.740918039569459,0.0,3.7466923938842047,0.0034599912,0.0,0.0058823529411764705,0.5881985020823777,472,0
64_-138,2026-09-16,1,Nova Scotia,64.5,-137.5,1.7,90.0,11.6,5.6000000000000005,0.02374142994159168,0.002782071,0.0,0.0058823529411764705,0.47295207157731056,479,0
64_-138,2026-09-17,2,Nova Scotia,64.5,-137.5,1.1,78.0,15.6,0.4,0.32885527376683465,0.0022243848,0.0,0.0058823529411764705,0.3781454171985388,497,0
64_-138,2026-09-18,3,Nova Scotia,64.5,-137.5,3.2,68.0,15.0,0.0,0.9876220306075407,0.0020446682,0.0,0.0058823529411764705,0.34759359201416373,528,0
64_-138,2026-09-19,4,Nova Scotia,64.5,-137.5,1.1,90.0,17.5,4.3,0.026486447668687685,0.0020446682,0.0,0.0058823529411764705,0.34759359201416373,525,0
64_-138,2026-09-20,5,Nova Scotia,64.5,-137.5,1.8,92.0,21.5,1.9000000000000001,0.020897456546824972,0.0022243848,0.0,0.0058823529411764705,0.3781454171985388,480,0
64_-138,2026-09-21,6,Nova Scotia,64.5,-137.5,1.0,80.0,13.8,1.4,0.06679046216228378,0.0022243848,0.0,0.0058823529411764705,0.3781454171985388,495,0
64_-138,2026-09-22,7,Nova Scotia,64.5,-137.5,1.0,79.0,5.2,0.1,0.16431784185845094,0.002782071,0.0,0.0058823529411764705,0.47295207157731056,491,0
64_-139,2026-09-15,0,Nova Scotia,64.5,-138.5,5.3873380046312365,61.261096063828745,5.410896075692625,0.0,2.6130976338175027,0.0020446682,0.0,0.00392156862745098,0.5213903880212456,559,0
64_-139,2026-09-16,1,Nova Scotia,64.5,-138.5,-2.2,99.0,6.4,11.8,3.7851924257877414e-05,0.0020446682,0.0,0.00392156862745098,0.5213903880212456,543,0
64_-139,2026-09-17,2,Nova Scotia,64.5,-138.5,-3.1,96.0,10.2,3.2,4.957275527944373e-06,0.0020446682,0.0,0.00392156862745098,0.5213903880212456,535,0
64_-139,2026-09-18,3,Nova Scotia,64.5,-138.5,-2.7,96.0,7.5,0.0,1.935754455406715e-05,0.0020446682,0.0,0.00392156862745098,0.5213903880212456,529,0
64_-139,2026-09-19,4,Nova Scotia,64.5,-138.5,-2.2,98.0,13.4,3.3,1.4319908328167875e-06,0.0020446682,0.0,0.00392156862745098,0.5213903880212456,526,0
64_-139,2026-09-20,5,Nova Scotia,64.5,-138.5,-1.7,100.0,12.4,4.199999999999999,2.971279707077175e-08,0.0020446682,0.0,0.00392156862745098,0.5213903880212456,532,0
64_-139,2026-09-21,6,Nova Scotia,64.5,-138.5,-2.4,90.0,10.9,0.49999999999999994,2.9552158393481903e-06,0.0020446682,0.0,0.00392156862745098,0.5213903880212456,549,0
64_-139,2026-09-22,7,Nova Scotia,64.5,-138.5,-2.4,86.0,4.9,0.0,7.618762817800489e-05,0.0020446682,0.0,0.00392156862745098,0.5213903880212456,553,0
64_-140,2026-09-15,0,Nova Scotia,64.5,-139.5,5.1,62.00000000000001,5.1,0.0,1.8999999999999997,0.0034599912,0.0,0.00392156862745098,0.8822977531235665,473,0
64_-140,2026-09-16,1,Nova Scotia,64.5,-139.5,5.9,99.0,5.9,13.0,2.328661423800419e-05,0.0034599912,0.0,0.00392156862745098,0.8822977531235665,448,0
64_-140,2026-09-17,2,Nova Scotia,64.5,-139.5,5.2,97.0,9.6,7.6,2.3362288066927997e-07,0.0034599912,0.0,0.00392156862745098,0.8822977531235665,453,0
64_-140,2026-09-18,3,Nova Scotia,64.5,-139.5,8.5,71.0,9.3,1.4,0.0027051617047405374,0.0034599912,0.0,0.00392156862745098,0.8822977531235665,437,0
64_-140,2026-09-19,4,Nova Scotia,64.5,-139.5,5.9,99.0,12.7,2.8,5.104180301206783e-05,0.003292181,0.0,0.00392156862745098,0.8395061711780727,452,0
64_-140,2026-09-20,5,Nova Scotia,64.5,-139.5,7.0,98.0,13.7,3.1999999999999997,2.9341254228186977e-06,0.002782071,0.0,0.00392156862745098,0.7094281073659658,462,0
64_-140,2026-09-21,6,Nova Scotia,64.5,-139.5,6.8,77.0,11.1,0.7,0.0034298067902879463,0.002782071,0.0,0.00392156862745098,0.7094281073659658,480,0
64_-140,2026-09-22,7,Nova Scotia,64.5,-139.5,5.9,90.0,4.0,1.2000000000000002,0.004388059668760935,0.002782071,0.0,0.00392156862745098,0.7094281073659658,492,0
64_-141,2026-09-15,0,Nova Scotia,64.5,-140.5,5.362606734738328,65.84062349554806,5.182064604605727,0.0016412920921145518,3.4592274875088243,0.006459243,0.00013172916,0.011764705882352941,0.5490356660448015,302,0
64_-141,2026-09-16,1,Nova Scotia,64.5,-140.5,5.9,94.0,5.0,8.9,0.0011975397420950034,0.00510037,0.0,0.011764705882352941,0.43353144312277436,358,0
64_-141,2026-09-17,2,Nova Scotia,64.5,-140.5,6.3,97.0,4.6,9.6,3.5087912159396207e-07,0.00510037,0.0,0.011764705882352941,0.43353144312277436,346,0
64_-141,2026-09-18,3,Nova Scotia,64.5,-140.5,8.0,72.0,5.0,0.6000000000000001,0.0018289554731217572,0.0034599912,0.00010140445,0.011764705882352941,0.29409925104118884,438,0
64_-141,2026-09-19,4,Nova Scotia,64.5,-140.5,8.1,87.0,4.3,0.9,0.014373260336740615,0.0034599912,0.00010140445,0.011764705882352941,0.29409925104118884,435,0
64_-141,2026-09-20,5,Nova Scotia,64.5,-140.5,6.2,91.0,3.5,0.8,0.030849559854312408,0.0034599912,0.00010140445,0.011764705882352941,0.29409925104118884,443,0
64_-141,2026-09-21,6,Nova Scotia,64.5,-140.5,6.0,82.0,2.0,3.3,0.0033322677172735534,0.0034599912,0.0,0.011764705882352941,0.29409925104118884,460,0
64_-141,2026-09-22,7,Nova Scotia,64.5,-140.5,4.0,87.0,1.6,1.5,0.0039600131513501955,0.0034599912,0.0,0.011764705882352941,0.29409925104118884,462,0
65_-117,2026-09-15,0,Northwest Territories,65.5,-116.5,3.5216643930426867,70.24676059488515,16.833614303729306,2.8959108254619497,0.3379678735738383,0.0015167142,0.0,0.00392156862745098,0.3867621277458966,607,0
65_-117,2026-09-16,1,Northwest Territories,65.5,-116.5,2.5,63.0,13.8,0.1,0.5692383258425187,0.0015167142,0.0,0.00392156862745098,0.3867621277458966,599,0
65_-117,2026-09-17,2,Northwest Territories,65.5,-116.5,3.8,98.0,7.0,3.4,0.005732758083495685,0.0015167142,0.0,0.00392156862745098,0.3867621277458966,589,0
65_-117,2026-09-18,3,Northwest Territories,65.5,-116.5,6.0,71.0,11.4,1.0,0.11616860456425443,0.0012195122,0.0,0.00392156862745098,0.31097561004571617,579,0
65_-117,2026-09-19,4,Northwest Territories,65.5,-116.5,6.8,83.0,23.5,0.0,0.6179138631198284,0.0015167142,0.0,0.00392156862745098,0.3867621277458966,579,0
65_-117,2026-09-20,5,Northwest Territories,65.5,-116.5,8.6,88.0,10.4,3.0,0.040907369928529176,0.0015167142,0.0,0.00392156862745098,0.3867621277458966,582,0
65_-117,2026-09-21,6,Northwest Territories,65.5,-116.5,10.9,66.0,11.1,3.6,0.06795862821539594,0.0020446682,0.00010140445,0.00392156862745098,0.5213903880212456,550,0
65_-117,2026-09-22,7,Northwest Territories,65.5,-116.5,6.8,86.0,8.2,0.6000000000000001,0.13838447801614057,0.0015167142,0.0,0.00392156862745098,0.3867621277458966,598,0
65_-118,2026-09-15,0,Northwest Territories,65.5,-117.5,3.685754585385431,66.32292880167118,16.735812833407078,3.462008953987054,0.15590237327762743,0.0,0.0,0.0,,762,0
65_-118,2026-09-16,1,Northwest Territories,65.5,-117.5,3.8,63.0,13.6,3.6,0.07027764668312278,0.0,0.0,0.0,,761,0
65_-118,2026-09-17,2,Northwest Territories,65.5,-117.5,5.1,96.0,7.5,2.9,0.0010652801495326587,0.0,0.0,0.0,,761,0
65_-118,2026-09-18,3,Northwest Territories,65.5,-117.5,7.2,75.0,7.6,1.2999999999999998,0.022239288998159485,0.0,0.0,0.0,,753,0
65_-118,2026-09-19,4,Northwest Territories,65.5,-117.5,8.1,81.0,21.2,0.0,0.31022548639440556,0.0,0.0,0.0,,753,0
65_-118,2026-09-20,5,Northwest Territories,65.5,-117.5,10.2,82.0,11.1,1.9999999999999998,0.11598081899304809,0.0,0.0,0.0,,755,0
65_-118,2026-09-21,6,Northwest Territories,65.5,-117.5,12.1,60.0,10.2,1.4999999999999998,0.294285271544561,0.00038029242,0.0,0.0,,735,0
65_-118,2026-09-22,7,Northwest Territories,65.5,-117.5,8.4,78.0,7.3,0.0,0.3436855249619858,0.00038029242,0.0,0.0,,736,0
65_-119,2026-09-15,0,Northwest Territories,65.5,-118.5,3.6988631309204107,66.30583069879947,16.66685048515785,3.4689621824882177,0.15647231004001785,0.0007248675,0.0,0.00196078431372549,0.3696824301732704,685,0
65_-119,2026-09-16,1,Northwest Territories,65.5,-118.5,5.0,59.0,19.9,1.2,0.5841649108589558,0.0007248675,0.0,0.00196078431372549,0.3696824301732704,680,0
65_-119,2026-09-17,2,Northwest Territories,65.5,-118.5,7.3,92.0,11.1,3.1,0.024751389561100144,0.0007248675,0.0,0.00196078431372549,0.3696824301732704,682,0
65_-119,2026-09-18,3,Northwest Territories,65.5,-118.5,8.0,80.0,6.8,0.2,0.12316710657155297,0.0006170935,0.0,0.00196078431372549,0.31471769674681127,668,0
65_-119,2026-09-19,4,Northwest Territories,65.5,-118.5,8.0,93.0,22.0,0.30000000000000004,0.42754423422817694,0.0006170935,0.0,0.00196078431372549,0.31471769674681127,683,0
65_-119,2026-09-20,5,Northwest Territories,65.5,-118.5,11.3,75.0,11.8,0.6000000000000001,0.4480674936833559,0.0007248675,0.0,0.00196078431372549,0.3696824301732704,661,0
65_-119,2026-09-21,6,Northwest Territories,65.5,-118.5,13.5,56.0,11.0,0.6000000000000001,0.8512799498520454,0.0007248675,0.0,0.00196078431372549,0.3696824301732704,674,0
65_-119,2026-09-22,7,Northwest Territories,65.5,-118.5,8.9,75.0,8.0,0.0,0.8690023079847434,0.0007248675,0.0,0.00196078431372549,0.3696824301732704,671,0
65_-120,2026-09-15,0,Yukon,65.5,-119.5,4.450240462611122,62.002885551333456,11.799615259822206,2.1018275158445245,0.8993267046888594,0.00038029242,0.0,0.0,,735,0
65_-120,2026-09-16,1,Yukon,65.5,-119.5,5.4,53.0,18.9,0.5,1.8032244616332755,0.00038029242,0.0,0.0,,735,0
65_-120,2026-09-17,2,Yukon,65.5,-119.5,8.4,79.0,15.2,3.4,0.2457291614940086,0.00038029242,0.0,0.0,,736,0
65_-120,2026-09-18,3,Yukon,65.5,-119.5,7.9,81.0,6.1,0.3999999999999999,0.30047974718173126,0.0,0.0,0.0,,754,0
65_-120,2026-09-19,4,Yukon,65.5,-119.5,8.4,80.0,19.7,0.1999999999999999,0.8491455013131329,0.0,0.0,0.0,,754,0
65_-120,2026-09-20,5,Yukon,65.5,-119.5,12.5,65.0,11.2,0.0,0.9333391486884904,0.00038029242,0.0,0.0,,732,0
65_-120,2026-09-21,6,Yukon,65.5,-119.5,11.7,68.0,10.6,0.0,1.9025931082348186,0.00038029242,0.0,0.0,,736,0
65_-120,2026-09-22,7,Yukon,65.5,-119.5,9.1,72.0,6.4,0.0,1.543881277754586,0.00038029242,0.0,0.0,,737,0
65_-123,2026-09-15,0,Northwest Territories,65.5,-122.5,4.311388771875586,62.036331935868965,10.896622510850024,0.6781799720675873,1.2836014814304244,0.00038029242,0.0,0.0,,736,0
65_-123,2026-09-16,1,Northwest Territories,65.5,-122.5,5.3,80.0,23.1,0.0,2.449605791032792,0.00038029242,0.0,0.0,,736,0
65_-123,2026-09-17,2,Northwest Territories,65.5,-122.5,10.1,82.0,9.8,1.4000000000000001,0.5406970008132069,0.00038029242,0.0,0.0,,737,0
65_-123,2026-09-18,3,Northwest Territories,65.5,-122.5,8.1,89.0,9.0,1.1,0.44004981654137376,0.00038029242,0.0,0.0,,720,0
65_-123,2026-09-19,4,Northwest Territories,65.5,-122.5,9.9,78.0,13.7,0.0,0.7886968369686466,0.00038029242,0.0,0.0,,731,0
65_-123,2026-09-20,5,Northwest Territories,65.5,-122.5,11.6,73.0,10.4,0.0,0.9398340354264361,0.00038029242,0.0,0.0,,733,0
65_-123,2026-09-21,6,Northwest Territories,65.5,-122.5,12.3,60.0,12.1,0.0,2.9802705116364216,0.0007248675,0.0,0.0,,675,0
65_-123,2026-09-22,7,Northwest Territories,65.5,-122.5,8.6,90.0,7.6,0.0,1.4528836159412988,0.00038029242,0.0,0.0,,738,0
65_-124,2026-09-15,0,Yukon,65.5,-123.5,4.320123340386481,60.97864983324869,11.168679229812014,0.547884976916671,1.3639949690979307,0.0007248675,0.0,0.0,,686,0
65_-124,2026-09-16,1,Yukon,65.5,-123.5,5.4,68.0,15.0,0.0,1.8642191370861416,0.0007248675,0.0,0.0,,681,0
65_-124,2026-09-17,2,Yukon,65.5,-123.5,8.8,87.0,8.2,0.8,0.6520636848177959,0.0007248675,0.0,0.0,,683,0
65_-124,2026-09-18,3,Yukon,65.5,-123.5,7.5,90.0,5.1,2.3,0.13157668018858862,0.00038029242,0.0,0.0,,721,0
65_-124,2026-09-19,4,Yukon,65.5,-123.5,10.5,72.0,7.0,0.0,0.39752470559014497,0.0007248675,0.0,0.0,,663,0
65_-124,2026-09-20,5,Yukon,65.5,-123.5,13.8,57.0,8.9,0.0,0.8402798863967182,0.0007248675,0.0,0.0,,662,0
65_-124,2026-09-21,6,Yukon,65.5,-123.5,10.4,68.0,6.1,0.0,0.9992871281991836,0.0007248675,0.0,0.0,,676,0
65_-124,2026-09-22,7,Yukon,65.5,-123.5,9.2,80.0,13.0,0.0,2.353701545004657,0.0007248675,0.0,0.0,,672,0
65_-125,2026-09-15,0,Northwest Territories,65.5,-124.5,4.688564000971763,63.845110998283566,9.061820815402495,1.175716656817321,0.9229471456396445,0.00038029242,0.0,0.0,,737,0
65_-125,2026-09-16,1,Northwest Territories,65.5,-124.5,4.5,71.0,12.4,0.0,0.7955366282103492,0.00038029242,0.0,0.0,,737,0
65_-125,2026-09-17,2,Northwest Territories,65.5,-124.5,11.0,75.0,9.5,0.5,0.916255030961496,0.00038029242,0.0,0.0,,738,0
65_-125,2026-09-18,3,Northwest Territories,65.5,-124.5,8.9,78.0,5.5,0.4,0.8482851867204623,0.00038029242,0.0,0.0,,722,0
65_-125,2026-09-19,4,Northwest Territories,65.5,-124.5,9.8,78.0,6.9,0.0,1.0899601653223694,0.00038029242,0.0,0.0,,732,0
65_-125,2026-09-20,5,Northwest Territories,65.5,-124.5,11.8,64.0,8.5,0.0,2.4471736668557376,0.00038029242,0.0,0.0,,734,0
65_-125,2026-09-21,6,Northwest Territories,65.5,-124.5,11.7,64.0,6.9,0.0,2.794953111324629,0.00038029242,0.0,0.0,,737,0
65_-125,2026-09-22,7,Northwest Territories,65.5,-124.5,6.7,94.0,6.0,0.0,0.9857656426951174,0.00038029242,0.0,0.0,,739,0
65_-126,2026-09-15,0,Yukon,65.5,-125.5,6.12534572851285,63.00684491249052,5.985046812216363,1.7827337070388898,0.4514018215906495,0.0015167142,0.0,0.00392156862745098,0.3867621277458966,608,0
65_-126,2026-09-16,1,Yukon,65.5,-125.5,5.1,72.0,14.0,0.0,0.8728429234673505,0.0015167142,0.0,0.00392156862745098,0.3867621277458966,600,0
65_-126,2026-09-17,2,Yukon,65.5,-125.5,8.1,88.0,4.4,0.8,0.4896367106947128,0.0015167142,0.0,0.00392156862745098,0.3867621277458966,590,0
65_-126,2026-09-18,3,Yukon,65.5,-125.5,6.7,87.0,8.4,0.30000000000000004,0.6612939638514356,0.0015167142,0.0,0.00392156862745098,0.3867621277458966,567,0
65_-126,2026-09-19,4,Yukon,65.5,-125.5,9.6,77.0,10.8,0.0,0.9553827737803143,0.0020446682,0.0,0.00392156862745098,0.5213903880212456,527,0
65_-126,2026-09-20,5,Yukon,65.5,-125.5,10.7,73.0,11.7,0.0,2.038069367711526,0.0020446682,0.0,0.00392156862745098,0.5213903880212456,533,0
65_-126,2026-09-21,6,Yukon,65.5,-125.5,7.7,84.0,6.9,0.0,1.3399237301530575,0.0015167142,0.0,0.00392156862745098,0.3867621277458966,593,0
65_-126,2026-09-22,7,Yukon,65.5,-125.5,6.9,90.0,6.7,0.0,0.9993657063689142,0.0015167142,0.0,0.00392156862745098,0.3867621277458966,599,0
65_-127,2026-09-15,0,Northwest Territories,65.5,-126.5,6.380877884709437,61.22372113016328,5.978599726134202,1.6595441750266624,0.5061646844026826,0.0015167142,0.0,0.00196078431372549,0.7735242554917932,609,0
65_-127,2026-09-16,1,Northwest Territories,65.5,-126.5,3.7,84.0,9.7,0.0,0.6790572700247243,0.0015167142,0.0,0.00196078431372549,0.7735242554917932,601,0
65_-127,2026-09-17,2,Northwest Territories,65.5,-126.5,9.2,83.0,13.2,0.5,0.9637263792856532,0.0015167142,0.0,0.00196078431372549,0.7735242554917932,591,0
65_-127,2026-09-18,3,Northwest Territories,65.5,-126.5,7.9,91.0,4.2,1.1,0.45019120324345624,0.0007248675,0.0,0.00196078431372549,0.3696824301732704,652,0
65_-127,2026-09-19,4,Northwest Territories,65.5,-126.5,10.0,75.0,3.8,0.0,0.5646377649250184,0.0015167142,0.0,0.00196078431372549,0.7735242554917932,580,0
65_-127,2026-09-20,5,Northwest Territories,65.5,-126.5,10.7,69.0,4.8,0.0,0.8173147937442368,0.0015167142,0.0,0.00196078431372549,0.7735242554917932,583,0
65_-127,2026-09-21,6,Northwest Territories,65.5,-126.5,6.4,89.0,7.4,0.0,0.9455859256109371,0.0015167142,0.0,0.00196078431372549,0.7735242554917932,594,0
65_-127,2026-09-22,7,Northwest Territories,65.5,-126.5,5.0,98.0,3.5,0.0,0.6748265957971235,0.0015167142,0.0,0.00196078431372549,0.7735242554917932,600,0
65_-128,2026-09-15,0,Northwest Territories,65.5,-127.5,6.377966601847146,61.23160819534894,6.179869811472652,1.610569749791086,0.5219505734488354,0.0007248675,0.0,0.0,,687,0
65_-128,2026-09-16,1,Northwest Territories,65.5,-127.5,5.5,62.0,11.5,0.0,0.9435681069337378,0.0007248675,0.0,0.0,,682,0
65_-128,2026-09-17,2,Northwest Territories,65.5,-127.5,6.5,98.0,1.6,1.1,0.3732108527860017,0.0007248675,0.0,0.0,,684,0
65_-128,2026-09-18,3,Northwest Territories,65.5,-127.5,7.7,78.0,7.3,2.2,0.23113745029402036,0.00038029242,0.0,0.0,,723,0
65_-128,2026-09-19,4,Northwest Territories,65.5,-127.5,10.4,62.0,7.2,0.0,0.5600951850945307,0.0007248675,0.0,0.0,,664,0
65_-128,2026-09-20,5,Northwest Territories,65.5,-127.5,11.4,59.0,11.5,0.0,1.7013887145146436,0.0007248675,0.0,0.0,,663,0
65_-128,2026-09-21,6,Northwest Territories,65.5,-127.5,4.4,96.0,8.5,0.0,0.8679121054877597,0.00038029242,0.0,0.0,,738,0
65_-128,2026-09-22,7,Northwest Territories,65.5,-127.5,3.6,99.0,1.5,0.0,0.5472257862119938,0.00038029242,0.0,0.0,,740,0
65_-129,2026-09-15,0,Northwest Territories,65.5,-128.5,6.256924669537641,61.39176706676547,7.159518751020063,1.3642644688468193,0.5987857843937305,0.0007248675,0.0,0.00196078431372549,0.3696824301732704,688,0
65_-129,2026-09-16,1,Northwest Territories,65.5,-128.5,7.5,65.0,7.6,0.0,0.8169056615103286,0.0007248675,0.0,0.00196078431372549,0.3696824301732704,683,0
65_-129,2026-09-17,2,Northwest Territories,65.5,-128.5,9.1,96.0,9.1,4.3,0.01099148210169095,0.0007248675,0.0,0.00196078431372549,0.3696824301732704,685,0
65_-129,2026-09-18,3,Northwest Territories,65.5,-128.5,11.4,57.0,4.9,2.3,0.09601368932502118,0.0007248675,0.0,0.00196078431372549,0.3696824301732704,653,0
65_-129,2026-09-19,4,Northwest Territories,65.5,-128.5,14.4,53.0,5.2,0.0,0.4723501709783464,0.0015167142,0.0,0.00196078431372549,0.7735242554917932,581,0
65_-129,2026-09-20,5,Northwest Territories,65.5,-128.5,12.7,56.0,10.7,0.0,1.6717392196329492,0.0015167142,0.0,0.00196078431372549,0.7735242554917932,584,0
65_-129,2026-09-21,6,Northwest Territories,65.5,-128.5,7.8,84.0,8.3,0.6000000000000001,0.9373714829391084,0.0007248675,0.0,0.00196078431372549,0.3696824301732704,677,0
65_-129,2026-09-22,7,Northwest Territories,65.5,-128.5,5.9,94.0,1.0,0.0,0.6072896077863644,0.0007248675,0.0,0.00196078431372549,0.3696824301732704,673,0
65_-130,2026-09-15,0,Yukon,65.5,-129.5,6.16719222655858,61.51092907676683,7.9021468691309735,1.1777032829567018,0.6570311269906646,0.00038029242,0.0,0.0,,738,0
65_-130,2026-09-16,1,Yukon,65.5,-129.5,6.1,85.0,1.5,0.4,0.5026054404193969,0.00038029242,0.0,0.0,,738,0
65_-130,2026-09-17,2,Yukon,65.5,-129.5,8.8,92.0,6.4,4.8999999999999995,0.007498904514184511,0.00038029242,0.0,0.0,,739,0
65_-130,2026-09-18,3,Yukon,65.5,-129.5,11.1,60.0,0.9,1.5,0.06431026296582708,0.00038029242,0.0,0.0,,724,0
65_-130,2026-09-19,4,Yukon,65.5,-129.5,15.5,46.0,13.2,0.2,0.9651527369125456,0.0007248675,0.0,0.0,,665,0
65_-130,2026-09-20,5,Yukon,65.5,-129.5,9.9,69.0,5.6,0.0,0.9023858406675864,0.00038029242,0.0,0.0,,735,0
65_-130,2026-09-21,6,Yukon,65.5,-129.5,4.5,97.0,3.1,0.0,0.6779679870464053,0.00038029242,0.0,0.0,,739,0
65_-130,2026-09-22,7,Yukon,65.5,-129.5,3.9,92.0,2.1,0.0,0.6500684057602346,0.0,0.0,0.0,,753,0
65_-131,2026-09-15,0,Yukon,65.5,-130.5,5.830515503204304,64.62887737015161,8.717114112449915,0.8026621357230584,0.6189619761838707,0.00038029242,0.0,0.0,,739,0
65_-131,2026-09-16,1,Yukon,65.5,-130.5,4.2,87.0,6.8,1.1,0.47285685234177277,0.00038029242,0.0,0.0,,739,0
65_-131,2026-09-17,2,Yukon,65.5,-130.5,7.5,76.0,11.6,2.7,0.25123342832903256,0.00038029242,0.0,0.0,,740,0
65_-131,2026-09-18,3,Yukon,65.5,-130.5,8.3,77.0,6.0,3.2,0.047325350177444596,0.00038029242,0.0,0.0,,725,0
65_-131,2026-09-19,4,Yukon,65.5,-130.5,10.9,60.0,6.0,0.2,0.39010079933391045,0.0007248675,0.0,0.0,,666,0
65_-131,2026-09-20,5,Yukon,65.5,-130.5,11.1,58.0,16.6,0.1,1.8492253396191753,0.0007248675,0.0,0.0,,664,0
65_-131,2026-09-21,6,Yukon,65.5,-130.5,2.3,99.0,5.1,0.30000000000000004,0.6171717110061113,0.00038029242,0.0,0.0,,740,0
65_-131,2026-09-22,7,Yukon,65.5,-130.5,5.3,87.0,1.9,0.0,0.553524874164037,0.00038029242,0.0,0.0,,741,0
65_-132,2026-09-15,0,Northwest Territories,65.5,-131.5,5.249195916538982,69.20108479663729,9.524812310256445,0.27967176216753864,0.6092247511545994,0.00038029242,0.0,0.0,,740,0
65_-132,2026-09-16,1,Northwest Territories,65.5,-131.5,4.2,92.0,5.2,2.8,0.029282995609441895,0.00038029242,0.0,0.0,,740,0
65_-132,2026-09-17,2,Northwest Territories,65.5,-131.5,7.3,66.0,18.4,3.4,0.17611885303796074,0.00038029242,0.0,0.0,,741,0
65_-132,2026-09-18,3,Northwest Territories,65.5,-131.5,8.3,66.0,2.8,4.3999999999999995,0.015773859693245164,0.00038029242,0.0,0.0,,726,0
65_-132,2026-09-19,4,Northwest Territories,65.5,-131.5,8.9,73.0,7.4,1.1,0.14925987090302603,0.00038029242,0.0,0.0,,733,0
65_-132,2026-09-20,5,Northwest Territories,65.5,-131.5,8.3,78.0,9.4,1.2,0.29184210520935716,0.00038029242,0.0,0.0,,736,0
65_-132,2026-09-21,6,Northwest Territories,65.5,-131.5,2.9,91.0,6.9,0.6000000000000001,0.30435259696734174,0.00038029242,0.0,0.0,,741,0
65_-132,2026-09-22,7,Northwest Territories,65.5,-131.5,6.0,72.0,2.9,0.0,0.372354969087148,0.00038029242,0.0,0.0,,742,0
65_-134,2026-09-15,0,Nova Scotia,65.5,-133.5,,,,,,0.0006170935,0.0,0.0,,700,0
65_-134,2026-09-16,1,Nova Scotia,65.5,-133.5,8.0,88.0,7.5,3.5,0.08464035962085018,0.0007248675,0.0,0.0,,684,0
65_-134,2026-09-17,2,Nova Scotia,65.5,-133.5,6.7,78.0,15.4,2.8000000000000003,0.08451680992923623,0.0015167142,0.0,0.0,,592,0
65_-134,2026-09-18,3,Nova Scotia,65.5,-133.5,9.0,64.0,11.1,3.4,0.08383496324825421,0.0015167142,0.0,0.0,,568,0
65_-134,2026-09-19,4,Nova Scotia,65.5,-133.5,10.9,61.0,11.4,1.5000000000000002,0.2909147277267859,0.0015167142,0.0,0.0,,582,0
65_-134,2026-09-20,5,Nova Scotia,65.5,-133.5,9.1,79.0,9.5,1.2000000000000002,0.2977467468568392,0.0007248675,0.0,0.0,,665,0
65_-134,2026-09-21,6,Nova Scotia,65.5,-133.5,0.8,100.0,7.5,0.0,0.2714083501700265,0.0007248675,0.0,0.0,,678,0
65_-134,2026-09-22,7,Nova Scotia,65.5,-133.5,6.0,82.0,3.1,0.2,0.2708540086181888,0.0015167142,0.0,0.0,,601,0
65_-135,2026-09-15,0,Nova Scotia,65.5,-134.5,3.39295248951352,75.0419118183788,5.126855188756642,3.2533371329731975,0.0,0.0015167142,0.0,0.00196078431372549,0.7735242554917932,610,0
65_-135,2026-09-16,1,Nova Scotia,65.5,-134.5,4.1,94.0,11.3,5.5,1.9919248222902658e-05,0.0015167142,0.0,0.00196078431372549,0.7735242554917932,602,0
65_-135,2026-09-17,2,Nova Scotia,65.5,-134.5,2.7,95.0,13.1,4.6000000000000005,2.6034989398092877e-06,0.0015167142,0.0,0.00196078431372549,0.7735242554917932,593,0
65_-135,2026-09-18,3,Nova Scotia,65.5,-134.5,7.1,58.0,15.9,3.9,0.014090977932512927,0.0015167142,0.0,0.00196078431372549,0.7735242554917932,569,0
65_-135,2026-09-19,4,Nova Scotia,65.5,-134.5,7.5,65.0,16.7,4.0,0.05028851937402504,0.0015167142,0.0,0.00196078431372549,0.7735242554917932,583,0
65_-135,2026-09-20,5,Nova Scotia,65.5,-134.5,7.1,71.0,8.8,0.20000000000000023,0.1943332684246384,0.0015167142,0.0,0.00196078431372549,0.7735242554917932,585,0
65_-135,2026-09-21,6,Nova Scotia,65.5,-134.5,0.3,92.0,8.8,2.4000000000000004,0.017661190647052218,0.0007248675,0.0,0.00196078431372549,0.3696824301732704,679,0
65_-135,2026-09-22,7,Nova Scotia,65.5,-134.5,3.8,75.0,6.2,0.30000000000000027,0.08711349846568317,0.0007248675,0.0,0.00196078431372549,0.3696824301732704,674,0
65_-136,2026-09-15,0,Nova Scotia,65.5,-135.5,3.383927108503314,74.45526205271543,5.289312046940342,2.937448797616,0.0,0.0034599912,0.0,0.011764705882352941,0.29409925104118884,474,0
65_-136,2026-09-16,1,Nova Scotia,65.5,-135.5,8.1,94.0,11.1,4.3,8.122553240825214e-05,0.005107495,0.0,0.011764705882352941,0.4341370752081275,313,0
65_-136,2026-09-17,2,Nova Scotia,65.5,-135.5,8.9,63.0,14.1,0.8,0.07769386748118555,0.005107495,0.0,0.011764705882352941,0.4341370752081275,308,0
65_-136,2026-09-18,3,Nova Scotia,65.5,-135.5,9.8,58.0,2.9,0.2,0.2101896050344846,0.005107495,0.0,0.011764705882352941,0.4341370752081275,304,0
65_-136,2026-09-19,4,Nova Scotia,65.5,-135.5,9.6,83.0,1.9,4.6000000000000005,0.005124212891885135,0.005107495,2.2271154e-06,0.011764705882352941,0.4341370752081275,314,0
65_-136,2026-09-20,5,Nova Scotia,65.5,-135.5,5.9,93.0,5.8,3.1,0.00030427237345264,0.0034599912,0.0,0.011764705882352941,0.29409925104118884,444,0
65_-136,2026-09-21,6,Nova Scotia,65.5,-135.5,1.2,96.0,12.4,3.6,1.4092693837859744e-05,0.0034599912,0.0,0.011764705882352941,0.29409925104118884,461,0
65_-136,2026-09-22,7,Nova Scotia,65.5,-135.5,4.4,80.0,1.3,0.0,0.00040989492957108444,0.0034599912,0.0,0.011764705882352941,0.29409925104118884,463,0
65_-137,2026-09-15,0,Nova Scotia,65.5,-136.5,3.3,69.0,6.8,0.0,,0.0015167142,0.0,0.00196078431372549,0.7735242554917932,611,0
65_-137,2026-09-16,1,Nova Scotia,65.5,-136.5,5.7,96.0,12.3,5.3999999999999995,0.0013776684880836023,0.0015167142,0.0,0.00196078431372549,0.7735242554917932,603,0
65_-137,2026-09-17,2,Nova Scotia,65.5,-136.5,6.2,66.0,20.1,0.8,0.1802107459344798,0.0015167142,0.0,0.00196078431372549,0.7735242554917932,594,0
65_-137,2026-09-18,3,Nova Scotia,65.5,-136.5,7.9,61.0,12.2,0.0,0.3851327174276201,0.0020446682,0.0,0.00196078431372549,1.0427807760424912,530,0
65_-137,2026-09-19,4,Nova Scotia,65.5,-136.5,8.0,68.0,15.0,4.3,0.12816787442563488,0.0015167142,0.0,0.00196078431372549,0.7735242554917932,584,0
65_-137,2026-09-20,5,Nova Scotia,65.5,-136.5,6.2,90.0,6.3,0.9999999999999999,0.08588191299570332,0.0015167142,0.0,0.00196078431372549,0.7735242554917932,586,0
65_-137,2026-09-21,6,Nova Scotia,65.5,-136.5,1.1,94.0,9.5,0.7999999999999999,0.0975753166059082,0.0012195122,0.0,0.00196078431372549,0.6219512200914323,601,0
65_-137,2026-09-22,7,Nova Scotia,65.5,-136.5,4.0,90.0,2.0,1.5,0.028238696346300274,0.0015167142,0.0,0.00196078431372549,0.7735242554917932,602,0
65_-138,2026-09-15,0,Nova Scotia,65.5,-137.5,4.187249011424155,65.54958717779495,5.96204260032163,0.0,1.9,0.0034599912,0.0,0.0058823529411764705,0.5881985020823777,475,0
65_-138,2026-09-16,1,Nova Scotia,65.5,-137.5,4.7,95.0,9.4,5.9,0.00457232623300586,0.0034599912,0.0,0.0058823529411764705,0.5881985020823777,449,0
65_-138,2026-09-17,2,Nova Scotia,65.5,-137.5,4.4,77.0,22.2,1.0,0.245301656514737,0.0034599912,0.0,0.0058823529411764705,0.5881985020823777,454,0
65_-138,2026-09-18,3,Nova Scotia,65.5,-137.5,6.6,67.0,9.7,0.0,0.5428047476877627,0.002782071,0.0,0.0058823529411764705,0.47295207157731056,465,0
65_-138,2026-09-19,4,Nova Scotia,65.5,-137.5,6.7,71.0,19.2,3.9,0.27244838781876424,0.003292181,0.0,0.0058823529411764705,0.5596707807853818,453,0
65_-138,2026-09-20,5,Nova Scotia,65.5,-137.5,5.3,90.0,9.2,2.5,0.023188726133491308,0.003292181,0.0,0.0058823529411764705,0.5596707807853818,456,0
65_-138,2026-09-21,6,Nova Scotia,65.5,-137.5,1.2,98.0,5.3,6.4,3.2775086419789476e-06,0.003292181,0.0,0.0058823529411764705,0.5596707807853818,476,0
65_-138,2026-09-22,7,Nova Scotia,65.5,-137.5,3.1,82.0,3.1,10.600000000000001,2.107930525189846e-06,0.002782071,0.0,0.0058823529411764705,0.47295207157731056,493,0
65_-139,2026-09-15,0,Nova Scotia,65.5,-138.5,4.360161382692729,64.87715017841714,5.798736471901309,0.0,1.8999999999999997,0.0020446682,0.0,0.00392156862745098,0.5213903880212456,560,0
65_-139,2026-09-16,1,Nova Scotia,65.5,-138.5,5.8,96.0,8.6,5.5,0.004912589569274596,0.0022243848,0.0,0.00392156862745098,0.5672181257978082,496,0
65_-139,2026-09-17,2,Nova Scotia,65.5,-138.5,6.7,67.0,22.5,0.4,0.6468690968370584,0.0020446682,0.0,0.00392156862745098,0.5213903880212456,536,0
65_-139,2026-09-18,3,Nova Scotia,65.5,-138.5,6.1,73.0,6.6,0.0,0.5352302219935015,0.0020446682,0.0,0.00392156862745098,0.5213903880212456,531,0
65_-139,2026-09-19,4,Nova Scotia,65.5,-138.5,7.7,73.0,15.3,2.6,0.43681706620223604,0.0020446682,0.0,0.00392156862745098,0.5213903880212456,528,0
65_-139,2026-09-20,5,Nova Scotia,65.5,-138.5,3.6,96.0,6.0,2.4,0.016255695288735484,0.0020446682,0.0,0.00392156862745098,0.5213903880212456,534,0
65_-139,2026-09-21,6,Nova Scotia,65.5,-138.5,1.7,98.0,2.1,4.8,9.291230779215814e-06,0.0020446682,0.0,0.00392156862745098,0.5213903880212456,551,0
65_-139,2026-09-22,7,Nova Scotia,65.5,-138.5,3.0,90.0,7.0,1.2,0.0001555122653991248,0.0020446682,0.0,0.00392156862745098,0.5213903880212456,554,0
65_-141,2026-09-15,0,Nova Scotia,65.5,-140.5,5.1,62.0,5.1,0.0,1.8999999999999997,0.0020446682,0.0,0.00392156862745098,0.5213903880212456,561,0
65_-141,2026-09-16,1,Nova Scotia,65.5,-140.5,4.2,100.0,10.1,10.3,5.106067557846206e-05,0.0020446682,0.0,0.00392156862745098,0.5213903880212456,544,0
65_-141,2026-09-17,2,Nova Scotia,65.5,-140.5,1.9,99.0,14.4,13.0,2.0062192578064272e-08,0.0020446682,0.0,0.00392156862745098,0.5213903880212456,537,0
65_-141,2026-09-18,3,Nova Scotia,65.5,-140.5,5.3,77.0,15.1,1.1999999999999997,0.0004884280775446178,0.0020446682,0.0,0.00392156862745098,0.5213903880212456,532,0
65_-141,2026-09-19,4,Nova Scotia,65.5,-140.5,3.9,95.0,15.3,1.8999999999999995,0.0003537318087476361,0.0020446682,0.0,0.00392156862745098,0.5213903880212456,529,0
65_-141,2026-09-20,5,Nova Scotia,65.5,-140.5,2.5,99.0,4.4,3.8999999999999995,8.735622630670873e-07,0.0020446682,0.0,0.00392156862745098,0.5213903880212456,535,0
65_-141,2026-09-21,6,Nova Scotia,65.5,-140.5,3.0,91.0,8.2,2.5999999999999996,7.0510895218820016e-06,0.0020446682,0.0,0.00392156862745098,0.5213903880212456,552,0
65_-141,2026-09-22,7,Nova Scotia,65.5,-140.5,2.8,95.0,4.7,3.0999999999999996,1.6269757995528383e-06,0.0020446682,0.0,0.00392156862745098,0.5213903880212456,555,0
66_-118,2026-09-15,0,Yukon,66.5,-117.5,1.4498623654658362,63.99724730931671,28.8,0.30418795624843437,1.0005505381366544,0.00038029242,0.0,0.0,,741,0
66_-118,2026-09-16,1,Yukon,66.5,-117.5,3.0,74.0,12.8,0.2,0.5226064914228459,0.0,0.0,0.0,,762,0
66_-118,2026-09-17,2,Yukon,66.5,-117.5,4.4,100.0,10.9,1.1,0.3126878905490716,0.0,0.0,0.0,,762,0
66_-118,2026-09-18,3,Yukon,66.5,-117.5,3.9,72.0,8.1,1.2999999999999998,0.2755468277851188,0.0,0.0,0.0,,755,0
66_-118,2026-09-19,4,Yukon,66.5,-117.5,7.8,80.0,21.3,0.0,0.78205983513359,0.0,0.0,0.0,,755,0
66_-118,2026-09-20,5,Yukon,66.5,-117.5,9.8,84.0,7.0,0.9,0.3788487134662733,0.0,0.0,0.0,,756,0
66_-118,2026-09-21,6,Yukon,66.5,-117.5,10.6,79.0,16.6,1.5,0.592350739239409,0.0,0.0,0.0,,753,0
66_-118,2026-09-22,7,Yukon,66.5,-117.5,4.7,82.0,9.2,0.0,0.48706054223632095,0.0,0.0,0.0,,754,0
66_-125,2026-09-15,0,Northwest Territories,66.5,-124.5,3.5185809857458636,69.04269866404907,11.359134547189932,0.35743555267554167,0.7288064183423908,0.00038029242,0.0,0.0,,742,0
66_-125,2026-09-16,1,Northwest Territories,66.5,-124.5,4.0,76.0,15.3,0.0,0.9572744966699162,0.00038029242,0.0,0.0,,741,0
66_-125,2026-09-17,2,Northwest Territories,66.5,-124.5,7.0,94.0,12.8,0.5,0.864301789012582,0.00038029242,0.0,0.0,,742,0
66_-125,2026-09-18,3,Northwest Territories,66.5,-124.5,4.5,99.0,9.9,1.1,0.501296169296034,0.0,0.0,0.0,,756,0
66_-125,2026-09-19,4,Northwest Territories,66.5,-124.5,8.5,85.0,12.2,1.1,0.5687171547141885,0.0,0.0,0.0,,756,0
66_-125,2026-09-20,5,Northwest Territories,66.5,-124.5,9.8,77.0,11.2,0.0,0.7745658166271231,0.0,0.0,0.0,,757,0
66_-125,2026-09-21,6,Northwest Territories,66.5,-124.5,5.6,93.0,12.0,0.0,0.8382551806340099,0.0,0.0,0.0,,754,0
66_-125,2026-09-22,7,Northwest Territories,66.5,-124.5,6.5,87.0,14.4,0.0,1.2344303472358074,0.0,0.0,0.0,,755,0
66_-126,2026-09-15,0,Northwest Territories,66.5,-125.5,3.488041263604909,70.3385161869148,11.432815065004895,0.32907823071205095,0.6171909451991026,0.00038029242,0.0,0.0,,743,0
66_-126,2026-09-16,1,Northwest Territories,66.5,-125.5,3.4,75.0,17.7,0.0,1.386633575167398,0.00038029242,0.0,0.0,,742,0
66_-126,2026-09-17,2,Northwest Territories,66.5,-125.5,7.1,91.0,14.0,0.2,0.9601450340264011,0.00038029242,0.0,0.0,,743,0
66_-126,2026-09-18,3,Northwest Territories,66.5,-125.5,5.8,92.0,7.6,1.5,0.39788544581529345,0.0,0.0,0.0,,757,0
66_-126,2026-09-19,4,Northwest Territories,66.5,-125.5,8.0,83.0,13.0,0.30000000000000004,0.7666458884350589,0.0,0.0,0.0,,757,0
66_-126,2026-09-20,5,Northwest Territories,66.5,-125.5,9.3,72.0,13.0,0.0,1.2676476963805883,0.0,0.0,0.0,,758,0
66_-126,2026-09-21,6,Northwest Territories,66.5,-125.5,5.7,92.0,15.4,0.30000000000000004,1.726261046998645,0.0,0.0,0.0,,755,0
66_-126,2026-09-22,7,Northwest Territories,66.5,-125.5,5.8,97.0,13.5,0.0,1.3464024410125863,0.0,0.0,0.0,,756,0
66_-127,2026-09-15,0,Yukon,66.5,-126.5,3.530120822462749,70.8982794913865,11.654041693765281,0.2086962009249475,0.6189044399360031,0.0015167142,0.0,0.00392156862745098,0.3867621277458966,612,0
66_-127,2026-09-16,1,Yukon,66.5,-126.5,4.0,70.0,14.3,0.0,0.9787994681362112,0.0020446682,0.0,0.00392156862745098,0.5213903880212456,545,0
66_-127,2026-09-17,2,Yukon,66.5,-126.5,7.6,93.0,12.7,0.4,0.9380820040366027,0.0020446682,0.0,0.00392156862745098,0.5213903880212456,538,0
66_-127,2026-09-18,3,Yukon,66.5,-126.5,6.6,90.0,2.8,1.1,0.43227478429755767,0.0020446682,0.0,0.00392156862745098,0.5213903880212456,533,0
66_-127,2026-09-19,4,Yukon,66.5,-126.5,9.5,73.0,10.4,0.0,0.8776565124775831,0.0022243848,0.0,0.00392156862745098,0.5672181257978082,479,0
66_-127,2026-09-20,5,Yukon,66.5,-126.5,10.4,65.0,11.0,0.0,2.1434075418973264,0.0022243848,0.0,0.00392156862745098,0.5672181257978082,481,0
66_-127,2026-09-21,6,Yukon,66.5,-126.5,5.9,91.0,11.6,0.30000000000000004,2.0415632542983873,0.0020446682,0.0,0.00392156862745098,0.5213903880212456,553,0
66_-127,2026-09-22,7,Yukon,66.5,-126.5,7.5,84.0,10.3,0.0,1.9731219915547122,0.0020446682,0.0,0.00392156862745098,0.5213903880212456,556,0
66_-128,2026-09-15,0,Northwest Territories,66.5,-127.5,4.46516066632687,68.4283573717932,11.148047726084677,0.24957385224697448,0.6774619981805259,0.0007248675,0.0,0.00196078431372549,0.3696824301732704,689,0
66_-128,2026-09-16,1,Northwest Territories,66.5,-127.5,4.7,67.0,10.2,0.0,0.9035650840290889,0.0007248675,0.0,0.00196078431372549,0.3696824301732704,685,0
66_-128,2026-09-17,2,Northwest Territories,66.5,-127.5,7.1,98.0,11.1,1.1,0.6504632179152755,0.0007248675,0.0,0.00196078431372549,0.3696824301732704,686,0
66_-128,2026-09-18,3,Northwest Territories,66.5,-127.5,6.7,91.0,4.0,2.3,0.06865503357001357,0.0007248675,0.0,0.00196078431372549,0.3696824301732704,654,0
66_-128,2026-09-19,4,Northwest Territories,66.5,-127.5,10.1,69.0,6.4,0.0,0.44145199798859375,0.0007248675,0.0,0.00196078431372549,0.3696824301732704,667,0
66_-128,2026-09-20,5,Northwest Territories,66.5,-127.5,10.7,63.0,9.6,0.0,0.8862371237066291,0.0007248675,0.0,0.00196078431372549,0.3696824301732704,666,0
66_-128,2026-09-21,6,Northwest Territories,66.5,-127.5,6.0,93.0,9.5,1.5,0.497068626170769,0.0007248675,0.0,0.00196078431372549,0.3696824301732704,680,0
66_-128,2026-09-22,7,Northwest Territories,66.5,-127.5,7.1,82.0,4.2,0.0,0.5265620282670669,0.0006170935,0.0,0.00196078431372549,0.31471769674681127,689,0
66_-129,2026-09-15,0,Northwest Territories,66.5,-128.5,5.446290117925895,65.45932159242935,10.56700631347231,0.32110278389255625,0.7606582681711854,0.00038029242,0.0,0.0,,744,0
66_-129,2026-09-16,1,Northwest Territories,66.5,-128.5,4.0,81.0,9.2,0.1,0.864034266393442,0.00038029242,0.0,0.0,,743,0
66_-129,2026-09-17,2,Northwest Territories,66.5,-128.5,7.9,96.0,13.3,2.4,0.14455243426377437,0.00038029242,0.0,0.0,,744,0
66_-129,2026-09-18,3,Northwest Territories,66.5,-128.5,7.4,88.0,5.2,0.30000000000000004,0.23593679579142385,0.0,0.0,0.0,,758,0
66_-129,2026-09-19,4,Northwest Territories,66.5,-128.5,9.7,70.0,6.0,0.0,0.5916656321757918,0.00038029242,0.0,0.0,,734,0
66_-129,2026-09-20,5,Northwest Territories,66.5,-128.5,9.3,73.0,9.9,0.0,0.9684761457660854,0.00038029242,0.0,0.0,,737,0
66_-129,2026-09-21,6,Northwest Territories,66.5,-128.5,5.4,88.0,10.4,1.2000000000000002,0.7547759777098318,0.0,0.0,0.0,,756,0
66_-129,2026-09-22,7,Northwest Territories,66.5,-128.5,6.5,82.0,1.0,0.0,0.5361003308805422,0.00038029242,0.0,0.0,,743,0
66_-130,2026-09-15,0,Yukon,66.5,-129.5,5.108018590930403,70.0253522199836,9.843102765256276,0.2142363536618901,0.5689902234155164,0.00038029242,0.0,0.0,,745,0
66_-130,2026-09-16,1,Yukon,66.5,-129.5,3.8,96.0,8.8,0.8,0.450262555390763,0.00038029242,0.0,0.0,,744,0
66_-130,2026-09-17,2,Yukon,66.5,-129.5,9.1,84.0,15.4,2.3,0.3176627751887982,0.00038029242,0.0,0.0,,745,0
66_-130,2026-09-18,3,Yukon,66.5,-129.5,8.1,84.0,4.7,1.9,0.0965490087515514,0.0,0.0,0.0,,759,0
66_-130,2026-09-19,4,Yukon,66.5,-129.5,9.2,70.0,3.8,0.0,0.3807175593827454,0.00038029242,0.0,0.0,,735,0
66_-130,2026-09-20,5,Yukon,66.5,-129.5,10.0,69.0,9.2,0.0,0.8211044237130442,0.00038029242,0.0,0.0,,738,0
66_-130,2026-09-21,6,Yukon,66.5,-129.5,4.6,91.0,10.0,0.5999999999999999,0.8499759002010625,0.0,0.0,0.0,,757,0
66_-130,2026-09-22,7,Yukon,66.5,-129.5,7.1,73.0,1.8,0.0,0.6703822624382303,0.0,0.0,0.0,,757,0
66_-131,2026-09-15,0,Northwest Territories,66.5,-130.5,5.067415342370218,71.55301075321347,9.124947892017355,0.22963999997423004,0.5120137366538532,0.00038029242,0.0,0.0,,746,0
66_-131,2026-09-16,1,Northwest Territories,66.5,-130.5,3.9,97.0,9.4,1.6,0.1255046142168803,0.00038029242,0.0,0.0,,745,0
66_-131,2026-09-17,2,Northwest Territories,66.5,-130.5,10.0,77.0,16.5,1.8,0.47278369717197616,0.00038029242,0.0,0.0,,746,0
66_-131,2026-09-18,3,Northwest Territories,66.5,-130.5,7.8,84.0,2.4,1.0,0.26195172945146805,0.00038029242,0.0,0.0,,727,0
66_-131,2026-09-19,4,Northwest Territories,66.5,-130.5,7.6,82.0,3.8,0.1,0.48066784045038524,0.0,0.0,0.0,,758,0
66_-131,2026-09-20,5,Northwest Territories,66.5,-130.5,9.7,74.0,8.2,0.0,0.8676139877729464,0.00038029242,0.0,0.0,,739,0
66_-131,2026-09-21,6,Northwest Territories,66.5,-130.5,4.6,93.0,7.1,3.3000000000000003,0.03899339350267964,0.0,0.0,0.0,,758,0
66_-131,2026-09-22,7,Northwest Territories,66.5,-130.5,6.8,77.0,5.2,0.0,0.22172779371640988,0.0,0.0,0.0,,758,0
66_-132,2026-09-15,0,Northwest Territories,66.5,-131.5,4.882663428448749,72.83224108566245,8.182966161545972,1.0704281427911286,0.4557383221543453,0.00038029242,0.0,0.0,,747,0
66_-132,2026-09-16,1,Northwest Territories,66.5,-131.5,3.7,97.0,9.5,1.8,0.059937864353269504,0.00038029242,0.0,0.0,,746,0
66_-132,2026-09-17,2,Northwest Territories,66.5,-131.5,9.6,76.0,20.1,1.7,0.5189610049449945,0.00038029242,0.0,0.0,,747,0
66_-132,2026-09-18,3,Northwest Territories,66.5,-131.5,8.4,78.0,5.1,0.4,0.4963040617693748,0.00038029242,0.0,0.0,,728,0
66_-132,2026-09-19,4,Northwest Territories,66.5,-131.5,7.0,78.0,3.4,0.0,0.5779771778564555,0.00038029242,0.0,0.0,,736,0
66_-132,2026-09-20,5,Northwest Territories,66.5,-131.5,8.0,80.0,9.9,0.0,0.9642934916550627,0.00038029242,0.0,0.0,,740,0
66_-132,2026-09-21,6,Northwest Territories,66.5,-131.5,3.3,92.0,8.5,3.6,0.0368272266675744,0.00038029242,0.0,0.0,,742,0
66_-132,2026-09-22,7,Northwest Territories,66.5,-131.5,5.9,83.0,8.2,0.30000000000000004,0.19381607931117578,0.00038029242,0.0,0.0,,744,0
66_-133,2026-09-15,0,Northwest Territories,66.5,-132.5,4.217159445539326,75.60877738206071,6.528581966235807,2.1460744338370352,0.271231670995873,0.00038029242,0.0,0.0,,748,0
66_-133,2026-09-16,1,Northwest Territories,66.5,-132.5,4.6,98.0,6.9,1.7000000000000002,0.016977635245051553,0.00038029242,0.0,0.0,,747,0
66_-133,2026-09-17,2,Northwest Territories,66.5,-132.5,9.5,74.0,15.8,2.8,0.11983434305372173,0.00038029242,0.0,0.0,,748,0
66_-133,2026-09-18,3,Northwest Territories,66.5,-132.5,9.4,69.0,7.2,0.5,0.40608596798621255,0.00038029242,0.0,0.0,,729,0
66_-133,2026-09-19,4,Northwest Territories,66.5,-132.5,6.9,84.0,4.3,0.1,0.44470005655755296,0.0,0.0,0.0,,759,0
66_-133,2026-09-20,5,Northwest Territories,66.5,-132.5,7.1,86.0,6.4,0.0,0.5643819699928617,0.0,0.0,0.0,,759,0
66_-133,2026-09-21,6,Northwest Territories,66.5,-132.5,2.9,91.0,7.8,3.9,0.0164727375146538,0.0,0.0,0.0,,759,0
66_-133,2026-09-22,7,Northwest Territories,66.5,-132.5,5.3,86.0,9.4,0.6000000000000001,0.09428054976066483,0.0,0.0,0.0,,759,0
66_-134,2026-09-15,0,Northwest Territories,66.5,-133.5,3.8570093237100087,76.30135064386836,5.628703234717764,3.160778516452955,0.1669461658607653,0.00038029242,0.0,0.0,,749,0
66_-134,2026-09-16,1,Northwest Territories,66.5,-133.5,6.8,96.0,9.7,3.3,0.0007425279157975899,0.0006170935,0.0,0.0,,696,0
66_-134,2026-09-17,2,Northwest Territories,66.5,-133.5,8.2,86.0,17.8,3.5000000000000004,0.0035705018172416322,0.0006170935,0.0,0.0,,696,0
66_-134,2026-09-18,3,Northwest Territories,66.5,-133.5,9.5,72.0,9.7,0.30000000000000004,0.12318510259162067,0.00038029242,0.0,0.0,,730,0
66_-134,2026-09-19,4,Northwest Territories,66.5,-133.5,6.0,94.0,11.1,0.4,0.19972075909597523,0.00038029242,0.0,0.0,,737,0
66_-134,2026-09-20,5,Northwest Territories,66.5,-133.5,5.2,97.0,7.1,0.0,0.18592214199845947,0.00038029242,0.0,0.0,,741,0
66_-134,2026-09-21,6,Northwest Territories,66.5,-133.5,2.4,94.0,9.8,5.1000000000000005,0.0005716710488344927,0.00038029242,0.0,0.0,,743,0
66_-134,2026-09-22,7,Northwest Territories,66.5,-133.5,4.7,87.0,12.9,0.6000000000000001,0.013643623507983763,0.00038029242,0.0,0.0,,745,0
66_-135,2026-09-15,0,Nova Scotia,66.5,-134.5,3.409247213964175,76.10106890767135,4.833550148644861,3.823652488746106,0.0,0.0015167142,0.0,0.00196078431372549,0.7735242554917932,613,0
66_-135,2026-09-16,1,Nova Scotia,66.5,-134.5,7.0,96.0,11.8,3.8000000000000003,5.366165656568554e-05,0.0020446682,0.0,0.00196078431372549,1.0427807760424912,546,0
66_-135,2026-09-17,2,Nova Scotia,66.5,-134.5,7.4,76.0,15.0,1.5,0.015099067422674296,0.0015167142,0.0,0.00196078431372549,0.7735242554917932,595,0
66_-135,2026-09-18,3,Nova Scotia,66.5,-134.5,10.5,54.0,6.2,0.1,0.20804199214536,0.0015167142,0.0,0.00196078431372549,0.7735242554917932,570,0
66_-135,2026-09-19,4,Nova Scotia,66.5,-134.5,3.6,99.0,4.0,1.5,0.05201269564094622,0.0007248675,0.0,0.00196078431372549,0.3696824301732704,668,0
66_-135,2026-09-20,5,Nova Scotia,66.5,-134.5,3.5,96.0,4.6,0.2,0.07091694861586206,0.0007248675,0.0,0.00196078431372549,0.3696824301732704,667,0
66_-135,2026-09-21,6,Nova Scotia,66.5,-134.5,-0.8,99.0,6.0,3.5,0.0002451994243338207,0.0015167142,0.0,0.00196078431372549,0.7735242554917932,595,0
66_-135,2026-09-22,7,Nova Scotia,66.5,-134.5,4.8,82.0,5.9,2.3000000000000003,0.0010120602671277606,0.0007248675,0.0,0.00196078431372549,0.3696824301732704,675,0
66_-136,2026-09-15,0,Nova Scotia,66.5,-135.5,3.365270744038035,73.24259836247225,5.625126607315378,2.2844760413312097,0.0,0.0012195122,0.0,0.00196078431372549,0.6219512200914323,622,0
66_-136,2026-09-16,1,Nova Scotia,66.5,-135.5,6.4,90.0,17.6,1.0,0.028589143448136015,0.0015167142,0.0,0.00196078431372549,0.7735242554917932,604,0
66_-136,2026-09-17,2,Nova Scotia,66.5,-135.5,5.7,88.0,18.3,3.6999999999999997,0.004484017823619973,0.0015167142,0.0,0.00196078431372549,0.7735242554917932,596,0
66_-136,2026-09-18,3,Nova Scotia,66.5,-135.5,9.0,63.0,10.7,0.5,0.1583120490909268,0.0015167142,0.0,0.00196078431372549,0.7735242554917932,571,0
66_-136,2026-09-19,4,Nova Scotia,66.5,-135.5,3.7,97.0,2.2,3.2,0.0009962269429809418,0.0007248675,0.0,0.00196078431372549,0.3696824301732704,669,0
66_-136,2026-09-20,5,Nova Scotia,66.5,-135.5,4.9,92.0,3.1,1.2,0.001421194052241759,0.0007248675,0.0,0.00196078431372549,0.3696824301732704,668,0
66_-136,2026-09-21,6,Nova Scotia,66.5,-135.5,-1.8,97.0,6.0,4.8999999999999995,3.013541174551441e-06,0.0007248675,0.0,0.00196078431372549,0.3696824301732704,681,0
66_-136,2026-09-22,7,Nova Scotia,66.5,-135.5,5.2,80.0,12.7,2.3,0.000916830852812501,0.0007248675,0.0,0.00196078431372549,0.3696824301732704,676,0
66_-137,2026-09-15,0,Nova Scotia,66.5,-136.5,3.3748149724061443,71.53301770591841,6.055235667646987,1.2593833256011477,0.21165097197586097,0.0015167142,0.0,0.00196078431372549,0.7735242554917932,614,0
66_-137,2026-09-16,1,Nova Scotia,66.5,-136.5,5.5,99.0,6.6,3.5,0.00014071128519963343,0.0015167142,0.0,0.00196078431372549,0.7735242554917932,605,0
66_-137,2026-09-17,2,Nova Scotia,66.5,-136.5,4.5,93.0,11.5,2.2,0.00016396161857585082,0.0015167142,0.0,0.00196078431372549,0.7735242554917932,597,0
66_-137,2026-09-18,3,Nova Scotia,66.5,-136.5,6.9,69.0,9.4,1.0999999999999999,0.023092754879370913,0.0015167142,0.0,0.00196078431372549,0.7735242554917932,572,0
66_-137,2026-09-19,4,Nova Scotia,66.5,-136.5,5.3,92.0,6.9,2.6,0.001990178371807339,0.0007248675,0.0,0.00196078431372549,0.3696824301732704,670,0
66_-137,2026-09-20,5,Nova Scotia,66.5,-136.5,5.4,94.0,7.8,1.4,0.0019140886966854348,0.0012195122,0.0,0.00196078431372549,0.6219512200914323,591,0
66_-137,2026-09-21,6,Nova Scotia,66.5,-136.5,-0.3,82.0,13.7,5.199999999999999,0.0004120594949435565,0.0007248675,0.0,0.00196078431372549,0.3696824301732704,682,0
66_-137,2026-09-22,7,Nova Scotia,66.5,-136.5,2.0,92.0,5.8,0.9,0.0009097133782769565,0.0015167142,0.0,0.00196078431372549,0.7735242554917932,603,0
66_-138,2026-09-15,0,Nova Scotia,66.5,-137.5,3.433811961986431,71.90385360836301,5.888148363772618,1.3036297157513348,0.37086141035877646,0.0007248675,0.0,0.0,,690,0
66_-138,2026-09-16,1,Nova Scotia,66.5,-137.5,8.4,91.0,13.1,2.7,0.02774656744738782,0.0007248675,0.0,0.0,,686,0
66_-138,2026-09-17,2,Nova Scotia,66.5,-137.5,7.1,79.0,18.1,1.2,0.19147984009229843,0.0007248675,0.0,0.0,,687,0
66_-138,2026-09-18,3,Nova Scotia,66.5,-137.5,10.1,60.0,9.4,0.4,0.3962424636394708,0.0007248675,0.0,0.0,,655,0
66_-138,2026-09-19,4,Nova Scotia,66.5,-137.5,7.3,92.0,9.6,2.6,0.05556007153657201,0.00038029242,0.0,0.0,,738,0
66_-138,2026-09-20,5,Nova Scotia,66.5,-137.5,6.2,94.0,7.8,1.6,0.016941746551027224,0.00038029242,0.0,0.0,,742,0
66_-138,2026-09-21,6,Nova Scotia,66.5,-137.5,2.8,95.0,9.6,2.4,0.001247165429137467,0.00038029242,0.0,0.0,,744,0
66_-138,2026-09-22,7,Nova Scotia,66.5,-137.5,6.2,84.0,9.7,0.8,0.01837400498480819,0.00038029242,0.0,0.0,,746,0
66_-139,2026-09-15,0,Nova Scotia,66.5,-138.5,3.5445058256127036,72.4058057101921,5.624722318918359,1.2735780062416724,0.5247522940363601,0.0007248675,0.0,0.0,,691,0
66_-139,2026-09-16,1,Nova Scotia,66.5,-138.5,9.6,88.0,11.2,1.4000000000000001,0.30606835486109046,0.0007248675,0.0,0.0,,687,0
66_-139,2026-09-17,2,Nova Scotia,66.5,-138.5,8.2,75.0,14.7,0.4,0.6266638447826413,0.0007248675,0.0,0.0,,688,0
66_-139,2026-09-18,3,Nova Scotia,66.5,-138.5,8.8,70.0,4.0,0.1,0.4856615732327721,0.0007248675,0.0,0.0,,656,0
66_-139,2026-09-19,4,Nova Scotia,66.5,-138.5,6.1,97.0,2.1,2.9,0.0218069294118607,0.00038029242,0.0,0.0,,739,0
66_-139,2026-09-20,5,Nova Scotia,66.5,-138.5,3.3,100.0,4.0,1.9000000000000001,0.0012528441995788965,0.00038029242,0.0,0.0,,743,0
66_-139,2026-09-21,6,Nova Scotia,66.5,-138.5,3.6,95.0,6.5,6.1,2.712492415580644e-06,0.00038029242,0.0,0.0,,745,0
66_-139,2026-09-22,7,Nova Scotia,66.5,-138.5,6.6,83.0,8.1,0.6000000000000001,0.0008958926147225143,0.00038029242,0.0,0.0,,747,0
66_-141,2026-09-15,0,Nova Scotia,66.5,-140.5,3.730674175059323,71.1533708752966,5.723314562351692,0.0,0.8,0.00038029242,0.0,0.0,,750,0
66_-141,2026-09-16,1,Nova Scotia,66.5,-140.5,6.5,100.0,10.8,2.2,0.1267730505739777,0.00038029242,0.0,0.0,,748,0
66_-141,2026-09-17,2,Nova Scotia,66.5,-140.5,4.6,100.0,14.1,8.600000000000001,2.3489569266483373e-06,0.00038029242,0.0,0.0,,749,0
66_-141,2026-09-18,3,Nova Scotia,66.5,-140.5,8.8,69.0,5.9,6.9,0.0004649048277128291,0.00038029242,0.0,0.0,,731,0
66_-141,2026-09-19,4,Nova Scotia,66.5,-140.5,6.0,98.0,3.1,2.4,1.813347372156389e-05,0.00038029242,0.0,0.0,,740,0
66_-141,2026-09-20,5,Nova Scotia,66.5,-140.5,5.9,88.0,6.3,1.5,0.0002941504178775521,0.00038029242,0.0,0.0,,744,0
66_-141,2026-09-21,6,Nova Scotia,66.5,-140.5,4.5,86.0,8.4,4.1000000000000005,0.0001703628427887065,0.00038029242,0.0,0.0,,746,0
66_-141,2026-09-22,7,Nova Scotia,66.5,-140.5,3.2,94.0,5.9,2.1,6.53746852598999e-05,0.00038029242,0.0,0.0,,748,0
67_-126,2026-09-15,0,Northwest Territories,67.5,-125.5,3.2033475131435387,71.77519001696223,11.82815653585264,0.19399729628203521,0.5977825515405181,0.0007248675,0.0,0.00196078431372549,0.3696824301732704,692,0
67_-126,2026-09-16,1,Northwest Territories,67.5,-125.5,3.8,73.0,12.7,0.2,0.8357984066410569,0.0007248675,0.0,0.00196078431372549,0.3696824301732704,688,0
67_-126,2026-09-17,2,Northwest Territories,67.5,-125.5,5.6,96.0,11.0,0.5,0.7780074192106092,0.0007248675,0.0,0.00196078431372549,0.3696824301732704,689,0
67_-126,2026-09-18,3,Northwest Territories,67.5,-125.5,5.3,95.0,12.3,0.9,0.6879089794823582,0.0007248675,0.0,0.00196078431372549,0.3696824301732704,657,0
67_-126,2026-09-19,4,Northwest Territories,67.5,-125.5,7.0,87.0,10.9,0.0,0.7405865023299228,0.0007248675,0.0,0.00196078431372549,0.3696824301732704,671,0
67_-126,2026-09-20,5,Northwest Territories,67.5,-125.5,7.6,88.0,9.1,0.5,0.7443097283543963,0.0007248675,0.0,0.00196078431372549,0.3696824301732704,669,0
67_-126,2026-09-21,6,Northwest Territories,67.5,-125.5,4.5,95.0,12.1,0.30000000000000004,0.8788168916571069,0.0007248675,0.0,0.00196078431372549,0.3696824301732704,683,0
67_-126,2026-09-22,7,Northwest Territories,67.5,-125.5,4.5,87.0,9.4,0.6000000000000001,0.7787415214188297,0.0007248675,0.0,0.00196078431372549,0.3696824301732704,677,0
67_-128,2026-09-15,0,Yukon,67.5,-127.5,3.606334653680904,72.88687762100967,10.839894924734049,0.18846783478849627,0.5288746704771754,0.0,0.0,0.0,,763,0
67_-128,2026-09-16,1,Yukon,67.5,-127.5,3.7,73.0,12.9,0.1,0.8876730285549299,0.0,0.0,0.0,,763,0
67_-128,2026-09-17,2,Yukon,67.5,-127.5,4.8,100.0,9.2,2.0,0.11058387489212705,0.0,0.0,0.0,,763,0
67_-128,2026-09-18,3,Yukon,67.5,-127.5,5.6,93.0,10.4,0.6,0.2019157261240392,0.0,0.0,0.0,,760,0
67_-128,2026-09-19,4,Yukon,67.5,-127.5,7.4,83.0,11.3,0.0,0.5170766406156407,0.0,0.0,0.0,,760,0
67_-128,2026-09-20,5,Yukon,67.5,-127.5,7.0,92.0,13.3,0.1,0.6953173171462993,0.0,0.0,0.0,,760,0
67_-128,2026-09-21,6,Yukon,67.5,-127.5,2.1,91.0,11.3,0.6000000000000001,0.661013654358034,0.0,0.0,0.0,,760,0
67_-128,2026-09-22,7,Yukon,67.5,-127.5,4.4,96.0,6.6,0.8999999999999999,0.4080937935312788,0.0,0.0,0.0,,760,0
67_-129,2026-09-15,0,Yukon,67.5,-128.5,4.243670827900553,73.71338309705195,9.574886709974011,0.1939683908927866,0.4611388038084375,0.0,0.0,0.0,,764,0
67_-129,2026-09-16,1,Yukon,67.5,-128.5,3.9,70.0,10.6,0.0,0.8491174801521311,0.0,0.0,0.0,,764,0
67_-129,2026-09-17,2,Yukon,67.5,-128.5,5.9,99.0,9.4,1.6,0.2464305135874096,0.00038029242,0.0,0.0,,750,0
67_-129,2026-09-18,3,Yukon,67.5,-128.5,6.9,84.0,9.0,0.29999999999999993,0.5318128930797699,0.0,0.0,0.0,,761,0
67_-129,2026-09-19,4,Yukon,67.5,-128.5,7.7,77.0,5.2,0.0,0.638434191106497,0.0,0.0,0.0,,761,0
67_-129,2026-09-20,5,Yukon,67.5,-128.5,8.1,85.0,8.8,0.39999999999999997,0.8806475864496568,0.0,0.0,0.0,,761,0
67_-129,2026-09-21,6,Yukon,67.5,-128.5,2.1,82.0,10.5,0.6000000000000001,1.0750372655667204,0.0,0.0,0.0,,761,0
67_-129,2026-09-22,7,Yukon,67.5,-128.5,4.5,93.0,6.2,1.5,0.43776173681535724,0.0,0.0,0.0,,761,0
67_-130,2026-09-15,0,Yukon,67.5,-129.5,4.853558231746482,73.0402368975449,8.403522845961144,0.27926095051863914,0.4738106304736342,0.0,0.0,0.0,,765,0
67_-130,2026-09-16,1,Yukon,67.5,-129.5,3.6,74.0,8.5,0.1,0.7816428803434593,0.0,0.0,0.0,,765,0
67_-130,2026-09-17,2,Yukon,67.5,-129.5,6.4,99.0,8.0,2.4,0.04927254079405875,0.0,0.0,0.0,,764,0
67_-130,2026-09-18,3,Yukon,67.5,-129.5,7.7,84.0,7.1,0.2,0.23605601090095552,0.0,0.0,0.0,,762,0
67_-130,2026-09-19,4,Yukon,67.5,-129.5,6.9,82.0,3.6,0.0,0.3945454242468537,0.0,0.0,0.0,,762,0
67_-130,2026-09-20,5,Yukon,67.5,-129.5,6.7,92.0,5.4,0.30000000000000004,0.5195673051507088,0.0,0.0,0.0,,762,0
67_-130,2026-09-21,6,Yukon,67.5,-129.5,2.3,81.0,7.7,2.4000000000000004,0.1535948284227962,0.0,0.0,0.0,,762,0
67_-130,2026-09-22,7,Yukon,67.5,-129.5,5.0,80.0,2.5,0.9,0.19139464515722784,0.0,0.0,0.0,,762,0
67_-131,2026-09-15,0,Yukon,67.5,-130.5,4.803078597532889,74.09847037155082,7.265508177689247,0.3641412920470329,0.4663902655007031,0.0,0.0,0.0,,766,0
67_-131,2026-09-16,1,Yukon,67.5,-130.5,2.9,90.0,15.9,0.6000000000000001,0.8898915826549849,0.0,0.0,0.0,,766,0
67_-131,2026-09-17,2,Yukon,67.5,-130.5,5.6,98.0,7.4,3.2,0.007866971039258352,0.0,0.0,0.0,,765,0
67_-131,2026-09-18,3,Yukon,67.5,-130.5,6.1,91.0,8.0,0.8,0.030352756793187413,0.0,0.0,0.0,,763,0
67_-131,2026-09-19,4,Yukon,67.5,-130.5,5.8,85.0,8.4,0.0,0.17740794967912432,0.0,0.0,0.0,,763,0
67_-131,2026-09-20,5,Yukon,67.5,-130.5,7.1,83.0,10.6,0.2,0.5376260465100265,0.0,0.0,0.0,,763,0
67_-131,2026-09-21,6,Yukon,67.5,-130.5,1.9,82.0,8.8,3.0,0.06440767378337843,0.0,0.0,0.0,,763,0
67_-131,2026-09-22,7,Yukon,67.5,-130.5,4.3,84.0,6.4,0.30000000000000004,0.1949389262874213,0.0,0.0,0.0,,763,0
67_-132,2026-09-15,0,Yukon,67.5,-131.5,4.444949006883964,75.85331435595117,6.476460918986995,0.3954270073569384,0.45078419799130304,0.00038029242,0.0,0.0,,751,0
67_-132,2026-09-16,1,Yukon,67.5,-131.5,4.3,96.0,5.9,1.7,0.08159824517700939,0.00038029242,0.0,0.0,,749,0
67_-132,2026-09-17,2,Yukon,67.5,-131.5,7.0,98.0,8.5,3.5999999999999996,0.00046024596694969595,0.00038029242,0.0,0.0,,751,0
67_-132,2026-09-18,3,Yukon,67.5,-131.5,7.4,89.0,4.7,2.4,0.0005061450469933357,0.0,0.0,0.0,,764,0
67_-132,2026-09-19,4,Yukon,67.5,-131.5,7.4,78.0,7.0,0.0,0.03814690466742291,0.0,0.0,0.0,,764,0
67_-132,2026-09-20,5,Yukon,67.5,-131.5,6.2,96.0,10.8,0.30000000000000004,0.08560636240099431,0.0,0.0,0.0,,764,0
67_-132,2026-09-21,6,Yukon,67.5,-131.5,3.5,76.0,7.6,2.7,0.033192609067584734,0.0,0.0,0.0,,764,0
67_-132,2026-09-22,7,Yukon,67.5,-131.5,5.5,88.0,7.9,0.0,0.12015477232201494,0.0,0.0,0.0,,764,0
67_-133,2026-09-15,0,Northwest Territories,67.5,-132.5,3.755262900281756,79.35509871669271,4.223551669843531,2.1367445757948436,0.24479190020684835,0.00038029242,0.0,0.0,,752,0
67_-133,2026-09-16,1,Northwest Territories,67.5,-132.5,3.1,98.0,13.3,2.1,0.006624077279196221,0.00038029242,0.0,0.0,,750,0
67_-133,2026-09-17,2,Northwest Territories,67.5,-132.5,4.9,99.0,9.0,3.5,2.4619747286255634e-05,0.00038029242,0.0,0.0,,752,0
67_-133,2026-09-18,3,Northwest Territories,67.5,-132.5,6.7,94.0,6.1,2.0,3.222012626391392e-05,0.0,0.0,0.0,,765,0
67_-133,2026-09-19,4,Northwest Territories,67.5,-132.5,6.3,81.0,8.3,0.1,0.005941905190662367,0.0,0.0,0.0,,765,0
67_-133,2026-09-20,5,Northwest Territories,67.5,-132.5,6.7,92.0,9.7,0.5,0.030564099658069107,0.0,0.0,0.0,,765,0
67_-133,2026-09-21,6,Northwest Territories,67.5,-132.5,1.4,80.0,9.6,3.6,0.0045977028148620645,0.0,0.0,0.0,,765,0
67_-133,2026-09-22,7,Northwest Territories,67.5,-132.5,3.9,90.0,9.6,0.0,0.024814137052529658,0.0,0.0,0.0,,765,0
67_-134,2026-09-15,0,Yukon,67.5,-133.5,3.39509924116331,80.2512247648075,3.6137088627367597,3.513136862608201,0.0,0.00038029242,0.0,0.0,,753,0
67_-134,2026-09-16,1,Yukon,67.5,-133.5,4.7,98.0,9.6,1.8,0.00041781393651328343,0.00038029242,0.0,0.0,,751,0
67_-134,2026-09-17,2,Yukon,67.5,-133.5,5.0,97.0,7.9,1.8,9.331656990183487e-05,0.0,0.0,0.0,,766,0
67_-134,2026-09-18,3,Yukon,67.5,-133.5,7.9,92.0,5.8,0.6000000000000001,0.0009122426014870529,0.0,0.0,0.0,,766,0
67_-134,2026-09-19,4,Yukon,67.5,-133.5,6.8,90.0,4.0,0.30000000000000004,0.005657228759902961,0.0,0.0,0.0,,766,0
67_-134,2026-09-20,5,Yukon,67.5,-133.5,7.4,91.0,3.3,0.6,0.015966066890665587,0.0,0.0,0.0,,766,0
67_-134,2026-09-21,6,Yukon,67.5,-133.5,2.5,79.0,11.0,2.7,0.012846990021240786,0.0,0.0,0.0,,766,0
67_-134,2026-09-22,7,Yukon,67.5,-133.5,4.5,86.0,9.7,0.0,0.06020284365006933,0.0,0.0,0.0,,766,0
67_-135,2026-09-15,0,Northwest Territories,67.5,-134.5,3.4554487613051443,80.81228394567655,3.504463674518401,5.513902451368326,0.0,0.0020446682,0.0,0.00392156862745098,0.5213903880212456,562,0
67_-135,2026-09-16,1,Northwest Territories,67.5,-134.5,5.3,98.0,10.1,1.0,0.00234520642126357,0.0020446682,0.00010140445,0.00392156862745098,0.5213903880212456,547,0
67_-135,2026-09-17,2,Northwest Territories,67.5,-134.5,5.1,92.0,5.8,0.6000000000000001,0.007598461591620718,0.0020446682,6.621838e-05,0.00392156862745098,0.5213903880212456,539,0
67_-135,2026-09-18,3,Northwest Territories,67.5,-134.5,9.3,78.0,7.6,0.1,0.10946299959194779,0.003292181,0.00010140445,0.00392156862745098,0.8395061711780727,457,0
67_-135,2026-09-19,4,Northwest Territories,67.5,-134.5,5.2,99.0,6.7,0.5,0.11144528913514436,0.0020446682,0.0,0.00392156862745098,0.5213903880212456,530,0
67_-135,2026-09-20,5,Northwest Territories,67.5,-134.5,6.0,96.0,3.8,1.0,0.06113199663029241,0.0020446682,2.8494407e-05,0.00392156862745098,0.5213903880212456,536,0
67_-135,2026-09-21,6,Northwest Territories,67.5,-134.5,2.1,82.0,9.8,4.8,0.002709447572730913,0.0015167142,0.0,0.00392156862745098,0.3867621277458966,596,0
67_-135,2026-09-22,7,Northwest Territories,67.5,-134.5,4.2,86.0,11.3,0.30000000000000004,0.031562749354800704,0.0015167142,0.0,0.00392156862745098,0.3867621277458966,604,0
67_-136,2026-09-15,0,Northwest Territories,67.5,-135.5,3.4229615971162697,78.66628322962194,4.0987137119337556,4.383917477095312,0.0,0.0015167142,0.0,0.00392156862745098,0.3867621277458966,615,0
67_-136,2026-09-16,1,Northwest Territories,67.5,-135.5,5.9,83.0,3.5,0.0,0.022243939697633174,0.0020446682,0.0,0.00392156862745098,0.5213903880212456,548,0
67_-136,2026-09-17,2,Northwest Territories,67.5,-135.5,3.3,99.0,8.5,0.5,0.03267901911558856,0.0015167142,0.0,0.00392156862745098,0.3867621277458966,598,0
67_-136,2026-09-18,3,Northwest Territories,67.5,-135.5,7.6,76.0,14.6,0.0,0.29365750721133,0.0020446682,0.0,0.00392156862745098,0.5213903880212456,534,0
67_-136,2026-09-19,4,Northwest Territories,67.5,-135.5,4.1,95.0,7.7,1.0,0.14636419647099536,0.0015167142,0.0,0.00392156862745098,0.3867621277458966,585,0
67_-136,2026-09-20,5,Northwest Territories,67.5,-135.5,6.3,85.0,6.0,0.9000000000000001,0.17208388239268843,0.0015167142,0.0,0.00392156862745098,0.3867621277458966,587,0
67_-136,2026-09-21,6,Northwest Territories,67.5,-135.5,-0.8,90.0,7.1,8.4,8.873779199417208e-05,0.0015167142,0.0,0.00392156862745098,0.3867621277458966,597,0
67_-136,2026-09-22,7,Northwest Territories,67.5,-135.5,3.8,85.0,6.4,0.0,0.002714765077645147,0.0015167142,0.0,0.00392156862745098,0.3867621277458966,605,0
67_-137,2026-09-15,0,Nova Scotia,67.5,-136.5,3.3996647902404025,73.94473148760379,5.312199173113517,2.1418777828644497,0.18843561909642356,0.00038029242,0.0,0.0,,754,0
67_-137,2026-09-16,1,Nova Scotia,67.5,-136.5,0.7,100.0,11.4,0.8,0.02538738156648691,0.00038029242,0.0,0.0,,752,0
67_-137,2026-09-17,2,Nova Scotia,67.5,-136.5,0.1,100.0,12.4,12.7,7.956878891871356e-08,0.00038029242,0.0,0.0,,753,0
67_-137,2026-09-18,3,Nova Scotia,67.5,-136.5,0.4,100.0,13.3,9.9,1.3916258886994415e-09,0.00038029242,0.0,0.0,,732,0
67_-137,2026-09-19,4,Nova Scotia,67.5,-136.5,1.0,97.0,5.8,1.4,3.613437558725963e-09,0.00038029242,0.0,0.0,,741,0
67_-137,2026-09-20,5,Nova Scotia,67.5,-136.5,4.3,86.0,7.7,0.8,3.382617817100406e-06,0.00038029242,0.0,0.0,,745,0
67_-137,2026-09-21,6,Nova Scotia,67.5,-136.5,-3.8,97.0,4.6,12.5,8.10655503353947e-09,0.00038029242,0.0,0.0,,747,0
67_-137,2026-09-22,7,Nova Scotia,67.5,-136.5,-1.7,98.0,10.5,0.9,2.1428418928282762e-08,0.00038029242,0.0,0.0,,749,0
67_-138,2026-09-15,0,Nova Scotia,67.5,-137.5,3.4946027360975336,73.18774762104879,5.392611004126128,1.4212640822511668,0.47360621609648224,0.0007248675,0.0,0.00196078431372549,0.3696824301732704,693,0
67_-138,2026-09-16,1,Nova Scotia,67.5,-137.5,4.5,95.0,4.4,0.4,0.2545290606212334,0.0015167142,0.0,0.00196078431372549,0.7735242554917932,606,0
67_-138,2026-09-17,2,Nova Scotia,67.5,-137.5,4.3,97.0,13.6,5.0,0.0008097827642461636,0.0015167142,0.0,0.00196078431372549,0.7735242554917932,599,0
67_-138,2026-09-18,3,Nova Scotia,67.5,-137.5,5.8,85.0,6.7,6.4,5.916403490617192e-05,0.0007248675,0.0,0.00196078431372549,0.3696824301732704,658,0
67_-138,2026-09-19,4,Nova Scotia,67.5,-137.5,5.3,97.0,7.1,1.1,7.616252482226725e-05,0.0007248675,0.0,0.00196078431372549,0.3696824301732704,672,0
67_-138,2026-09-20,5,Nova Scotia,67.5,-137.5,7.5,80.0,9.5,0.5,0.012031909061802673,0.0007248675,0.0,0.00196078431372549,0.3696824301732704,670,0
67_-138,2026-09-21,6,Nova Scotia,67.5,-137.5,1.2,77.0,8.7,12.2,0.00010905469226207974,0.0007248675,0.0,0.00196078431372549,0.3696824301732704,684,0
67_-138,2026-09-22,7,Nova Scotia,67.5,-137.5,2.1,91.0,5.5,1.2,0.000324771038775393,0.0007248675,0.0,0.00196078431372549,0.3696824301732704,678,0
67_-139,2026-09-15,0,Nova Scotia,67.5,-138.5,3.3960165810284217,73.7793872303711,5.102531888495619,0.5996213150714634,0.7112761773280966,0.00038029242,0.0,0.0,,755,0
67_-139,2026-09-16,1,Nova Scotia,67.5,-138.5,7.6,93.0,17.1,0.30000000000000004,0.9106547895099127,0.00038029242,0.0,0.0,,753,0
67_-139,2026-09-17,2,Nova Scotia,67.5,-138.5,7.1,84.0,16.7,1.0,0.7593321920669371,0.00038029242,0.0,0.0,,754,0
67_-139,2026-09-18,3,Nova Scotia,67.5,-138.5,8.9,69.0,7.1,2.6,0.22474927693277708,0.00038029242,0.0,0.0,,733,0
67_-139,2026-09-19,4,Nova Scotia,67.5,-138.5,6.4,96.0,5.8,1.0,0.14025908030636053,0.00038029242,0.0,0.0,,742,0
67_-139,2026-09-20,5,Nova Scotia,67.5,-138.5,5.6,92.0,2.7,1.0,0.0934547209419979,0.00038029242,0.0,0.0,,746,0
67_-139,2026-09-21,6,Nova Scotia,67.5,-138.5,2.6,82.0,5.7,12.3,0.000110645145490473,0.00038029242,0.0,0.0,,748,0
67_-139,2026-09-22,7,Nova Scotia,67.5,-138.5,4.5,87.0,11.6,0.6000000000000001,0.005222492114117413,0.00038029242,0.0,0.0,,750,0
67_-140,2026-09-15,0,Nova Scotia,67.5,-139.5,3.8390521168831473,72.11907944851923,5.3752877001291655,0.0015610809128316137,0.7963726054070522,0.0015167142,0.0,0.00196078431372549,0.7735242554917932,616,0
67_-140,2026-09-16,1,Nova Scotia,67.5,-139.5,7.5,85.0,16.9,0.1,2.198631595887646,0.0015167142,0.0,0.00196078431372549,0.7735242554917932,607,0
67_-140,2026-09-17,2,Nova Scotia,67.5,-139.5,7.2,82.0,18.2,1.0999999999999999,0.9265817377491267,0.0015167142,0.0,0.00196078431372549,0.7735242554917932,600,0
67_-140,2026-09-18,3,Nova Scotia,67.5,-139.5,8.5,72.0,5.3,3.7,0.0945258491935871,0.0015167142,0.0,0.00196078431372549,0.7735242554917932,573,0
67_-140,2026-09-19,4,Nova Scotia,67.5,-139.5,5.5,99.0,6.2,0.7,0.07913546431239961,0.0007248675,0.0,0.00196078431372549,0.3696824301732704,673,0
67_-140,2026-09-20,5,Nova Scotia,67.5,-139.5,5.3,92.0,9.7,0.9,0.11306882367835862,0.0007248675,0.0,0.00196078431372549,0.3696824301732704,671,0
67_-140,2026-09-21,6,Nova Scotia,67.5,-139.5,1.3,78.0,7.1,4.2,0.005368393927725199,0.0007248675,0.0,0.00196078431372549,0.3696824301732704,685,0
67_-140,2026-09-22,7,Nova Scotia,67.5,-139.5,4.0,85.0,13.4,0.9,0.047012101668997955,0.0007248675,0.0,0.00196078431372549,0.3696824301732704,679,0
67_-141,2026-09-15,0,Nova Scotia,67.5,-140.5,3.6893735891442008,72.50865844018459,5.508564848430393,0.005680465032352446,0.7877529760054187,0.0006170935,0.0,0.0,,701,0
67_-141,2026-09-16,1,Nova Scotia,67.5,-140.5,4.9,94.0,13.2,0.30000000000000004,0.8748965189483477,0.00038029242,0.0,0.0,,754,0
67_-141,2026-09-17,2,Nova Scotia,67.5,-140.5,5.3,90.0,18.7,1.9,0.44592979016077233,0.00038029242,0.0,0.0,,755,0
67_-141,2026-09-18,3,Nova Scotia,67.5,-140.5,6.3,83.0,10.1,2.2,0.10931792448446946,0.00038029242,0.0,0.0,,734,0
67_-141,2026-09-19,4,Nova Scotia,67.5,-140.5,4.9,91.0,6.8,0.5,0.15510949906841648,0.00038029242,0.0,0.0,,743,0
67_-141,2026-09-20,5,Nova Scotia,67.5,-140.5,4.5,94.0,10.5,2.8000000000000003,0.008804344631275624,0.00038029242,0.0,0.0,,747,0
67_-141,2026-09-21,6,Nova Scotia,67.5,-140.5,-0.3,80.0,10.9,0.9000000000000001,0.04396701214676256,0.00038029242,0.0,0.0,,749,0
67_-141,2026-09-22,7,Nova Scotia,67.5,-140.5,1.6,94.0,10.7,0.6000000000000001,0.0667585345090409,0.00038029242,0.0,0.0,,751,0
68_-130,2026-09-15,0,Yukon,68.5,-129.5,2.6666590947516404,78.4811157791403,6.305298103549226,0.44570194772240035,0.5,0.0,0.0,0.0,,767,0
68_-130,2026-09-16,1,Yukon,68.5,-129.5,3.3,69.0,14.4,0.0,1.6856251279920647,0.0,0.0,0.0,,767,0
68_-130,2026-09-17,2,Yukon,68.5,-129.5,3.3,93.0,15.5,1.6,0.5945674959504215,0.0,0.0,0.0,,767,0
68_-130,2026-09-18,3,Yukon,68.5,-129.5,4.6,96.0,4.2,0.9000000000000001,0.24138196265462109,0.0,0.0,0.0,,767,0
68_-130,2026-09-19,4,Yukon,68.5,-129.5,5.9,88.0,7.2,0.0,0.49897667271922375,0.0,0.0,0.0,,767,0
68_-130,2026-09-20,5,Yukon,68.5,-129.5,5.6,93.0,9.5,0.2,0.6910968264289356,0.0,0.0,0.0,,767,0
68_-130,2026-09-21,6,Yukon,68.5,-129.5,0.9,85.0,15.0,8.4,0.003591402373664203,0.0,0.0,0.0,,767,0
68_-130,2026-09-22,7,Yukon,68.5,-129.5,2.5,90.0,9.1,0.0,0.01998482548249854,0.0,0.0,0.0,,767,0
68_-131,2026-09-15,0,Northwest Territories,68.5,-130.5,2.389733856976771,80.22908110445377,4.94392890291916,0.4686769443224135,,0.0,0.0,0.0,,768,0
68_-131,2026-09-16,1,Northwest Territories,68.5,-130.5,3.9,66.0,9.8,0.0,0.22390950098858287,0.0,0.0,0.0,,768,0
68_-131,2026-09-17,2,Northwest Territories,68.5,-130.5,3.2,91.0,13.6,1.5999999999999999,0.11735300889290357,0.0,0.0,0.0,,768,0
68_-131,2026-09-18,3,Northwest Territories,68.5,-130.5,5.7,96.0,6.9,1.4,0.030802099104186152,0.0,0.0,0.0,,768,0
68_-131,2026-09-19,4,Northwest Territories,68.5,-130.5,4.8,92.0,8.7,0.0,0.07741463654874862,0.0,0.0,0.0,,768,0
68_-131,2026-09-20,5,Northwest Territories,68.5,-130.5,5.5,93.0,9.6,0.0999999999999999,0.13694546927489562,0.0,0.0,0.0,,768,0
68_-131,2026-09-21,6,Northwest Territories,68.5,-130.5,0.7,88.0,13.3,10.5,0.0001350110891714804,0.0,0.0,0.0,,768,0
68_-131,2026-09-22,7,Northwest Territories,68.5,-130.5,2.6,86.0,6.7,0.0,0.0022528829761903914,0.0,0.0,0.0,,768,0
68_-132,2026-09-15,0,Northwest Territories,68.5,-131.5,2.9593491984130256,81.13484216469948,5.358109375300222,0.3600990568754816,0.9,0.0,0.0,0.0,,769,0
68_-132,2026-09-16,1,Northwest Territories,68.5,-131.5,3.7,78.0,17.2,0.2,1.152612166311203,0.0,0.0,0.0,,769,0
68_-132,2026-09-17,2,Northwest Territories,68.5,-131.5,2.2,96.0,14.3,1.8,0.251909719134416,0.0,0.0,0.0,,769,0
68_-132,2026-09-18,3,Northwest Territories,68.5,-131.5,5.5,97.0,8.7,1.2,0.0919812117494525,0.0,0.0,0.0,,769,0
68_-132,2026-09-19,4,Northwest Territories,68.5,-131.5,5.0,91.0,10.8,0.5,0.18832727962988766,0.0,0.0,0.0,,769,0
68_-132,2026-09-20,5,Northwest Territories,68.5,-131.5,5.2,97.0,9.8,0.1,0.20571573473007312,0.0,0.0,0.0,,769,0
68_-132,2026-09-21,6,Northwest Territories,68.5,-131.5,0.0,91.0,14.3,14.1,3.9148015218213075e-05,0.0,0.0,0.0,,769,0
68_-132,2026-09-22,7,Northwest Territories,68.5,-131.5,3.0,86.0,12.4,0.0,0.0024600768050677324,0.0,0.0,0.0,,769,0
68_-133,2026-09-15,0,Northwest Territories,68.5,-132.5,3.103393306001555,80.88335415029327,4.324734266824259,0.397123493521387,0.9,0.0,0.0,0.0,,770,0
68_-133,2026-09-16,1,Northwest Territories,68.5,-132.5,3.7,91.0,21.0,1.5,0.5930517821962303,0.0,0.0,0.0,,770,0
68_-133,2026-09-17,2,Northwest Territories,68.5,-132.5,2.6,93.0,14.3,0.9000000000000001,0.36421166281837564,0.0,0.0,0.0,,770,0
68_-133,2026-09-18,3,Northwest Territories,68.5,-132.5,6.4,97.0,8.5,1.0,0.17976797508918987,0.0,0.0,0.0,,770,0
68_-133,2026-09-19,4,Northwest Territories,68.5,-132.5,6.7,84.0,13.7,0.30000000000000016,0.4281191624810322,0.0,0.0,0.0,,770,0
68_-133,2026-09-20,5,Northwest Territories,68.5,-132.5,6.1,93.0,5.2,0.0,0.3070136674552145,0.0,0.0,0.0,,770,0
68_-133,2026-09-21,6,Northwest Territories,68.5,-132.5,0.4,90.0,15.8,12.6,0.00022264732287481472,0.0,0.0,0.0,,770,0
68_-133,2026-09-22,7,Northwest Territories,68.5,-132.5,4.0,84.0,16.8,0.0,0.016916143498740457,0.0,0.0,0.0,,770,0
68_-134,2026-09-15,0,Northwest Territories,68.5,-133.5,3.1905102236425793,80.6441611417409,3.6718761682216012,0.4606394320595479,0.9000000000000001,0.0007248675,0.0,0.0,,694,0
68_-134,2026-09-16,1,Northwest Territories,68.5,-133.5,4.0,95.0,15.2,0.9,0.5613788163297604,0.0007248675,0.0,0.0,,689,0
68_-134,2026-09-17,2,Northwest Territories,68.5,-133.5,2.6,92.0,11.5,0.30000000000000004,0.4860221224052488,0.0007248675,0.0,0.0,,690,0
68_-134,2026-09-18,3,Northwest Territories,68.5,-133.5,5.3,98.0,8.4,0.30000000000000004,0.418086371992433,0.00038029242,0.0,0.0,,735,0
68_-134,2026-09-19,4,Northwest Territories,68.5,-133.5,5.9,89.0,14.3,0.0,0.6143561180345342,0.00038029242,0.0,0.0,,744,0
68_-134,2026-09-20,5,Northwest Territories,68.5,-133.5,5.6,95.0,6.6,0.0,0.42280875122661254,0.00038029242,0.0,0.0,,748,0
68_-134,2026-09-21,6,Northwest Territories,68.5,-133.5,-0.3,91.0,13.5,13.8,0.00015571940122374687,0.00038029242,0.0,0.0,,750,0
68_-134,2026-09-22,7,Northwest Territories,68.5,-133.5,3.3,89.0,16.0,0.0,0.0055411198059467,0.00038029242,0.0,0.0,,752,0
68_-136,2026-09-15,0,Yukon,68.5,-135.5,3.2303898685379666,80.75347492397047,3.5233792033491835,1.103947251552643,0.0,0.0,0.0,0.0,,771,0
68_-136,2026-09-16,1,Yukon,68.5,-135.5,5.4,92.0,6.8,0.5,0.012742071727527502,0.0,0.0,0.0,,771,0
68_-136,2026-09-17,2,Yukon,68.5,-135.5,3.5,85.0,11.7,0.2,0.09175014847638868,0.0,0.0,0.0,,771,0
68_-136,2026-09-18,3,Yukon,68.5,-135.5,5.7,97.0,8.8,0.6000000000000001,0.08903822565543354,0.0,0.0,0.0,,771,0
68_-136,2026-09-19,4,Yukon,68.5,-135.5,4.7,99.0,10.9,0.1,0.10774221174605335,0.0,0.0,0.0,,771,0
68_-136,2026-09-20,5,Yukon,68.5,-135.5,4.5,97.0,16.7,0.30000000000000004,0.18513928937408622,0.0,0.0,0.0,,771,0
68_-136,2026-09-21,6,Yukon,68.5,-135.5,0.4,85.0,11.6,9.6,0.00023894912272826556,0.0,0.0,0.0,,771,0
68_-136,2026-09-22,7,Yukon,68.5,-135.5,3.4,88.0,7.5,0.0,0.003134486698532727,0.0,0.0,0.0,,771,0
